failed_login_count,unique_source_ips,request_count,connection_count,bytes_transferred,destination_count,login_success_after_failures,event_frequency_per_min,unusual_time_indicator,privileged_command_flag,high_risk_port_flag,internal_to_external_flag,attack_type
1,1,14,3,3104.041529736407,2,0.0,4.127119755207346,0,0.0,0.0,0.0,Normal
0,1,56,37,17298558.31254892,1,0.0,30.964338590669772,1,0.0,0.0,1.0,Data Exfiltration
1,1,2,8,2138.655992487893,3,0.0,3.3591794540088546,0,0.0,0.0,0.0,Normal
2,3,20,22,499011.2226926591,9,0.0,40.88678154453016,1,1.0,1.0,0.0,Lateral Movement
22,3,38,51,2665.0227055292717,1,1.0,34.27027273740452,0,0.0,0.0,0.0,Brute Force
0,1,3,8,4135.004522759346,2,0.0,4.099971754786284,0,0.0,0.0,0.0,Normal
0,1,6,4,6672.037855946278,1,0.0,2.7493216593952305,0,0.0,0.0,0.0,Normal
0,1,10,7,8587.801321649653,1,0.0,2.6037678410931346,0,0.0,0.0,0.0,Normal
0,1,12,4,5212.770485730158,3,0.0,1.0021660276861204,0,0.0,0.0,0.0,Normal
0,2,5,7,7335.261787641199,3,0.0,1.377551363410451,0,0.0,0.0,0.0,Normal
0,1,53,12,116177070.71237278,4,0.0,23.76457874314385,1,1.0,1.0,1.0,Data Exfiltration
0,5,32,39,71591.96862494916,7,1.0,15.581379058498179,1,0.0,0.0,0.0,Lateral Movement
0,1,9,1,113.10229420709636,2,0.0,1.9323743499773154,0,0.0,0.0,0.0,Normal
0,1,1,5,10043.69610731746,2,0.0,4.5777009619649425,0,0.0,0.0,0.0,Normal
4,5,58,23,88631.42238802466,9,0.0,53.57357220732815,1,0.0,0.0,0.0,Lateral Movement
0,1,28,16,136269156.59877723,1,1.0,42.4086435166684,1,0.0,0.0,1.0,Data Exfiltration
0,1,7,7,2503.9166234212435,1,0.0,6.221546829921734,0,0.0,0.0,0.0,Normal
1,1,1,9,6058.990613805445,3,0.0,8.607592972181166,1,0.0,0.0,0.0,Normal
0,1,5,5,9324.284979416061,1,0.0,1.4462647347160202,0,0.0,0.0,0.0,Normal
0,1,8,1,3428.907901446152,2,0.0,5.881545678415595,0,0.0,0.0,0.0,Normal
0,1,9,4,2651.3654163413275,1,0.0,3.174618445861459,0,0.0,0.0,0.0,Normal
0,1,5,1,5059.477017748607,3,0.0,7.900052368025386,0,0.0,0.0,0.0,Normal
0,1,51,19,57191055.99584506,2,0.0,33.6658478689798,1,1.0,1.0,1.0,Data Exfiltration
0,1,12,8,8836.167748239393,3,0.0,9.199589763464836,0,0.0,0.0,0.0,Normal
0,1,13,7,9913.506870392459,1,0.0,7.883536573924771,0,0.0,0.0,0.0,Normal
0,1,6,7,14005.782940414634,2,0.0,9.731480180716773,0,0.0,0.0,0.0,Normal
1,3,25,35,442841.75476016576,5,0.0,49.68384019401129,0,1.0,0.0,0.0,Lateral Movement
1,1,20,11,7016.295622489435,2,1.0,19.004816589413146,1,1.0,1.0,1.0,Privilege Escalation
0,1,11,1,630.066289086402,2,0.0,3.920543025580086,0,0.0,0.0,0.0,Normal
0,1,5,4,7493.753205441987,1,0.0,9.69751059458356,0,0.0,0.0,0.0,Normal
0,1,4,4,11631.626188543767,1,0.0,8.741083972576721,0,0.0,0.0,0.0,Normal
0,2,5,4,1870.700488038114,3,0.0,8.30891555395499,1,0.0,0.0,0.0,Normal
5,3,66,28,452355.2426091577,5,0.0,34.72767643395039,0,0.0,1.0,0.0,Lateral Movement
0,1,7,4,12360.464617669291,3,0.0,6.590210056047539,0,0.0,0.0,0.0,Normal
0,1,10,6,6093.5049766917855,2,0.0,6.699944191285747,0,0.0,0.0,0.0,Normal
0,1,5,5,12130.446375784793,3,0.0,2.4758917476298343,0,0.0,0.0,1.0,Normal
0,1,4,8,1148.7747586250134,1,0.0,9.118023395229113,0,0.0,0.0,0.0,Normal
0,1,13,3,7641.563790628731,1,0.0,2.037333061234331,1,0.0,0.0,0.0,Normal
0,1,11,5,13130.695043572554,2,0.0,1.9182690517734133,0,0.0,0.0,0.0,Normal
1,2,48,27,199922.79727924883,4,1.0,26.506733813284534,1,1.0,1.0,0.0,Lateral Movement
1,2,4,6,6132.518577016804,3,0.0,9.559973638743514,1,0.0,0.0,0.0,Normal
0,1,4,9,44.35537657980929,2,0.0,9.47283035351745,0,0.0,0.0,0.0,Normal
27,1,98,51,1285.303508911445,1,0.0,57.94304098055504,0,0.0,1.0,0.0,Brute Force
0,1,2,1,1580.839784674601,2,0.0,6.762346496958043,0,0.0,0.0,1.0,Normal
4,1,13,11,11685.94970322654,2,1.0,27.455389842373624,1,1.0,0.0,1.0,Privilege Escalation
1,1,48,23,69932314.8196849,1,0.0,12.662734576043203,0,0.0,0.0,1.0,Data Exfiltration
0,1,6,4,537.7499371413031,2,0.0,2.6408199123427556,0,0.0,0.0,0.0,Normal
0,1,3,8,9122.586723356491,2,0.0,5.1875071481080655,0,0.0,0.0,0.0,Normal
0,1,8,9,4584.617571862702,2,0.0,8.57445608492654,0,0.0,0.0,0.0,Normal
26,2,44,39,3632.6550072911937,1,1.0,36.145738535377816,1,0.0,0.0,0.0,Brute Force
0,1,14,9,5485.960891508126,3,0.0,4.474279441235973,0,0.0,0.0,0.0,Normal
3,5,27,45,210263.6326923332,5,0.0,44.03595566440761,1,0.0,1.0,0.0,Lateral Movement
0,1,2,4,1699.2656289408778,2,0.0,5.464873957663606,0,0.0,0.0,0.0,Normal
0,1,10,9,10726.859814757181,3,0.0,5.510896762372224,0,0.0,0.0,0.0,Normal
1,1,2,1,5744.5564691120935,2,0.0,3.464385573575987,0,0.0,0.0,0.0,Normal
0,1,8,3,23016.16780687379,3,0.0,8.442951489145003,0,0.0,0.0,0.0,Normal
0,2,2,9,497.3637173245359,3,0.0,8.004391703144009,0,0.0,0.0,0.0,Normal
0,1,11,7,953.1439126611664,2,0.0,9.768697559691685,0,0.0,0.0,0.0,Normal
1,1,10,14,2296.966590980016,2,0.0,16.201152866728826,1,1.0,0.0,1.0,Privilege Escalation
1,5,47,46,484648.5561728707,10,0.0,21.7051213031594,1,0.0,0.0,0.0,Lateral Movement
0,1,8,8,13925.647829132478,2,0.0,29.686701815756617,1,1.0,0.0,0.0,Privilege Escalation
0,1,7,2,429.6534226319232,2,0.0,6.564599390719046,0,0.0,0.0,0.0,Normal
0,1,13,1,1321.0308913053386,3,0.0,9.283969328352569,0,0.0,0.0,0.0,Normal
0,2,10,12,17131.92311676821,1,1.0,26.146735932993042,1,1.0,0.0,0.0,Privilege Escalation
0,1,11,5,155.22662468597548,1,0.0,5.848301674822471,0,0.0,0.0,0.0,Normal
0,1,2,7,2743.434617945953,3,0.0,7.2402635365723915,0,0.0,0.0,0.0,Normal
0,5,49,37,144500.7727204664,4,1.0,36.59682856853446,1,0.0,0.0,0.0,Lateral Movement
1,1,3,8,3038.189222159271,3,0.0,1.433820178412531,0,0.0,0.0,0.0,Normal
0,1,11,5,379.32489873168265,1,0.0,9.764562384776932,1,0.0,0.0,0.0,Normal
0,1,9,9,3362.6812260759975,2,0.0,7.150247153860265,1,0.0,0.0,0.0,Normal
0,1,4,5,5045.556286966145,1,0.0,9.40369778405032,0,0.0,0.0,0.0,Normal
1,1,23,11,9787.294128363423,1,1.0,18.889998117977093,0,1.0,1.0,0.0,Privilege Escalation
1,1,11,5,11125.281258339044,2,1.0,16.67193265106141,0,1.0,1.0,0.0,Privilege Escalation
0,1,12,2,1430.5253517889378,2,0.0,2.3287236767223733,0,0.0,0.0,0.0,Normal
0,1,1,8,836.2760834746324,2,0.0,5.9704097720524105,0,0.0,0.0,0.0,Normal
1,1,10,10,7523.770922248652,1,1.0,6.663444022407843,0,1.0,0.0,0.0,Privilege Escalation
1,1,57,31,23568274.6170968,2,1.0,35.83601099766423,1,1.0,1.0,1.0,Data Exfiltration
0,1,6,1,11070.380483094046,2,0.0,4.327181044633779,0,1.0,0.0,0.0,Normal
0,1,2,4,12247.86726869947,3,0.0,4.472926607736698,0,0.0,0.0,0.0,Normal
0,1,6,5,1478.4701047702204,1,0.0,7.325620364591643,0,0.0,0.0,0.0,Normal
37,1,79,43,3278.8274048680328,1,1.0,65.21685023847618,1,0.0,0.0,0.0,Brute Force
0,2,8,1,3335.5171812426333,1,0.0,5.903217804483792,0,0.0,0.0,0.0,Normal
1,1,9,1,1500.2950056780076,1,0.0,8.43277078938087,0,0.0,0.0,0.0,Normal
0,1,1,8,296.47806112632185,1,0.0,9.394590433783256,0,0.0,0.0,1.0,Normal
2,1,48,35,118853947.66273056,4,0.0,11.02669930965197,1,0.0,1.0,1.0,Data Exfiltration
0,1,8,4,7244.108628049561,3,0.0,1.4635026951892027,0,0.0,0.0,0.0,Normal
1,2,44,14,78037806.86527707,1,1.0,13.437761069137185,1,1.0,1.0,1.0,Data Exfiltration
0,1,13,2,1235.7740781180298,3,0.0,6.881879320358806,0,0.0,0.0,0.0,Normal
0,1,14,6,632.7567954579503,1,0.0,3.371692982353588,0,0.0,0.0,0.0,Normal
48,1,50,12,1876.457801806462,1,1.0,55.050093791696426,1,0.0,0.0,0.0,Brute Force
0,1,2,9,6091.783286618733,2,0.0,6.694936670771848,0,0.0,0.0,0.0,Normal
0,1,7,9,4782.651910907617,2,0.0,7.356599326351066,0,0.0,0.0,1.0,Normal
1,1,12,9,17994.780404056983,2,0.0,6.655319715219022,0,1.0,1.0,0.0,Privilege Escalation
0,1,5,1,17290.991015169,2,0.0,4.644037871407597,0,0.0,0.0,0.0,Normal
0,1,4,2,219.7707513712109,1,0.0,9.165166153996534,0,0.0,0.0,1.0,Normal
0,1,7,8,1481.308247890109,2,0.0,5.921802094763154,0,0.0,0.0,0.0,Normal
0,1,14,8,6727.422435187816,3,0.0,4.168688318281887,0,0.0,0.0,0.0,Normal
0,1,45,37,140247927.14625818,4,0.0,35.69865729335662,1,0.0,1.0,1.0,Data Exfiltration
0,1,11,3,5026.662587498302,1,0.0,5.145340930934701,0,0.0,0.0,0.0,Normal
0,1,4,9,3574.299315216793,3,0.0,7.389064979841015,0,1.0,0.0,0.0,Normal
0,1,14,2,2804.6449913107394,3,0.0,2.71405140046767,1,0.0,0.0,0.0,Normal
0,1,14,6,17965.040300218865,2,0.0,5.276700210223138,1,0.0,0.0,0.0,Normal
0,2,13,4,13687.665090607898,3,0.0,2.95852622003943,1,0.0,0.0,0.0,Normal
0,1,14,5,711.5281521516602,3,0.0,8.221244958842302,0,0.0,0.0,0.0,Normal
30,1,54,22,3605.1886835275473,1,1.0,103.75172257590583,1,0.0,0.0,0.0,Brute Force
0,1,2,8,1810.1109973668636,2,0.0,3.123280994260453,0,0.0,0.0,0.0,Normal
0,1,4,1,3034.989060889127,2,0.0,6.2398081068155875,0,0.0,0.0,0.0,Normal
0,1,13,1,2515.5813439629605,3,0.0,9.022092443920211,0,0.0,0.0,0.0,Normal
14,2,67,26,706.1588032419229,1,1.0,48.10215996088788,1,0.0,0.0,0.0,Brute Force
0,1,18,5,12358.912502433604,1,1.0,8.151794372006464,1,1.0,1.0,0.0,Privilege Escalation
0,2,12,12,1268.3473491243903,2,1.0,15.30861314327664,1,1.0,1.0,0.0,Privilege Escalation
0,1,4,9,14873.365415761617,1,0.0,2.5262740073864207,0,0.0,0.0,0.0,Normal
2,2,52,37,438140.10773198906,4,1.0,52.61367458517477,0,0.0,1.0,0.0,Lateral Movement
0,1,12,3,2328.5826223232816,1,0.0,4.834506919281157,0,0.0,0.0,0.0,Normal
0,2,2,6,1454.6446496471408,1,0.0,2.58697768391236,0,0.0,0.0,0.0,Normal
1,2,15,21,85522794.5525147,2,0.0,12.582831920033751,1,1.0,1.0,1.0,Data Exfiltration
0,1,12,9,4388.574715705661,2,0.0,2.6792203554381224,0,0.0,0.0,0.0,Normal
1,1,10,8,19792.0518443426,3,0.0,5.856180666058552,0,0.0,0.0,0.0,Normal
0,1,4,8,4984.392714729825,2,0.0,7.790764049440675,0,0.0,0.0,0.0,Normal
1,1,21,5,17968.97691306399,1,0.0,5.336395210366777,1,1.0,1.0,1.0,Privilege Escalation
0,2,10,5,618.7558356781191,2,0.0,8.578070306547483,0,0.0,0.0,0.0,Normal
0,1,12,6,8238.361214073688,1,0.0,4.491374838893849,0,0.0,0.0,0.0,Normal
0,1,3,8,3144.3957237892155,1,0.0,8.807619184314284,0,0.0,0.0,0.0,Normal
46,3,42,50,2037.656759776201,1,1.0,113.07850012953227,0,0.0,1.0,0.0,Brute Force
1,1,56,17,78190099.2075215,1,1.0,46.552371526962105,1,0.0,0.0,1.0,Data Exfiltration
1,1,3,3,4779.168703241014,3,0.0,6.292990479816622,0,0.0,0.0,0.0,Normal
1,1,13,9,2639.551777903077,1,0.0,9.34109904802984,0,0.0,0.0,0.0,Normal
1,2,24,20,447581.7523459252,6,1.0,59.39250912651345,1,1.0,0.0,0.0,Lateral Movement
0,1,3,5,6347.596300337283,1,0.0,2.918477821527173,0,0.0,0.0,0.0,Normal
0,1,7,4,2676.000879809383,1,0.0,9.574685858138233,0,0.0,0.0,0.0,Normal
11,3,60,21,2501.5528907827393,2,1.0,67.61892217699861,1,0.0,0.0,0.0,Brute Force
0,2,21,31,156401.8176587287,10,1.0,41.271378428286056,1,1.0,1.0,1.0,Lateral Movement
0,1,6,3,11734.40136923222,1,0.0,5.771572927904109,0,0.0,0.0,0.0,Normal
43,1,39,50,1017.1200244493999,1,1.0,33.63906859636415,1,0.0,0.0,0.0,Brute Force
0,1,11,4,1112.2210858593482,2,0.0,8.974457561710683,0,0.0,0.0,0.0,Normal
0,1,10,7,5446.6314796966535,3,0.0,1.0015796427213097,0,0.0,0.0,0.0,Normal
27,1,85,26,3189.1035427487755,1,0.0,70.2438081774157,1,0.0,1.0,0.0,Brute Force
25,1,89,12,3289.8675781693273,1,1.0,35.228698859117095,1,0.0,0.0,0.0,Brute Force
0,1,1,2,3366.053725247721,3,0.0,8.247509067955708,0,0.0,0.0,0.0,Normal
0,2,2,7,198.36229956092131,1,0.0,5.27773307200858,0,0.0,0.0,0.0,Normal
0,1,9,1,27072.093784098823,2,0.0,9.44271426948625,0,0.0,0.0,0.0,Normal
0,1,1,8,2556.084781946861,1,0.0,4.136786039032211,0,0.0,0.0,0.0,Normal
0,1,6,3,2667.685132289017,3,0.0,5.940771714875252,0,0.0,0.0,0.0,Normal
0,1,14,9,21274.96891243617,3,0.0,1.1129337927001803,0,0.0,0.0,0.0,Normal
0,1,10,7,6422.832432501289,1,0.0,3.083653614214504,1,0.0,0.0,1.0,Normal
0,1,2,2,3167.6968923532954,2,0.0,7.977117051621365,0,0.0,0.0,0.0,Normal
0,1,13,4,6484.2434687603145,3,0.0,7.871857615822478,0,0.0,0.0,0.0,Normal
0,1,11,9,101.13361210953406,3,0.0,4.097546948510374,0,0.0,0.0,0.0,Normal
1,1,12,2,400.803573094361,1,0.0,5.609750290836454,0,0.0,0.0,0.0,Normal
0,1,16,37,81511037.15546468,4,0.0,38.21417376268844,1,1.0,1.0,1.0,Data Exfiltration
1,1,14,7,699.8216844855029,2,0.0,9.871962986777968,0,0.0,0.0,0.0,Normal
0,1,6,6,2363.947493542746,3,0.0,6.990983514483956,0,0.0,0.0,0.0,Normal
0,1,12,1,19556.643054656426,3,0.0,9.756117740770357,0,0.0,0.0,0.0,Normal
0,1,14,1,3085.8157784512396,3,0.0,9.565959559686693,1,0.0,0.0,0.0,Normal
43,2,49,14,1474.5557151940168,1,0.0,73.7009403451737,1,0.0,0.0,0.0,Brute Force
1,1,6,13,10393.663105637217,1,1.0,20.99394281098613,1,1.0,0.0,0.0,Privilege Escalation
0,1,6,7,291.87922146846813,3,0.0,6.186525339553249,0,0.0,0.0,1.0,Normal
0,2,35,24,145583865.1089571,1,0.0,38.71633815703085,0,0.0,0.0,1.0,Data Exfiltration
29,3,82,31,711.9952910738058,2,1.0,93.83425897549805,0,0.0,0.0,0.0,Brute Force
0,1,5,8,517.8411277762355,3,0.0,8.427836287273088,0,0.0,0.0,0.0,Normal
1,1,37,36,96610509.27739538,3,0.0,34.07367224756665,1,0.0,0.0,1.0,Data Exfiltration
1,3,39,25,486152.6620354538,7,0.0,47.515662062686324,1,0.0,1.0,0.0,Lateral Movement
0,1,3,1,10766.1826620113,3,0.0,2.4829552172069733,0,0.0,0.0,0.0,Normal
1,1,4,6,5171.358654234239,1,0.0,3.202610295114825,0,0.0,0.0,0.0,Normal
0,2,10,7,847.3072036899654,1,0.0,7.846142621851349,1,0.0,0.0,0.0,Normal
0,1,47,35,130700626.66996606,1,0.0,44.212871278076534,1,0.0,0.0,1.0,Data Exfiltration
0,2,12,8,1509.022939813942,2,0.0,5.024982566821279,0,0.0,0.0,0.0,Normal
1,1,4,1,6894.514111926868,3,0.0,1.9601415773356163,0,0.0,0.0,0.0,Normal
0,1,10,9,268.29932412138066,2,0.0,3.6044265124512522,0,0.0,0.0,0.0,Normal
0,1,4,1,6504.4291775184,3,0.0,9.974558151200052,0,0.0,0.0,0.0,Normal
0,1,6,6,5650.50866991237,3,0.0,4.148551229560585,0,0.0,0.0,0.0,Normal
0,1,5,2,11162.615972097694,3,0.0,2.550951121066525,0,0.0,0.0,0.0,Normal
0,2,30,33,130708890.5137789,2,1.0,42.78636587863856,1,0.0,1.0,1.0,Data Exfiltration
0,1,6,8,2696.4222699887637,3,0.0,5.430307657410499,0,0.0,0.0,0.0,Normal
13,1,30,44,3393.138382231883,2,1.0,94.53245665962729,1,0.0,0.0,0.0,Brute Force
0,1,12,3,13708.981717426974,2,0.0,7.2624090792143665,0,0.0,0.0,0.0,Normal
0,1,13,7,2877.8486411793906,1,0.0,8.047607231431147,1,0.0,0.0,0.0,Normal
0,1,2,7,4334.882603414096,3,0.0,6.803697760274138,0,0.0,0.0,0.0,Normal
0,2,7,6,3731.1539225976862,3,0.0,3.649508973453135,0,0.0,0.0,0.0,Normal
0,2,19,11,6360.366268232378,1,0.0,12.82407696259455,0,1.0,0.0,1.0,Privilege Escalation
0,1,5,2,11736.700812795412,2,0.0,1.2061905390204342,0,0.0,0.0,0.0,Normal
1,2,7,4,1863.7818323309166,2,0.0,8.041117672732522,0,0.0,0.0,0.0,Normal
1,1,23,14,46724846.60765737,2,1.0,43.960062043012776,1,0.0,1.0,1.0,Data Exfiltration
0,1,2,4,3992.9689551591623,1,0.0,4.398939197985891,1,0.0,0.0,0.0,Normal
1,1,14,7,10173.691362330479,1,0.0,28.721757161612775,0,1.0,0.0,0.0,Privilege Escalation
0,1,38,31,136205446.97867337,2,1.0,31.898692670901436,1,0.0,1.0,1.0,Data Exfiltration
3,1,6,12,10225.444319211274,2,0.0,13.392072643531373,1,1.0,0.0,0.0,Privilege Escalation
0,2,1,3,5390.299982889834,2,0.0,6.044392355302918,0,0.0,0.0,0.0,Normal
0,1,9,7,5711.700891127959,2,0.0,6.742985690835547,1,0.0,0.0,0.0,Normal
0,1,4,2,11075.480024815966,3,0.0,9.339210254288133,0,0.0,0.0,0.0,Normal
0,1,5,5,2527.4733053714695,1,0.0,6.115125257184222,0,0.0,0.0,1.0,Normal
1,1,14,4,19983.410893992448,2,1.0,13.27033070892685,0,1.0,0.0,0.0,Privilege Escalation
0,4,24,49,427643.1794303818,10,1.0,29.629760496979607,1,0.0,1.0,1.0,Lateral Movement
0,1,9,6,269.60046466744836,3,0.0,3.5856982003308833,0,0.0,0.0,0.0,Normal
1,1,11,6,4494.569054249224,3,0.0,2.5997788325398274,0,0.0,0.0,0.0,Normal
0,1,13,3,785.1200146431526,2,0.0,1.2862497811045719,1,0.0,0.0,0.0,Normal
2,5,36,35,474263.54210243654,10,1.0,24.329307509417262,1,0.0,0.0,0.0,Lateral Movement
0,1,13,5,3849.07504505613,2,0.0,7.925193950029444,0,0.0,0.0,0.0,Normal
0,1,2,1,6657.174895441658,2,0.0,2.267199209887214,0,0.0,0.0,0.0,Normal
0,1,10,6,21779.00365144953,1,0.0,9.092098905944239,0,0.0,0.0,0.0,Normal
0,1,13,1,2232.464429735165,1,0.0,7.4382457604482255,0,0.0,0.0,1.0,Normal
1,1,25,21,56809989.158068396,3,0.0,42.42120595827242,1,0.0,1.0,1.0,Data Exfiltration
0,1,9,5,2642.543936647106,1,0.0,6.155794035701674,0,0.0,0.0,0.0,Normal
1,3,50,29,358437.0785465608,10,0.0,41.79707449790727,1,1.0,0.0,0.0,Lateral Movement
49,1,77,36,3848.0470125385477,1,0.0,62.38118586831627,1,0.0,0.0,0.0,Brute Force
0,2,10,1,9240.951952236184,1,0.0,4.527045288423221,0,0.0,0.0,0.0,Normal
0,1,8,2,1453.5605559362793,2,0.0,1.8793369332153411,0,0.0,0.0,0.0,Normal
0,1,11,9,6402.165342500308,2,1.0,13.560358807353039,1,1.0,0.0,1.0,Privilege Escalation
0,1,32,17,40855563.40356598,3,0.0,16.24618996790025,1,0.0,1.0,1.0,Data Exfiltration
0,1,4,6,274.4660064175054,1,0.0,5.292529895705813,0,0.0,0.0,0.0,Normal
0,1,3,5,7232.743355340538,3,0.0,4.616671047344132,0,0.0,0.0,0.0,Normal
1,4,52,47,228344.3702327581,6,1.0,17.46307405695924,0,1.0,1.0,0.0,Lateral Movement
38,1,30,13,3920.9992917886448,1,0.0,41.90282329404472,0,0.0,0.0,0.0,Brute Force
0,2,3,8,5792.976496354831,2,0.0,1.1289560990707188,0,0.0,0.0,0.0,Normal
0,1,4,5,2100.474085462398,1,0.0,1.698296065204282,0,0.0,0.0,0.0,Normal
0,1,1,5,2556.807857528965,2,0.0,4.285734699103992,0,0.0,0.0,0.0,Normal
26,1,54,19,2990.8826938148554,1,1.0,93.89098179550858,1,0.0,1.0,0.0,Brute Force
10,1,93,24,1823.379065629555,1,0.0,32.80627777212865,0,0.0,0.0,0.0,Brute Force
0,2,11,3,3412.003365078697,3,0.0,1.6977827044825529,0,0.0,0.0,0.0,Normal
1,4,66,20,262807.4986734587,5,0.0,19.133579130092404,0,1.0,0.0,0.0,Lateral Movement
0,1,10,7,2124.088234816704,2,0.0,8.578977599163478,0,0.0,0.0,0.0,Normal
0,1,5,5,2155.3717599391894,2,0.0,4.694472398106008,0,0.0,0.0,0.0,Normal
0,1,11,7,945.5940531384556,3,0.0,7.761196271663843,0,0.0,0.0,1.0,Normal
0,2,8,3,4837.476617595787,3,0.0,8.137111588924586,0,0.0,0.0,0.0,Normal
0,1,8,7,5847.4366062992,1,0.0,9.093509132826997,0,0.0,0.0,0.0,Normal
22,1,46,53,3756.72067656752,2,0.0,112.63877408178968,0,0.0,0.0,0.0,Brute Force
0,1,38,32,6750055.352468906,3,0.0,14.173339563376546,1,1.0,0.0,1.0,Data Exfiltration
1,1,6,3,1187.4814578738883,2,0.0,1.3916816682018647,1,0.0,0.0,0.0,Normal
0,1,14,4,2966.5903660424215,1,0.0,7.385752572189381,0,0.0,0.0,0.0,Normal
0,1,12,4,16465.617866646942,2,0.0,5.8204854960998835,0,0.0,0.0,0.0,Normal
1,2,11,8,15681.17869722674,2,0.0,8.463947140558872,1,0.0,0.0,0.0,Normal
0,1,8,9,14407.536413648724,1,1.0,10.047923806181986,1,1.0,0.0,0.0,Privilege Escalation
0,2,14,3,2704.805714621733,2,0.0,7.296712003012239,0,0.0,0.0,0.0,Normal
0,2,14,4,4241.78897269959,1,0.0,9.836354889683554,0,0.0,0.0,0.0,Normal
2,1,10,1,9741.549010372706,1,0.0,5.841019746865106,0,0.0,0.0,0.0,Normal
1,1,2,1,6004.98959178029,3,0.0,6.47545795134873,0,0.0,0.0,0.0,Normal
1,1,10,1,5189.331657584197,3,0.0,6.1291332698215815,0,0.0,0.0,0.0,Normal
0,1,12,4,700.487463591223,1,0.0,4.023633233759618,0,0.0,0.0,0.0,Normal
0,1,6,2,7314.751893829813,2,0.0,5.148599627018644,0,0.0,0.0,0.0,Normal
0,1,5,8,3716.4098836683297,3,0.0,6.672556355467087,0,0.0,0.0,0.0,Normal
0,1,1,9,3557.404164878669,2,0.0,5.220485590967343,0,0.0,0.0,0.0,Normal
2,1,15,10,19380.145246380427,2,0.0,11.212495440513639,0,1.0,1.0,1.0,Privilege Escalation
26,1,86,59,1099.150031913012,2,0.0,64.01406957105478,0,0.0,0.0,0.0,Brute Force
0,5,65,22,436492.8365857712,11,1.0,37.50116287607034,1,0.0,0.0,1.0,Lateral Movement
1,1,17,17,96636953.02048115,3,1.0,17.574280210434196,1,0.0,1.0,1.0,Data Exfiltration
1,1,11,2,17.919796582867587,1,0.0,6.879321635354801,0,0.0,0.0,0.0,Normal
1,1,21,3,18812.204462089732,2,1.0,28.513585794797116,0,1.0,1.0,1.0,Privilege Escalation
0,1,14,4,1228.8919226825856,1,0.0,3.888754234979506,1,0.0,0.0,0.0,Normal
0,1,10,1,2118.8088810042623,1,0.0,2.980089802557747,0,0.0,0.0,0.0,Normal
0,1,11,1,2766.884803441863,1,0.0,2.9035086452180856,0,0.0,0.0,0.0,Normal
1,1,11,5,25285.057559092915,3,0.0,2.716444092068154,0,0.0,0.0,0.0,Normal
1,1,9,2,1393.7641814854487,2,0.0,7.620588799838964,0,0.0,0.0,0.0,Normal
0,1,7,8,16906.05362243288,2,0.0,3.573258182759917,0,0.0,0.0,0.0,Normal
0,1,49,15,24284290.65044818,3,0.0,13.020607922462325,1,0.0,0.0,1.0,Data Exfiltration
0,1,3,3,3675.3396508815918,2,0.0,7.648982930867631,0,0.0,0.0,0.0,Normal
1,1,36,37,54354124.363852926,4,0.0,42.723393534385636,1,0.0,1.0,1.0,Data Exfiltration
42,2,66,51,1136.9846747393826,1,1.0,53.75942260864584,1,0.0,0.0,0.0,Brute Force
0,1,13,5,7071.0748473229705,1,0.0,5.399188678371169,0,0.0,0.0,0.0,Normal
3,4,37,42,480648.1305317022,10,1.0,37.24572456253547,1,0.0,1.0,0.0,Lateral Movement
4,3,68,15,29358.866159155674,6,1.0,49.26296027932978,1,0.0,0.0,1.0,Lateral Movement
0,1,5,3,2412.7646823846076,3,0.0,9.85294723743987,0,0.0,0.0,0.0,Normal
0,1,14,4,6224.483691293408,2,0.0,5.205662227225714,0,0.0,0.0,0.0,Normal
0,1,5,8,9694.787136712937,3,0.0,1.6223755660998727,0,0.0,0.0,0.0,Normal
0,1,14,1,8009.693845314736,2,0.0,3.9454767399830506,0,0.0,0.0,1.0,Normal
0,1,13,9,1251.3528579722356,3,0.0,4.361683764163253,0,0.0,0.0,0.0,Normal
27,1,34,36,2697.3500384064064,1,0.0,58.64945734702134,0,0.0,1.0,0.0,Brute Force
3,1,22,9,18688.796204555587,1,1.0,9.603840855189038,1,1.0,1.0,1.0,Privilege Escalation
1,4,48,45,53377.5695917706,6,0.0,53.53541820183336,0,1.0,1.0,0.0,Lateral Movement
0,4,52,45,346210.6697781214,7,1.0,22.85696988684115,1,1.0,0.0,1.0,Lateral Movement
40,1,20,12,921.8264392721715,1,1.0,60.805444139969005,0,0.0,0.0,0.0,Brute Force
0,1,8,3,24973.36728405126,3,0.0,9.499168751245753,0,0.0,0.0,0.0,Normal
1,1,15,12,13762.361853430832,2,0.0,22.327248454076035,1,1.0,0.0,0.0,Privilege Escalation
0,1,10,4,5763.685480375913,1,0.0,4.750472034757442,0,0.0,0.0,0.0,Normal
0,1,12,9,1149.2038846112175,3,0.0,4.327324498083568,0,1.0,0.0,0.0,Normal
1,1,14,6,9092.738235082426,3,0.0,6.851275611822677,0,0.0,0.0,0.0,Normal
0,1,4,4,4335.381539769465,2,0.0,6.347220255764158,0,0.0,0.0,0.0,Normal
0,1,9,8,3079.55200666374,3,0.0,2.693544362615115,0,0.0,0.0,0.0,Normal
3,2,50,23,9142749.41817718,3,1.0,16.49131478135134,1,1.0,1.0,1.0,Data Exfiltration
1,1,3,1,1830.7345696244176,2,0.0,4.85508151291029,0,0.0,0.0,1.0,Normal
2,1,2,1,9474.391750667457,3,0.0,3.078667038705622,0,0.0,0.0,0.0,Normal
0,1,4,4,6103.3968216653475,2,0.0,9.168753639785896,0,1.0,0.0,0.0,Normal
1,1,3,6,1573.5677295645576,2,0.0,8.70945651848232,0,0.0,0.0,0.0,Normal
0,1,12,9,8796.324138852482,3,0.0,7.701682994686435,1,0.0,0.0,0.0,Normal
48,1,51,13,3970.8084101178683,1,0.0,95.30806694526005,1,0.0,0.0,0.0,Brute Force
0,1,13,5,10079.089625333077,3,0.0,6.126946290747321,0,0.0,0.0,0.0,Normal
0,1,11,6,1329.8755913243804,1,0.0,7.32609354541073,0,0.0,0.0,1.0,Normal
0,1,4,5,2103.0464203695824,2,0.0,2.090829496345234,1,1.0,0.0,0.0,Normal
1,1,2,4,531.7051368643804,3,0.0,4.42682461646365,0,0.0,0.0,0.0,Normal
0,1,1,9,3318.640829403987,3,0.0,7.213398144682811,0,0.0,0.0,0.0,Normal
0,2,2,5,6134.833155608239,2,0.0,7.02695045469589,0,0.0,0.0,0.0,Normal
21,1,81,36,3093.9743037966464,1,0.0,52.96047281757822,0,0.0,0.0,0.0,Brute Force
1,2,3,3,5288.691963529994,3,0.0,4.640322407501697,0,0.0,0.0,0.0,Normal
0,1,9,5,4633.080542270346,3,0.0,8.269215580118543,1,0.0,0.0,0.0,Normal
0,1,15,6,11069.397846541304,2,1.0,9.402654243944873,0,1.0,0.0,0.0,Privilege Escalation
0,2,13,9,13525.46302598657,2,0.0,9.569564537106531,0,0.0,0.0,0.0,Normal
0,2,34,34,162620.37603492697,7,0.0,54.26986426290891,0,0.0,1.0,0.0,Lateral Movement
0,1,3,4,5215.935251299799,2,0.0,4.7741229453331595,0,0.0,0.0,0.0,Normal
0,1,14,8,3370.159643885095,2,0.0,8.176359418970296,0,0.0,0.0,0.0,Normal
1,1,10,6,638.5611393816822,3,0.0,9.372027724255922,0,0.0,0.0,0.0,Normal
1,1,3,2,114.31918082509515,1,0.0,1.216347003152725,0,0.0,0.0,1.0,Normal
0,1,4,8,15598.641187038587,1,0.0,4.652917019535016,0,1.0,0.0,0.0,Normal
0,1,1,7,3811.359855597795,2,0.0,9.729434894023823,0,0.0,0.0,1.0,Normal
1,1,13,1,15865.068224798231,2,0.0,3.2380190514781306,0,0.0,0.0,0.0,Normal
0,1,4,8,2599.3651490543425,3,0.0,7.317198117387486,0,0.0,0.0,0.0,Normal
0,1,4,1,5403.585177719868,3,0.0,7.917367550412475,0,0.0,0.0,0.0,Normal
0,1,7,3,10946.676964863542,3,0.0,6.333975551201452,0,0.0,0.0,0.0,Normal
0,1,8,1,1553.5386418192616,2,0.0,5.965342773357115,0,0.0,0.0,0.0,Normal
0,1,8,5,8890.452398115174,2,0.0,3.3068144193485125,0,0.0,0.0,0.0,Normal
0,1,3,4,7965.575967522376,2,0.0,4.483690917414231,0,0.0,0.0,0.0,Normal
0,1,13,5,2085.9380987861405,1,0.0,2.6599015503712273,0,0.0,0.0,0.0,Normal
15,1,55,43,3910.964143078665,1,0.0,88.11550342204609,1,0.0,0.0,0.0,Brute Force
0,1,9,7,4425.876948868355,1,0.0,3.99610761568192,0,0.0,0.0,0.0,Normal
0,1,7,3,4273.32721296833,1,0.0,9.797268504705134,0,0.0,0.0,0.0,Normal
0,1,13,3,19988.52171808764,1,0.0,26.08253183375526,1,1.0,1.0,0.0,Privilege Escalation
2,2,57,16,71389.38470321607,8,1.0,15.226987372781837,0,0.0,1.0,0.0,Lateral Movement
0,1,7,9,1581.4391250310205,2,0.0,7.787809827932003,0,0.0,0.0,0.0,Normal
0,1,12,4,2126.5499761138944,3,0.0,3.2960385400420065,0,0.0,0.0,0.0,Normal
2,2,15,9,11951.452753796297,2,1.0,11.48135755113923,0,1.0,1.0,1.0,Privilege Escalation
0,1,12,7,238.29700501580558,1,0.0,3.826696387778623,0,0.0,0.0,0.0,Normal
1,1,28,23,11005699.58550179,4,0.0,37.229234149871985,1,0.0,1.0,1.0,Data Exfiltration
2,1,6,7,6977.401822885704,1,0.0,24.674174703444823,1,1.0,1.0,0.0,Privilege Escalation
2,1,10,6,15815.32644997808,2,0.0,4.905814160684483,0,0.0,0.0,0.0,Normal
1,1,7,1,1037.2764019213244,2,0.0,4.0906910242001615,0,0.0,0.0,0.0,Normal
1,4,55,43,131893.94886115362,5,0.0,32.94812685621922,1,0.0,1.0,0.0,Lateral Movement
0,1,9,3,122.03644304344083,1,0.0,1.3689631954730261,0,0.0,0.0,0.0,Normal
0,1,13,3,2085.288413907157,1,0.0,5.431697080438346,0,0.0,0.0,0.0,Normal
2,1,1,8,625.2842255632573,1,0.0,1.7445862658890463,0,1.0,0.0,0.0,Normal
0,1,6,6,4265.997807670288,3,0.0,9.034098880104114,0,0.0,0.0,0.0,Normal
0,1,3,7,4034.677358459213,3,0.0,8.812882848556416,0,0.0,0.0,0.0,Normal
0,1,7,8,8915.626171436488,1,0.0,4.3802795886832975,0,0.0,0.0,0.0,Normal
0,1,1,7,2005.2314349443257,1,0.0,7.0806499092883035,0,0.0,0.0,0.0,Normal
0,1,12,2,5242.122558101051,3,0.0,4.719004097425941,0,0.0,0.0,0.0,Normal
0,1,4,9,5157.4440622997045,3,0.0,9.869104639042105,0,0.0,0.0,0.0,Normal
19,2,37,11,3151.2685533441672,1,0.0,108.3412574962591,0,0.0,0.0,0.0,Brute Force
3,4,38,29,80655.54063022348,6,0.0,56.58751307535388,1,0.0,1.0,0.0,Lateral Movement
0,1,9,3,1400.091683583605,1,0.0,3.1928859965234353,0,0.0,0.0,0.0,Normal
0,1,8,3,3917.7680551406456,3,0.0,3.199435717076547,0,0.0,0.0,0.0,Normal
0,1,12,3,4555.409012954649,3,0.0,8.28548579405405,0,0.0,0.0,0.0,Normal
0,1,11,1,5414.414402577408,3,0.0,7.830409656043481,0,0.0,0.0,0.0,Normal
0,1,13,1,7317.500885097592,1,0.0,4.919826190772499,0,0.0,0.0,0.0,Normal
0,1,5,8,8198.273591282816,2,0.0,2.4214733704331324,0,0.0,0.0,0.0,Normal
0,1,12,7,1059.4657434366684,2,0.0,7.040675099432635,0,0.0,0.0,0.0,Normal
0,1,1,1,1120.5121110408659,1,0.0,8.743876012796884,0,0.0,0.0,0.0,Normal
0,1,11,5,7940.805211631699,3,0.0,2.110664512589288,0,0.0,0.0,0.0,Normal
0,2,9,4,229.8817586535356,2,0.0,6.59876055225959,1,0.0,0.0,0.0,Normal
0,1,5,8,5026.02494466619,3,0.0,5.985748491275145,0,0.0,0.0,0.0,Normal
1,4,68,26,104190.46674659949,11,0.0,24.80747370793062,0,1.0,1.0,0.0,Lateral Movement
0,1,3,5,5107.293656023926,3,0.0,6.968762428135057,0,0.0,0.0,0.0,Normal
0,1,2,9,1594.226508199047,1,0.0,1.3156415153067926,0,0.0,0.0,0.0,Normal
19,1,75,56,1643.218510983476,1,1.0,94.64198429528852,1,0.0,0.0,0.0,Brute Force
0,2,13,3,8442.578155033461,3,0.0,2.188885615558662,0,0.0,0.0,0.0,Normal
1,1,7,5,5501.2675498049975,1,0.0,2.6341975754469034,0,0.0,0.0,0.0,Normal
0,1,1,3,335.50483222647085,2,0.0,7.350431872279074,1,0.0,0.0,0.0,Normal
0,1,9,6,50.610959005103986,2,0.0,7.632218787737643,0,0.0,0.0,0.0,Normal
0,1,5,7,5266.172674353406,2,0.0,1.2932054415295702,0,0.0,0.0,0.0,Normal
1,2,10,7,19842.548399455678,1,0.0,29.78267891375451,1,1.0,1.0,0.0,Privilege Escalation
1,1,13,3,17319.320313017815,1,0.0,2.041411548371699,0,0.0,0.0,0.0,Normal
1,1,24,23,55597724.21157787,3,0.0,11.288629209602025,1,0.0,0.0,1.0,Data Exfiltration
0,1,11,3,3482.8934742668134,3,0.0,7.587137791117287,1,0.0,0.0,0.0,Normal
1,1,13,1,4253.202639954199,2,0.0,3.0042461055647696,1,0.0,0.0,0.0,Normal
1,1,21,7,2764.66660039501,2,0.0,16.1418457262414,1,1.0,1.0,0.0,Privilege Escalation
0,1,5,3,7115.870890943855,3,0.0,3.849350080688017,0,0.0,0.0,0.0,Normal
0,1,14,2,7807.201904275978,2,0.0,3.412105588774678,0,0.0,0.0,0.0,Normal
0,1,5,2,3151.2736581599843,1,0.0,3.7880160998301653,0,0.0,0.0,0.0,Normal
15,2,63,59,1744.1030016886614,1,1.0,88.50995397552911,0,0.0,0.0,0.0,Brute Force
0,1,9,4,2131.2508377103914,1,0.0,5.125645477274758,0,0.0,0.0,0.0,Normal
0,2,8,3,5620.367800712736,1,0.0,9.9841952247694,0,0.0,0.0,0.0,Normal
0,1,3,8,3068.546242058909,1,0.0,9.688956041140969,0,0.0,0.0,0.0,Normal
0,1,6,1,2832.108877617322,2,0.0,2.40153410731011,0,0.0,0.0,0.0,Normal
0,2,16,36,36653978.67114508,1,0.0,25.264474968725416,0,0.0,1.0,1.0,Data Exfiltration
0,1,2,2,1565.2134112840672,2,0.0,3.5871140215367467,0,0.0,0.0,0.0,Normal
0,1,12,9,459.8436634355207,1,0.0,7.756202966398496,0,0.0,0.0,0.0,Normal
9,1,87,23,3618.712930383912,1,1.0,97.53877639504768,1,0.0,0.0,0.0,Brute Force
1,3,47,17,361455.4495127634,6,0.0,24.912265522418735,1,0.0,1.0,0.0,Lateral Movement
0,1,13,6,11156.012250386213,3,0.0,7.356085338110121,0,0.0,0.0,0.0,Normal
0,1,3,6,5886.34678440374,1,0.0,2.615853269796335,0,0.0,0.0,0.0,Normal
0,1,6,5,3179.4687958527134,3,0.0,4.945769782317203,0,0.0,0.0,0.0,Normal
0,1,14,3,889.1578175952928,1,0.0,6.711134576808125,0,0.0,0.0,0.0,Normal
0,1,9,8,1823.269607585869,2,0.0,4.32779850352092,0,0.0,0.0,0.0,Normal
3,2,43,16,84587.81418585191,7,0.0,26.969716869536008,0,1.0,0.0,0.0,Lateral Movement
1,1,41,32,143484689.90811718,3,0.0,41.25572920896952,0,0.0,1.0,1.0,Data Exfiltration
1,1,10,5,1918.5803647966093,2,0.0,6.97596415713647,0,0.0,0.0,0.0,Normal
0,2,7,4,1143.641720261891,1,0.0,9.738462553056566,0,0.0,0.0,0.0,Normal
29,1,98,57,1968.6070732694516,1,1.0,81.53318226580122,1,0.0,0.0,0.0,Brute Force
1,1,12,9,3645.72361815815,2,0.0,3.699217436293603,0,0.0,0.0,0.0,Normal
0,1,6,6,2892.0484309162875,3,0.0,4.961173764464205,0,0.0,0.0,0.0,Normal
2,2,62,16,382447.92060601484,6,1.0,25.20045218577009,1,1.0,1.0,0.0,Lateral Movement
0,1,12,8,2709.6443090161065,1,0.0,2.999864862963838,0,0.0,0.0,0.0,Normal
1,1,9,9,8560.618893845143,2,0.0,2.359991663783021,0,0.0,0.0,0.0,Normal
2,1,29,30,112144303.29858577,4,1.0,16.38908739115248,1,0.0,1.0,1.0,Data Exfiltration
0,1,2,4,3262.10202422604,1,0.0,7.1062175485416095,0,0.0,0.0,0.0,Normal
1,1,9,7,5815.787534011184,1,0.0,8.582068684887906,0,0.0,0.0,0.0,Normal
6,2,63,35,3484.713214578302,1,1.0,94.76880903201317,1,0.0,0.0,0.0,Brute Force
20,2,99,21,2887.988416107386,1,0.0,86.3391419184932,0,0.0,0.0,0.0,Brute Force
36,2,59,48,1895.306822236631,1,1.0,64.1754490434011,1,0.0,0.0,0.0,Brute Force
0,1,2,6,6598.206043208138,3,0.0,4.411199759196427,0,0.0,0.0,0.0,Normal
0,1,23,7,10010.480428569244,1,1.0,19.530449486046265,1,1.0,1.0,0.0,Privilege Escalation
0,2,59,32,116748801.11057958,1,0.0,17.6537879275654,1,1.0,1.0,1.0,Data Exfiltration
0,1,11,7,189.44781932332705,1,0.0,2.4620547506019834,0,0.0,0.0,1.0,Normal
0,1,4,9,3195.168799219747,2,0.0,3.9036505981309584,1,0.0,0.0,0.0,Normal
34,1,23,46,1651.7144973759243,1,0.0,112.04304489054574,0,0.0,0.0,0.0,Brute Force
1,1,7,1,2249.400816840896,3,0.0,4.118869627871719,0,0.0,0.0,0.0,Normal
1,1,11,5,5970.000719613683,2,0.0,8.755101875750562,0,0.0,0.0,0.0,Normal
1,1,14,6,1935.8292741694627,3,0.0,2.0324108996846486,0,1.0,0.0,0.0,Normal
1,1,8,3,1065.9162896250602,2,0.0,3.9806989493701948,0,0.0,0.0,0.0,Normal
0,1,5,4,194.3187593378687,2,0.0,7.747684807805362,0,0.0,0.0,0.0,Normal
0,1,9,4,701.349274085939,2,0.0,3.9731058258849274,0,0.0,0.0,0.0,Normal
0,2,7,6,2985.428225576963,1,0.0,3.245061402571891,0,0.0,0.0,0.0,Normal
0,1,14,7,8670.778671495897,3,0.0,2.1545389625439837,0,0.0,0.0,0.0,Normal
0,1,12,9,1010.1158163029858,3,0.0,3.424316906824245,0,0.0,0.0,0.0,Normal
0,1,2,4,1933.456851460832,2,0.0,3.844914236045419,0,0.0,0.0,0.0,Normal
0,1,5,2,8858.534635115517,1,0.0,7.217660579194443,0,0.0,0.0,0.0,Normal
0,1,4,9,361.5472493894419,1,0.0,5.302562901525571,0,0.0,0.0,0.0,Normal
0,1,4,9,4392.831757012342,3,0.0,7.0366104397691425,0,0.0,0.0,0.0,Normal
0,1,7,4,7110.096054533242,2,0.0,8.890748768184672,0,0.0,0.0,0.0,Normal
0,1,11,9,2250.4670872164165,1,0.0,9.801785074176708,0,0.0,0.0,0.0,Normal
0,2,9,1,1272.1313164355495,2,0.0,7.396190916029185,0,0.0,0.0,0.0,Normal
0,1,3,1,4047.637002324386,1,0.0,6.623161366004762,0,0.0,0.0,0.0,Normal
42,2,39,33,1726.1949074076388,1,1.0,81.29073352532717,1,0.0,0.0,0.0,Brute Force
0,1,10,8,4774.203923006172,2,0.0,9.886100501360037,0,0.0,0.0,0.0,Normal
0,2,14,2,504.3848807225442,3,0.0,9.577668899998564,0,0.0,0.0,0.0,Normal
1,1,3,6,3934.945388427472,1,0.0,4.075321411982784,0,0.0,0.0,0.0,Normal
0,1,7,8,210.62631844877976,3,0.0,7.524737243878518,0,0.0,0.0,1.0,Normal
8,1,96,37,3225.006430852693,1,0.0,46.9635397650856,0,0.0,0.0,0.0,Brute Force
1,1,11,8,2408.9736760784103,3,0.0,3.0531016298829536,0,0.0,0.0,0.0,Normal
0,1,12,5,2178.1098988849903,3,0.0,8.900597354275224,0,0.0,0.0,0.0,Normal
0,1,7,1,16550.061946894886,1,0.0,7.343082881562387,0,0.0,0.0,0.0,Normal
0,1,9,1,11815.73350783994,2,0.0,4.563328664562661,0,0.0,0.0,0.0,Normal
0,1,11,3,6405.143655334483,3,0.0,2.030181093770897,0,0.0,0.0,1.0,Normal
0,1,7,9,2364.888099749758,2,0.0,9.294414396916928,0,0.0,0.0,0.0,Normal
1,2,1,4,6981.179896957418,1,0.0,9.114112769750097,0,0.0,0.0,0.0,Normal
0,1,14,1,6001.333155343144,3,0.0,1.2099009840640753,0,1.0,0.0,0.0,Normal
0,2,13,5,6111.264103520702,1,0.0,3.832808435746922,0,0.0,0.0,0.0,Normal
0,2,6,6,588.0442224608704,2,0.0,2.1970361888889207,0,0.0,0.0,0.0,Normal
1,1,5,8,1759.982749118335,3,0.0,9.701670090201675,0,0.0,0.0,0.0,Normal
0,1,2,4,2447.500794245924,1,0.0,9.630706115415215,0,0.0,0.0,0.0,Normal
0,1,28,26,47226630.66991499,3,0.0,46.20487408987944,0,0.0,1.0,1.0,Data Exfiltration
2,2,7,7,12009.861756679022,1,0.0,7.713299075430464,0,0.0,0.0,0.0,Normal
0,1,5,1,4255.183742669069,2,0.0,9.270965467711545,0,0.0,0.0,0.0,Normal
1,2,51,12,111811577.64656049,2,0.0,29.681053064922583,1,0.0,1.0,1.0,Data Exfiltration
0,2,2,2,4863.811051451365,1,0.0,2.3159933961447456,0,0.0,0.0,0.0,Normal
0,1,1,9,4313.154372603558,1,0.0,7.461291910534473,0,0.0,0.0,0.0,Normal
0,1,14,6,485.6140603858782,1,0.0,6.833970423765329,0,0.0,0.0,0.0,Normal
0,1,11,3,647.9857708185995,2,0.0,8.104671571054508,1,0.0,0.0,0.0,Normal
0,1,6,6,5323.549761043511,3,0.0,1.5367379147208118,0,0.0,0.0,0.0,Normal
0,1,13,7,6395.069490811938,3,0.0,4.532538855662296,0,0.0,0.0,0.0,Normal
0,1,7,8,7287.433857750125,1,0.0,6.18627965579733,0,0.0,0.0,0.0,Normal
0,1,12,14,17232.679769210088,2,1.0,10.394903310986717,0,1.0,0.0,0.0,Privilege Escalation
2,1,12,6,11011.65690274562,1,0.0,14.121224689057861,0,1.0,0.0,1.0,Privilege Escalation
0,1,6,4,19158.088689370954,2,0.0,3.0972974801521627,0,0.0,0.0,0.0,Normal
0,1,2,4,6392.653563183188,1,0.0,5.592041444792754,0,0.0,0.0,0.0,Normal
1,1,19,3,2586.702872620842,1,0.0,24.081393093403836,1,1.0,1.0,1.0,Privilege Escalation
0,1,1,1,308.9868648258873,3,0.0,3.335392209140937,0,0.0,0.0,0.0,Normal
1,1,24,7,10876.297797958827,2,0.0,29.367475317711996,0,1.0,1.0,0.0,Privilege Escalation
0,1,3,4,902.6538032455135,1,0.0,3.189725887101428,0,0.0,0.0,0.0,Normal
0,2,4,5,1283.7845293195624,3,0.0,4.114936259965932,1,0.0,0.0,0.0,Normal
0,1,11,9,4744.077006025558,3,0.0,1.4264265975044546,0,0.0,0.0,0.0,Normal
0,2,10,2,14877.263012551579,1,0.0,3.081378696842016,0,0.0,0.0,0.0,Normal
25,1,77,37,1965.1524509119938,2,0.0,117.95262557153505,0,0.0,0.0,0.0,Brute Force
0,1,5,9,2561.176715212908,3,0.0,2.590842061909443,0,0.0,0.0,0.0,Normal
0,1,39,28,130449718.65551794,4,0.0,42.482568031586,1,0.0,0.0,1.0,Data Exfiltration
1,1,26,33,100344682.23883891,4,1.0,31.404126503075535,1,0.0,1.0,1.0,Data Exfiltration
1,2,21,16,438690.69173490047,5,0.0,40.40747288088049,1,1.0,1.0,0.0,Lateral Movement
1,1,7,8,5408.780265397588,2,0.0,4.546535678522715,1,0.0,0.0,0.0,Normal
0,1,32,22,79873481.87769896,3,0.0,22.23691527526053,1,0.0,1.0,1.0,Data Exfiltration
0,1,11,3,10549.509470959752,1,0.0,6.792695177950318,0,0.0,0.0,0.0,Normal
1,1,14,9,4752.411704372194,2,0.0,9.091800639645339,0,0.0,0.0,0.0,Normal
0,1,4,9,1074.5294925408875,3,0.0,7.558844178020177,0,0.0,0.0,0.0,Normal
20,2,59,30,2481.189546301186,2,0.0,104.3235225078928,1,0.0,0.0,0.0,Brute Force
0,1,10,4,13728.5143113046,1,0.0,5.163248679845025,0,0.0,0.0,0.0,Normal
0,1,5,1,676.5914351735411,1,0.0,3.839927262804237,0,0.0,0.0,0.0,Normal
0,1,4,3,10229.117341453199,3,0.0,8.001113450383333,0,0.0,0.0,0.0,Normal
0,1,4,1,1817.8730646355104,1,0.0,5.44530380904591,0,0.0,0.0,1.0,Normal
0,2,57,11,38317410.04028662,2,0.0,18.85048083579637,1,1.0,1.0,1.0,Data Exfiltration
0,2,2,6,5146.624098329995,3,0.0,6.903256172337761,0,1.0,0.0,0.0,Normal
0,2,3,7,2415.0818957773085,2,0.0,1.4376472447174993,0,0.0,0.0,0.0,Normal
0,1,6,3,2841.789271074721,2,0.0,8.940278110083376,0,0.0,0.0,1.0,Normal
1,1,3,6,15794.460313656664,2,0.0,7.744016618149377,0,0.0,0.0,0.0,Normal
0,1,34,21,83531025.5702014,3,0.0,12.853408213094216,1,0.0,0.0,1.0,Data Exfiltration
0,1,2,9,551.7144567166853,1,0.0,1.764055490052733,0,0.0,0.0,0.0,Normal
1,4,29,41,385592.08399647736,10,1.0,26.850431289536047,0,0.0,0.0,1.0,Lateral Movement
0,1,10,5,12409.886073930285,2,0.0,8.491468291442713,1,0.0,0.0,0.0,Normal
0,1,1,8,3688.873962888253,3,0.0,4.197732409011069,0,0.0,0.0,0.0,Normal
0,1,11,7,10763.474099501871,3,0.0,8.486584953262902,0,0.0,0.0,0.0,Normal
1,2,15,8,19463.399670085484,2,1.0,22.776320038205483,0,1.0,0.0,0.0,Privilege Escalation
0,1,7,4,5157.869166433343,1,0.0,2.812961169301296,0,0.0,0.0,0.0,Normal
0,1,2,7,7016.822621324908,1,0.0,6.244514565555242,0,0.0,0.0,1.0,Normal
3,5,65,46,123438.82943317192,8,1.0,28.264322764923683,1,1.0,0.0,1.0,Lateral Movement
0,1,2,7,9116.281345565645,3,0.0,5.686334038356522,0,0.0,0.0,0.0,Normal
0,1,1,4,4326.969535124144,1,0.0,7.06140830361865,0,0.0,0.0,0.0,Normal
0,1,12,2,5663.978959958847,1,0.0,5.906561565093579,0,0.0,0.0,0.0,Normal
0,1,12,7,570.6373677266753,2,0.0,1.9905238039385935,0,0.0,0.0,0.0,Normal
2,2,11,9,3703.717565485626,2,0.0,22.62146250949917,0,1.0,1.0,0.0,Privilege Escalation
0,1,12,8,4209.725641171541,1,1.0,20.57052179441202,1,1.0,1.0,0.0,Privilege Escalation
0,1,9,4,6135.743949250927,3,0.0,6.7611827385183,0,0.0,0.0,0.0,Normal
29,1,33,54,759.0699658956294,1,0.0,53.28853253702014,0,0.0,0.0,0.0,Brute Force
0,2,8,3,2053.3376695572765,3,0.0,4.367539842324221,0,0.0,0.0,0.0,Normal
0,1,11,7,14877.427559754788,1,0.0,1.5962922725877995,0,0.0,0.0,0.0,Normal
20,1,21,26,1887.638422631068,2,0.0,57.553820591889064,0,0.0,1.0,0.0,Brute Force
1,5,38,44,109877.89929365585,9,1.0,20.7500286619719,1,1.0,1.0,0.0,Lateral Movement
0,1,1,9,1015.9279691435065,3,0.0,7.064327311873126,0,0.0,0.0,0.0,Normal
0,2,5,4,3875.5642321080586,2,0.0,6.797356381305748,0,0.0,0.0,1.0,Normal
0,2,12,8,1036.0569286343728,2,0.0,6.60430356609646,0,0.0,0.0,0.0,Normal
0,1,1,1,5475.73263816852,3,0.0,8.134304055051867,0,0.0,0.0,0.0,Normal
1,1,8,6,7336.148336562009,2,0.0,4.206083578847574,0,0.0,0.0,0.0,Normal
0,1,7,4,3063.209265794604,1,0.0,9.517436627392485,0,0.0,0.0,0.0,Normal
1,1,23,4,1830.0195978212478,2,1.0,27.410557470212566,1,1.0,0.0,0.0,Privilege Escalation
35,3,77,23,2395.56772395646,1,0.0,45.441744938682234,0,0.0,0.0,0.0,Brute Force
0,1,9,3,285.9144568925571,2,0.0,1.3458602678015317,0,0.0,0.0,0.0,Normal
1,1,7,6,16480.602169064165,2,0.0,19.334101918634197,0,1.0,1.0,0.0,Privilege Escalation
43,2,38,56,1901.5883303861067,1,1.0,89.61303856680127,0,0.0,0.0,0.0,Brute Force
1,1,45,16,10667975.89170957,1,0.0,46.00966038924512,1,0.0,0.0,1.0,Data Exfiltration
0,1,7,4,2785.2777655010796,1,0.0,3.2063772659637824,0,0.0,0.0,0.0,Normal
13,1,54,42,3251.8743988705473,1,1.0,63.34763995017403,1,0.0,0.0,0.0,Brute Force
0,1,8,8,2746.85293418637,2,0.0,8.997476413919063,1,0.0,0.0,0.0,Normal
2,1,12,8,2002.1588378168515,2,0.0,9.66463220257531,0,0.0,0.0,0.0,Normal
0,1,9,6,687.7198957574147,3,0.0,3.5950728501521727,1,0.0,0.0,0.0,Normal
1,1,4,5,2984.485050708827,1,0.0,4.032224529323145,0,0.0,0.0,0.0,Normal
0,1,4,6,9272.830866151306,1,0.0,7.4367268358828404,0,0.0,0.0,0.0,Normal
0,1,6,2,3689.416526240301,2,0.0,4.965882467941961,0,0.0,0.0,0.0,Normal
0,1,2,4,2566.7795627803885,1,0.0,2.0161930497298832,0,0.0,0.0,0.0,Normal
3,2,12,13,2538.4155063597873,1,0.0,16.628382546389183,1,1.0,0.0,0.0,Privilege Escalation
0,1,5,6,15563.32033004307,1,0.0,1.0794033003730705,0,0.0,0.0,0.0,Normal
2,3,53,21,153561.504232924,10,0.0,50.63540724365784,1,0.0,1.0,0.0,Lateral Movement
0,1,9,3,169.10057088630543,2,0.0,5.857349637939676,0,0.0,0.0,0.0,Normal
1,1,3,8,11054.53427997073,2,0.0,7.196719618970783,0,0.0,0.0,0.0,Normal
43,1,31,48,2673.1089421361166,1,1.0,64.90009375565083,1,0.0,0.0,0.0,Brute Force
0,1,9,1,2944.936239048376,3,0.0,6.879081419261606,0,0.0,0.0,0.0,Normal
5,1,49,42,2199.722178459319,1,1.0,32.19673607333474,1,0.0,0.0,0.0,Brute Force
0,1,2,3,3235.9899774665573,2,0.0,3.421125381199743,0,0.0,0.0,0.0,Normal
0,1,21,20,30078080.344846208,3,0.0,43.32498152639331,1,0.0,1.0,1.0,Data Exfiltration
1,3,41,44,460981.10250019724,4,0.0,55.745598221894205,1,1.0,0.0,0.0,Lateral Movement
0,1,4,8,1784.747653211515,1,0.0,5.063606551672061,0,0.0,0.0,0.0,Normal
0,1,14,5,6484.183906218866,1,0.0,1.3082911626397598,0,0.0,0.0,0.0,Normal
0,1,3,8,15305.85485423405,2,0.0,8.245859523616804,0,0.0,0.0,0.0,Normal
0,1,12,8,4296.195256363065,3,0.0,5.44624743580182,0,0.0,0.0,0.0,Normal
0,4,48,31,262505.124229372,4,0.0,59.526867739252566,1,0.0,1.0,0.0,Lateral Movement
0,1,14,1,17633.814563584932,3,0.0,8.261842539419916,0,0.0,0.0,0.0,Normal
11,2,31,11,841.3409660388314,1,0.0,44.34585066051878,1,0.0,0.0,0.0,Brute Force
32,1,50,44,1692.9304602260386,1,1.0,103.71619423257663,1,0.0,1.0,0.0,Brute Force
0,2,4,1,1909.0285581975952,3,0.0,7.643517271269564,0,0.0,0.0,0.0,Normal
0,1,12,9,415.4873630124809,3,0.0,3.0276000267628986,0,0.0,0.0,0.0,Normal
2,2,4,4,2733.4373419646236,3,0.0,7.224133399912506,0,0.0,0.0,0.0,Normal
0,1,11,2,4024.086198974767,3,0.0,1.47075194874989,0,0.0,0.0,0.0,Normal
0,1,14,6,362.27184148757357,2,0.0,6.657719919127322,0,0.0,0.0,0.0,Normal
1,1,4,7,1015.0403158705469,3,0.0,2.710768713398603,0,0.0,0.0,0.0,Normal
0,5,61,47,73204.34492257227,8,1.0,36.67257765190656,0,1.0,1.0,0.0,Lateral Movement
0,3,22,34,39274.212994467845,4,1.0,44.361653909177406,1,1.0,1.0,0.0,Lateral Movement
0,1,8,8,14505.517571465454,2,0.0,5.835500618936032,0,0.0,0.0,0.0,Normal
39,2,47,11,2824.0756235199274,2,0.0,56.153474444964665,0,0.0,1.0,0.0,Brute Force
45,1,44,27,3392.5522999616937,1,1.0,42.08088490783204,0,0.0,0.0,0.0,Brute Force
0,1,5,1,4789.086867911035,3,0.0,3.3344561893442157,0,0.0,0.0,0.0,Normal
0,1,13,3,5557.8630758922845,1,0.0,5.45299159126296,0,0.0,0.0,0.0,Normal
0,1,12,4,1783.1883528421977,2,0.0,1.1243998368774522,1,0.0,0.0,1.0,Normal
0,1,6,2,2858.7691281990847,3,0.0,8.286231720441574,0,0.0,0.0,0.0,Normal
44,2,24,50,3777.080227376517,1,1.0,76.87893411822962,0,0.0,1.0,0.0,Brute Force
0,1,6,4,9250.776353436191,3,0.0,2.8844320010119544,0,0.0,0.0,0.0,Normal
0,1,14,1,5548.158408643856,3,0.0,5.750595203862853,0,0.0,0.0,0.0,Normal
18,1,71,33,2981.3282351695493,1,1.0,46.85823714816007,0,0.0,0.0,0.0,Brute Force
1,1,7,8,771.9408529905902,1,0.0,5.922962653046684,0,0.0,0.0,0.0,Normal
1,1,13,8,9122.360924265971,2,0.0,8.074004428696302,0,0.0,0.0,0.0,Normal
1,1,5,9,11828.108014752297,1,0.0,9.410663965639282,0,0.0,0.0,0.0,Normal
0,1,5,4,5706.615800580333,1,0.0,1.1222342910889276,0,0.0,0.0,0.0,Normal
1,1,4,8,6273.010405430638,3,0.0,5.91449133192908,0,0.0,0.0,0.0,Normal
1,1,36,15,121005592.34431596,4,0.0,41.404686239727916,0,0.0,1.0,1.0,Data Exfiltration
0,1,23,19,103428634.27406555,2,0.0,42.47491352078966,1,0.0,0.0,1.0,Data Exfiltration
2,2,27,17,305021.0232539242,11,0.0,42.03674845524528,0,1.0,1.0,0.0,Lateral Movement
0,1,11,8,2613.99665467098,3,0.0,3.202832356841174,0,0.0,0.0,0.0,Normal
0,2,10,6,153.12791851324218,3,0.0,3.799025318377821,0,1.0,0.0,0.0,Normal
0,1,14,8,1914.4400661069046,1,0.0,9.83735851915159,0,0.0,0.0,0.0,Normal
0,2,14,7,1278.2042240141327,2,0.0,6.1340476138511,0,0.0,0.0,0.0,Normal
9,2,92,43,1498.6177645081307,1,0.0,78.06080187664537,1,0.0,0.0,0.0,Brute Force
2,4,64,16,113615.70274757786,11,0.0,26.84625456376061,0,0.0,0.0,1.0,Lateral Movement
1,1,10,8,13369.640869943687,3,0.0,8.780405820359112,0,0.0,0.0,0.0,Normal
0,1,11,2,13543.414441680527,1,0.0,3.9182490607475353,0,0.0,0.0,0.0,Normal
0,1,5,3,71.65207699921775,3,0.0,6.070410624030535,0,0.0,0.0,0.0,Normal
0,1,6,1,8934.705942812545,1,0.0,5.597282941403837,0,0.0,0.0,0.0,Normal
0,1,4,9,832.73857914823,2,0.0,5.646958502577772,1,0.0,0.0,0.0,Normal
2,1,3,2,2574.545904435423,1,0.0,3.4478859068504333,0,0.0,0.0,0.0,Normal
0,5,37,26,201114.52436820854,7,1.0,23.40861070215371,1,0.0,0.0,0.0,Lateral Movement
28,1,48,27,1469.0132604129767,1,0.0,32.32743451847374,1,0.0,0.0,0.0,Brute Force
41,2,66,20,761.3552556932189,1,0.0,94.45456961460485,1,0.0,0.0,0.0,Brute Force
0,1,24,10,16187.462322700976,2,0.0,24.07512338917765,0,1.0,1.0,0.0,Privilege Escalation
1,4,41,21,204168.18925028222,11,1.0,27.933302913843203,1,0.0,1.0,0.0,Lateral Movement
1,1,6,1,6611.159866725823,2,0.0,5.478808069417074,0,1.0,0.0,0.0,Normal
0,1,56,17,115727289.53408359,1,1.0,39.40597843723535,1,1.0,0.0,1.0,Data Exfiltration
0,1,10,9,540.1556695760424,3,0.0,2.528934285440331,0,0.0,0.0,0.0,Normal
13,1,24,53,3472.500412544326,1,1.0,51.32025239351975,1,0.0,1.0,0.0,Brute Force
1,1,42,34,37716992.00298369,1,0.0,47.132673901737704,1,0.0,1.0,1.0,Data Exfiltration
0,1,12,6,1483.7453723957192,3,0.0,4.6543078593493235,0,0.0,0.0,0.0,Normal
1,1,2,1,4177.145123581805,3,0.0,2.4689987735013887,0,0.0,0.0,0.0,Normal
0,1,3,4,7199.754413136299,2,0.0,4.828736443964466,0,0.0,0.0,0.0,Normal
1,1,10,9,78.42456955090901,2,0.0,5.530401576498154,0,0.0,0.0,0.0,Normal
1,2,12,8,2054.8913109017403,1,0.0,7.538897148766015,1,1.0,0.0,1.0,Privilege Escalation
0,1,21,10,16077.902812705253,1,1.0,21.922801672071532,1,1.0,0.0,0.0,Privilege Escalation
0,1,1,4,6630.106857364789,1,0.0,1.931015050236414,0,0.0,0.0,0.0,Normal
0,1,9,8,1479.585336845861,3,0.0,6.9599135611010094,0,0.0,0.0,0.0,Normal
13,2,93,38,3592.6131059708023,1,0.0,77.39385871501318,1,0.0,0.0,0.0,Brute Force
0,1,5,5,8056.214042812938,3,0.0,9.743689243739407,0,0.0,0.0,0.0,Normal
0,2,14,5,1611.7586995486993,1,0.0,4.019429853702899,0,0.0,0.0,0.0,Normal
0,1,8,3,162.93981357572628,1,0.0,2.0641435815363693,0,0.0,0.0,0.0,Normal
0,1,7,9,222.1437380254292,1,0.0,7.99982428809687,0,0.0,0.0,0.0,Normal
0,1,10,3,3736.9482645068506,2,0.0,3.139564260504282,0,0.0,0.0,0.0,Normal
1,1,2,6,10511.797532941631,2,0.0,3.6181612659689804,0,0.0,0.0,0.0,Normal
0,1,1,7,24712.617575773456,3,0.0,5.008609700087582,0,0.0,0.0,0.0,Normal
1,1,10,9,5027.369748930034,1,0.0,2.544610166961083,0,0.0,0.0,1.0,Normal
0,1,10,5,1465.3856545311626,2,0.0,5.159034304315771,0,0.0,0.0,0.0,Normal
2,1,13,5,3649.0800611955165,1,0.0,7.592180312597065,0,0.0,0.0,0.0,Normal
0,1,11,7,3251.367840892972,3,0.0,2.2821683327839772,0,0.0,0.0,0.0,Normal
12,1,63,52,3873.7944344427874,1,1.0,77.47377409158022,1,0.0,1.0,0.0,Brute Force
13,1,24,15,2769.742129091875,2,0.0,110.21266318333497,1,0.0,0.0,0.0,Brute Force
0,1,13,8,637.842782376072,2,0.0,2.091041824062066,0,0.0,0.0,1.0,Normal
1,2,17,12,16618.32965097476,2,0.0,9.487886175015928,1,1.0,1.0,1.0,Privilege Escalation
0,1,42,35,40457745.09208903,1,0.0,11.521040261573505,1,0.0,1.0,1.0,Data Exfiltration
0,2,29,20,118978173.06060754,1,0.0,49.83724663592169,1,0.0,1.0,1.0,Data Exfiltration
6,1,52,49,1050.630716256768,2,1.0,107.81547283398211,0,0.0,0.0,0.0,Brute Force
0,1,6,4,8239.738717601442,1,0.0,3.3947137926974627,0,0.0,0.0,0.0,Normal
0,1,4,3,3518.27576012562,3,0.0,6.765750291881104,0,0.0,0.0,0.0,Normal
0,1,13,9,1637.7873608331606,3,0.0,8.10181136436772,0,0.0,0.0,0.0,Normal
0,1,10,1,2135.9903678494943,3,0.0,5.412070733157417,0,0.0,0.0,0.0,Normal
0,1,10,3,1412.471909594566,3,0.0,7.933889758611105,0,0.0,0.0,0.0,Normal
0,1,10,8,11176.03232917195,1,0.0,8.360000955744653,0,0.0,0.0,0.0,Normal
0,1,10,1,6689.485104467402,1,0.0,7.3346741661956125,1,0.0,0.0,0.0,Normal
0,1,11,7,2538.7762491660033,2,0.0,6.811884556236431,1,0.0,0.0,1.0,Normal
0,1,5,2,904.8571121169604,3,0.0,7.8936235417496565,0,0.0,0.0,0.0,Normal
0,1,12,9,11827.488663968283,2,0.0,4.0166481629689175,0,0.0,0.0,0.0,Normal
0,1,13,2,3354.299672995162,1,0.0,4.904393144363249,0,0.0,0.0,0.0,Normal
0,1,7,9,5289.4639791299605,2,0.0,4.55085287418183,0,0.0,0.0,0.0,Normal
0,1,16,5,16814.968589530567,1,0.0,20.251725904937693,1,1.0,1.0,1.0,Privilege Escalation
0,1,5,3,210.45798996063726,1,0.0,4.738540869719185,0,0.0,0.0,0.0,Normal
1,1,13,4,14205.181746857455,3,0.0,5.405042788169855,0,0.0,0.0,0.0,Normal
0,2,12,9,3794.5497025092295,1,0.0,5.339946453043478,0,0.0,0.0,0.0,Normal
1,1,3,8,6398.229693960094,3,0.0,3.6231064423603354,0,0.0,0.0,0.0,Normal
1,1,10,5,2152.164555180533,1,0.0,1.9827738948281204,0,0.0,0.0,0.0,Normal
0,1,9,8,11620.17953954238,2,0.0,1.89629783495505,0,0.0,0.0,0.0,Normal
1,2,39,25,8254561.3914629035,4,0.0,15.453629247335336,1,1.0,1.0,1.0,Data Exfiltration
0,1,12,3,6245.182192057902,2,0.0,6.209857392149705,0,0.0,0.0,1.0,Normal
0,1,11,2,3348.1007801181513,3,0.0,1.6428049398204172,0,0.0,0.0,0.0,Normal
3,2,10,14,2751.093992267909,1,0.0,22.686988755240336,1,1.0,0.0,1.0,Privilege Escalation
11,1,99,48,2715.6502321650305,2,1.0,88.70005419989053,0,0.0,0.0,0.0,Brute Force
0,1,12,1,5924.558403850882,1,0.0,5.8224505550449805,0,0.0,0.0,0.0,Normal
1,2,2,5,5671.613252215994,3,0.0,6.257967591635232,0,0.0,0.0,0.0,Normal
5,3,92,48,2421.6852895018415,2,1.0,101.9872399577602,1,0.0,1.0,0.0,Brute Force
1,1,11,2,15013.12753836879,1,0.0,3.802982718990691,0,0.0,0.0,0.0,Normal
0,1,8,6,6926.53182068919,3,0.0,9.13060216803721,0,0.0,0.0,0.0,Normal
0,1,7,6,2412.752716651847,2,0.0,4.876969710137363,0,0.0,0.0,0.0,Normal
0,1,4,1,3238.115835213133,3,0.0,3.533816000561914,0,0.0,0.0,0.0,Normal
30,1,78,47,1397.9547718713297,1,1.0,41.516531544164316,0,0.0,0.0,0.0,Brute Force
10,1,58,58,962.8404354373031,2,1.0,42.91295198680562,1,0.0,0.0,0.0,Brute Force
2,5,69,46,332587.6260065411,8,0.0,56.67646936384324,0,1.0,0.0,1.0,Lateral Movement
0,1,11,7,2701.1617006289202,3,0.0,6.170839430735852,0,0.0,0.0,0.0,Normal
1,2,6,5,1635.3462786155617,1,0.0,1.3492407162785063,1,0.0,0.0,0.0,Normal
0,1,6,4,1444.9912613372928,3,0.0,7.11383985969403,0,0.0,0.0,0.0,Normal
1,2,12,12,15777.12373536115,2,0.0,13.914026499627138,0,1.0,0.0,1.0,Privilege Escalation
8,2,72,42,1372.4725322823372,1,1.0,79.85040495744116,1,0.0,0.0,0.0,Brute Force
0,1,8,6,10497.372170505343,2,0.0,2.676786557522052,1,0.0,0.0,1.0,Normal
0,1,44,12,104963269.93737482,1,0.0,13.430712187337978,1,0.0,1.0,1.0,Data Exfiltration
1,5,32,20,282538.81443736394,10,1.0,17.514918005714932,1,0.0,1.0,0.0,Lateral Movement
3,4,60,36,172073.7201258644,8,1.0,50.447358396359995,0,1.0,1.0,0.0,Lateral Movement
0,1,5,3,5434.060997809699,1,1.0,10.02217729700276,1,1.0,0.0,0.0,Privilege Escalation
0,1,2,7,7306.954998921274,1,0.0,7.449684307888699,0,0.0,0.0,0.0,Normal
23,1,26,31,1244.4052892933132,1,1.0,77.98598343842654,0,0.0,1.0,0.0,Brute Force
1,2,22,36,197245.05876967596,11,0.0,47.05789289060115,1,0.0,1.0,0.0,Lateral Movement
2,1,5,2,103.52461028613715,2,0.0,4.469932012063627,0,0.0,0.0,0.0,Normal
0,1,3,1,9278.363138639963,1,0.0,6.826979096345828,0,0.0,0.0,0.0,Normal
0,1,9,9,4319.468256218117,3,0.0,3.722738870842414,0,0.0,0.0,0.0,Normal
1,1,8,7,8960.537071907873,1,0.0,4.384780415520418,0,0.0,0.0,0.0,Normal
2,2,57,34,399935.940161291,6,1.0,15.585085491586856,0,1.0,0.0,0.0,Lateral Movement
0,1,7,9,5426.106926647447,2,0.0,6.511626172926748,0,0.0,0.0,0.0,Normal
0,1,3,7,363.0396161973555,2,0.0,2.8926570409255596,0,0.0,0.0,0.0,Normal
0,1,9,8,5016.222022233728,3,0.0,5.09580699495767,0,1.0,0.0,0.0,Normal
41,1,78,33,3467.5954606114815,1,1.0,94.42799472578328,0,0.0,0.0,0.0,Brute Force
1,1,39,13,114106325.08003645,3,1.0,40.749199300554075,1,1.0,0.0,1.0,Data Exfiltration
0,1,12,1,8720.991607145197,2,0.0,8.268958698989913,0,0.0,0.0,0.0,Normal
0,1,50,27,22433382.797223367,2,0.0,15.253407083042712,1,1.0,1.0,1.0,Data Exfiltration
0,1,7,9,5836.535362168658,2,1.0,23.164414269223254,1,1.0,1.0,0.0,Privilege Escalation
2,2,8,6,122.37565544606073,3,0.0,3.79712721281182,0,0.0,0.0,0.0,Normal
1,1,11,9,3206.9015723459747,3,0.0,2.0144051447401807,1,0.0,0.0,1.0,Normal
0,1,1,8,2971.716930715639,3,0.0,8.081570210627508,1,0.0,0.0,0.0,Normal
2,1,5,3,2105.284974747379,2,0.0,5.568042241994734,0,0.0,0.0,0.0,Normal
0,1,9,5,12037.232181440608,1,0.0,1.1034817515756798,0,0.0,0.0,0.0,Normal
47,2,94,15,3490.863293550253,1,1.0,96.04396983626694,0,0.0,0.0,0.0,Brute Force
0,1,2,8,9004.866474250777,3,0.0,5.919845952730573,0,0.0,0.0,0.0,Normal
1,1,4,7,1051.1088056408414,2,0.0,3.2069762054863835,0,0.0,0.0,1.0,Normal
0,1,12,2,11388.627583686346,1,0.0,1.625381422773877,1,0.0,0.0,0.0,Normal
2,5,61,41,59060.95151692722,7,1.0,56.86103485117462,1,0.0,1.0,0.0,Lateral Movement
0,2,9,3,3525.750268690268,2,0.0,1.1801322385563953,0,0.0,0.0,0.0,Normal
10,1,92,16,1839.4719981650096,1,0.0,66.61345368279771,1,0.0,0.0,0.0,Brute Force
0,1,14,1,2581.113079154006,3,0.0,6.438168676873889,0,0.0,0.0,0.0,Normal
0,1,1,8,522.5205017788171,2,0.0,7.890310574119542,0,0.0,0.0,0.0,Normal
0,1,6,6,1481.297723456099,3,0.0,6.867589104857532,0,0.0,0.0,0.0,Normal
0,1,13,3,2588.248688226849,1,0.0,9.907969741120805,0,0.0,0.0,1.0,Normal
0,1,9,9,11239.683294601728,3,0.0,1.2633589825059897,0,0.0,0.0,0.0,Normal
0,1,3,9,6767.4093277951515,3,0.0,1.1867398636634103,0,0.0,0.0,0.0,Normal
1,1,34,34,94425248.0004894,4,0.0,49.02053464739058,0,1.0,0.0,1.0,Data Exfiltration
0,1,8,8,2278.5032970156412,2,0.0,3.2703346943881395,0,0.0,0.0,0.0,Normal
0,1,9,1,4577.756732818584,3,0.0,9.020050070080385,0,0.0,0.0,0.0,Normal
0,1,13,2,2674.808790616555,1,0.0,6.805928846421399,1,0.0,0.0,0.0,Normal
0,1,4,1,3453.055646210677,3,0.0,2.702881047751988,1,0.0,0.0,0.0,Normal
1,1,16,4,11103.003405324294,1,1.0,15.903756662980902,1,1.0,0.0,0.0,Privilege Escalation
0,1,3,4,227.48321008020315,2,0.0,8.217676045203135,0,0.0,0.0,0.0,Normal
1,1,5,1,2553.812500324482,1,0.0,4.584793310772142,0,0.0,0.0,0.0,Normal
3,1,17,9,6573.160355977358,1,1.0,14.971954994928115,1,1.0,1.0,0.0,Privilege Escalation
4,2,41,34,182816.23695292187,9,1.0,31.01993350148672,0,0.0,1.0,0.0,Lateral Movement
25,1,51,31,3046.856138077417,1,0.0,32.99162924879491,1,0.0,0.0,0.0,Brute Force
7,2,20,40,2121.506071732522,1,0.0,30.481169610354524,1,0.0,0.0,0.0,Brute Force
0,1,7,1,13.358669569583046,1,0.0,9.668668505769011,0,0.0,0.0,0.0,Normal
0,1,2,4,4279.346669826973,2,0.0,8.387592972208198,0,0.0,0.0,0.0,Normal
0,1,12,7,1881.2925097710634,2,0.0,6.059300090577181,0,0.0,0.0,0.0,Normal
2,2,3,9,7731.393749592437,1,0.0,7.351188818071442,0,0.0,0.0,0.0,Normal
2,1,11,3,12724.528656171451,2,0.0,19.22250681463005,1,1.0,0.0,1.0,Privilege Escalation
0,1,11,6,2124.5783283327287,2,0.0,9.620817038898185,0,0.0,0.0,0.0,Normal
0,1,4,1,8255.68289280089,1,0.0,2.378332752973817,0,0.0,0.0,0.0,Normal
0,1,10,3,963.0860556417496,3,0.0,3.5476879532533916,0,0.0,0.0,0.0,Normal
0,2,21,9,15910.55801409148,1,1.0,9.104282126104717,1,1.0,0.0,0.0,Privilege Escalation
2,1,10,11,9425.771096108272,1,1.0,13.792677271668351,0,1.0,1.0,1.0,Privilege Escalation
0,1,3,5,9856.584089278622,1,0.0,4.526374359006379,0,0.0,0.0,0.0,Normal
35,1,65,42,500.3858113063786,1,0.0,30.829763478981242,1,0.0,0.0,0.0,Brute Force
0,1,14,1,3432.61855698278,2,0.0,1.4606176210138848,0,0.0,0.0,0.0,Normal
1,1,4,3,4081.1046988383114,3,0.0,5.945980359577579,0,0.0,0.0,0.0,Normal
1,1,4,9,4281.620983978878,2,0.0,3.3881605450785184,1,0.0,0.0,0.0,Normal
0,1,5,7,537.3172152100979,1,0.0,6.474972296322919,0,0.0,0.0,0.0,Normal
12,3,87,51,2421.6669413120453,1,0.0,94.81000069873798,0,0.0,0.0,0.0,Brute Force
0,1,6,8,2309.733921248556,3,0.0,7.316699595855582,0,0.0,0.0,0.0,Normal
0,1,2,3,3835.2042985653743,3,0.0,9.897314311236988,0,0.0,0.0,0.0,Normal
0,1,6,1,4685.188247200033,2,0.0,6.730487606227526,0,0.0,0.0,0.0,Normal
1,1,40,38,34224443.56496695,2,0.0,32.508203890801454,1,0.0,0.0,1.0,Data Exfiltration
0,1,13,6,238.0585025322744,2,0.0,4.749377326245488,0,0.0,0.0,0.0,Normal
0,1,8,6,6558.475371858204,2,0.0,5.800666376309431,0,0.0,0.0,0.0,Normal
0,1,3,4,6990.419244226762,3,0.0,3.792131666494034,1,0.0,0.0,0.0,Normal
0,2,3,5,13755.94505191167,2,0.0,6.237728267606329,0,0.0,0.0,0.0,Normal
0,1,13,2,16307.190959388241,1,0.0,4.872056530618739,0,0.0,0.0,0.0,Normal
36,2,96,19,2905.252644133902,1,0.0,32.89711348649715,0,0.0,0.0,0.0,Brute Force
0,1,6,9,8201.603712988854,1,0.0,4.993834400023019,0,0.0,0.0,0.0,Normal
1,1,4,4,96.41185684017972,2,0.0,6.422602037978398,0,0.0,0.0,0.0,Normal
1,1,50,17,38953006.29246112,3,0.0,25.42369987107431,1,1.0,0.0,1.0,Data Exfiltration
0,1,5,4,2935.5149161133236,2,0.0,1.3552080676690177,0,0.0,0.0,0.0,Normal
1,4,37,36,109133.1029925033,5,0.0,49.523280067571775,1,1.0,1.0,0.0,Lateral Movement
0,1,2,6,2135.755955337552,1,0.0,9.202863779543808,0,0.0,0.0,0.0,Normal
0,2,14,5,6445.082900825279,3,0.0,6.856960508034493,0,0.0,0.0,0.0,Normal
0,1,1,8,6628.90670493811,1,0.0,6.158214411886634,0,0.0,0.0,0.0,Normal
1,1,5,8,564.4793456958906,2,0.0,3.0408242224997055,1,0.0,0.0,0.0,Normal
0,1,5,9,4477.532674002953,2,0.0,6.283232937403863,0,0.0,0.0,0.0,Normal
0,1,2,3,5527.485323233332,2,0.0,4.524687603584353,0,0.0,0.0,0.0,Normal
9,1,56,48,2067.0651138847625,1,0.0,66.53229088146792,0,0.0,0.0,0.0,Brute Force
0,1,1,6,15769.7554022338,3,0.0,5.243647342564462,0,0.0,0.0,0.0,Normal
2,1,11,7,783.7921573510787,1,0.0,1.7575339290418346,0,0.0,0.0,0.0,Normal
0,3,39,31,40903.865190302065,6,1.0,30.89073874563971,1,0.0,1.0,0.0,Lateral Movement
46,1,41,44,1172.1741823861316,1,1.0,62.29854586431536,0,0.0,1.0,0.0,Brute Force
0,1,4,2,5439.297277686558,3,0.0,4.89383042165294,0,0.0,0.0,0.0,Normal
0,1,11,1,6127.153124951189,1,0.0,9.254993906279605,0,0.0,0.0,0.0,Normal
15,1,43,23,1929.0014194316839,1,1.0,39.856574274812324,1,0.0,1.0,0.0,Brute Force
0,1,12,1,1625.5122071211806,2,0.0,4.122720985330167,0,0.0,0.0,0.0,Normal
44,1,28,25,3622.0815699888117,2,1.0,88.040586927145,1,0.0,0.0,0.0,Brute Force
0,1,3,7,79.30552645383844,2,0.0,3.570839836462497,0,0.0,0.0,0.0,Normal
0,2,48,23,342479.1374192329,9,1.0,16.710060649903102,1,1.0,1.0,0.0,Lateral Movement
0,1,6,3,20565.353341916107,2,0.0,7.800501986417548,0,0.0,0.0,0.0,Normal
0,1,12,6,2530.9096480032617,3,0.0,4.204953095670635,0,0.0,0.0,0.0,Normal
0,1,7,8,2863.873793856117,1,0.0,4.621876530830127,0,0.0,0.0,0.0,Normal
0,1,3,6,2037.7565654663488,3,0.0,5.582432162886929,0,0.0,0.0,0.0,Normal
0,1,12,4,1781.4428409638824,1,0.0,3.941620274176441,0,0.0,0.0,0.0,Normal
0,1,3,6,3183.085959077233,3,0.0,7.685679080029567,0,1.0,0.0,0.0,Normal
0,1,5,8,4513.76864240209,2,0.0,2.99321724728683,0,0.0,0.0,0.0,Normal
19,2,48,51,1739.5938748209,1,1.0,60.1438397663665,1,0.0,0.0,0.0,Brute Force
1,1,10,6,3611.890031044164,3,0.0,4.9145097736663725,0,0.0,0.0,0.0,Normal
0,1,2,1,8146.762764806967,2,0.0,1.6075110598514877,0,0.0,0.0,0.0,Normal
0,1,3,7,4447.225897828361,2,0.0,8.233348816149554,0,0.0,0.0,0.0,Normal
19,1,37,24,3028.8063748369163,1,1.0,42.09655141990102,0,0.0,1.0,0.0,Brute Force
0,1,13,13,10264.634708388436,2,1.0,17.45855072574105,1,1.0,1.0,1.0,Privilege Escalation
0,1,10,1,490.6443960126562,2,0.0,3.0049672624139547,0,0.0,0.0,0.0,Normal
0,1,10,6,88.11249194870042,2,0.0,5.177760601794679,0,0.0,0.0,0.0,Normal
1,1,11,6,2503.4246982384234,3,0.0,9.449163187775717,0,0.0,0.0,0.0,Normal
34,1,41,45,3377.113913948277,1,0.0,94.17489564236587,0,0.0,1.0,0.0,Brute Force
1,1,14,9,652.4719077149929,3,0.0,3.382285399399059,0,0.0,0.0,0.0,Normal
36,1,62,34,3479.178895618685,1,1.0,67.62464426667202,0,0.0,0.0,0.0,Brute Force
0,1,5,3,2865.949490479142,3,0.0,6.910420312089793,1,0.0,0.0,0.0,Normal
0,5,53,45,303495.6011983607,11,1.0,50.967927431099056,1,0.0,1.0,0.0,Lateral Movement
0,1,5,6,4378.571454029026,2,0.0,7.516875184951463,0,0.0,0.0,0.0,Normal
1,1,20,32,146121901.89152455,3,0.0,36.81266321409244,1,0.0,0.0,1.0,Data Exfiltration
1,1,35,31,133618737.14674883,2,0.0,11.102208891230646,0,1.0,1.0,1.0,Data Exfiltration
0,1,13,6,1415.0465370645406,2,1.0,23.04476824924227,1,1.0,1.0,0.0,Privilege Escalation
0,1,41,10,48722216.211729035,4,0.0,10.537798178461987,1,1.0,0.0,1.0,Data Exfiltration
0,2,1,5,3740.6098567865474,2,0.0,4.082711566300863,0,0.0,0.0,0.0,Normal
0,2,53,10,72389319.45506938,1,0.0,19.645487469933627,1,0.0,1.0,1.0,Data Exfiltration
1,2,19,12,136644576.13067678,1,1.0,37.88971671118986,1,0.0,1.0,1.0,Data Exfiltration
0,2,5,4,1789.1363315033907,2,0.0,5.700254719210885,0,0.0,0.0,0.0,Normal
31,1,97,59,2039.8613176177428,2,0.0,92.96132968608686,0,0.0,0.0,0.0,Brute Force
2,1,5,8,10865.845409837664,1,1.0,8.391512825138985,1,1.0,0.0,1.0,Privilege Escalation
0,1,12,5,11751.32264771282,2,0.0,9.976295633947334,0,0.0,0.0,0.0,Normal
0,1,3,1,887.5886907177446,3,0.0,3.6564043493965475,0,0.0,0.0,0.0,Normal
0,2,10,6,2219.7899542949262,1,0.0,7.06387451166797,0,0.0,0.0,0.0,Normal
0,1,3,2,12712.019985565215,1,0.0,8.628806319868385,0,0.0,0.0,0.0,Normal
0,1,5,5,2265.821530339324,3,0.0,3.2280255607177804,0,0.0,0.0,0.0,Normal
0,1,3,3,1386.9141943797656,3,0.0,9.697000904250793,0,0.0,0.0,0.0,Normal
0,1,6,8,3905.931893041773,1,0.0,7.764910094893341,0,0.0,0.0,0.0,Normal
0,1,1,1,22111.324184260575,2,0.0,6.839634958250633,0,0.0,0.0,0.0,Normal
0,1,11,2,3842.5698166174434,3,0.0,9.327222882560488,0,0.0,0.0,0.0,Normal
2,4,67,39,94746.51164813379,11,0.0,48.96176469121925,0,1.0,1.0,0.0,Lateral Movement
0,1,2,1,6725.958506564754,3,0.0,9.92273541583423,0,0.0,0.0,0.0,Normal
0,1,14,2,6980.552035199094,2,0.0,8.425823147180587,0,0.0,0.0,0.0,Normal
0,4,67,37,458086.69957258395,11,0.0,47.05958118479151,0,0.0,1.0,0.0,Lateral Movement
1,1,3,6,2493.732127422124,3,0.0,4.85187554991332,0,0.0,0.0,0.0,Normal
19,1,52,41,3724.6919593172256,1,1.0,104.89330086093413,1,0.0,1.0,0.0,Brute Force
1,1,8,2,5512.148998721047,2,0.0,8.594814704658376,0,0.0,0.0,0.0,Normal
0,1,2,2,6505.430453154907,2,0.0,4.062983575952861,0,0.0,0.0,0.0,Normal
1,5,46,37,323893.39569836296,10,1.0,51.55252649988762,1,0.0,1.0,0.0,Lateral Movement
0,1,52,37,140820172.06465834,4,1.0,20.367174748292918,1,0.0,1.0,1.0,Data Exfiltration
0,1,8,2,4190.7015030990415,3,0.0,8.762678256040221,0,0.0,0.0,0.0,Normal
0,1,3,8,2565.7843309453247,1,0.0,6.3077987601039265,0,0.0,0.0,0.0,Normal
0,1,4,2,736.2326487243429,2,0.0,5.091251550176885,0,0.0,0.0,0.0,Normal
0,1,14,3,3592.0655045240796,2,0.0,2.5309112156935294,0,0.0,0.0,0.0,Normal
0,1,6,7,223.7623310612409,3,0.0,9.710988849409768,0,0.0,0.0,0.0,Normal
0,1,12,4,1186.7514387757196,3,0.0,4.102841685423661,0,0.0,0.0,0.0,Normal
0,1,8,7,1676.3577054487191,3,0.0,1.3860730989421453,0,0.0,0.0,0.0,Normal
0,1,9,8,983.0197781354572,3,0.0,7.051613939167695,0,0.0,0.0,0.0,Normal
1,1,13,8,2280.434044012702,3,0.0,8.931592067514725,0,0.0,0.0,0.0,Normal
1,1,11,8,6157.917850959086,2,0.0,4.400970766954515,0,0.0,0.0,0.0,Normal
1,1,6,7,2076.266972357626,1,0.0,9.733454405132388,0,0.0,0.0,0.0,Normal
0,1,12,2,1024.1090683764362,1,0.0,5.727352120461449,0,0.0,0.0,0.0,Normal
0,1,1,2,11119.095357461907,3,0.0,6.104472033549381,0,0.0,0.0,0.0,Normal
0,1,5,2,1670.7977991625992,1,0.0,9.802307699971164,0,0.0,0.0,0.0,Normal
0,1,2,3,5358.415370585127,1,0.0,2.9768008874611844,0,0.0,0.0,0.0,Normal
3,1,5,8,3185.538795654326,1,1.0,16.25689141808671,1,1.0,0.0,0.0,Privilege Escalation
0,1,6,7,250.2705331495659,2,0.0,3.4268307547565047,0,0.0,0.0,0.0,Normal
3,3,51,48,234087.6444219371,6,1.0,34.077722952411605,1,0.0,0.0,0.0,Lateral Movement
0,1,12,6,2248.874984600456,3,0.0,4.421051729871078,0,0.0,0.0,0.0,Normal
0,1,12,9,4115.783904161661,1,0.0,6.650048563447042,0,0.0,0.0,0.0,Normal
1,1,9,7,11782.45684716394,2,1.0,18.80919931824144,1,1.0,0.0,0.0,Privilege Escalation
0,1,4,8,2785.7239230356336,2,0.0,6.991917794308373,0,0.0,0.0,0.0,Normal
1,4,33,25,260491.44991476153,4,1.0,16.194585133497434,0,1.0,0.0,0.0,Lateral Movement
5,2,43,36,1179.3631850848783,1,1.0,67.2853902206986,1,0.0,0.0,0.0,Brute Force
2,2,11,4,13790.866742087863,1,1.0,14.251980076090005,0,1.0,1.0,1.0,Privilege Escalation
2,1,17,7,11702.19760434739,2,0.0,22.89991939209546,1,1.0,0.0,0.0,Privilege Escalation
0,1,1,4,1729.9047399036808,2,0.0,1.8789496912907238,0,0.0,0.0,0.0,Normal
0,1,12,4,230.53164946223944,2,0.0,8.807058598499742,0,0.0,0.0,0.0,Normal
0,1,4,4,11408.198817902541,2,0.0,1.7744909021749107,0,0.0,0.0,0.0,Normal
1,2,7,7,2242.248850399487,2,0.0,4.765905640695653,0,0.0,0.0,0.0,Normal
0,1,8,5,556.0093721023811,3,0.0,2.1176177934656746,0,0.0,0.0,0.0,Normal
0,1,10,1,6764.631637019857,2,0.0,3.7670463546521673,0,0.0,0.0,0.0,Normal
46,1,91,15,2693.414657788752,1,1.0,96.09562885532713,1,0.0,0.0,0.0,Brute Force
0,1,4,9,2309.6066583696766,3,0.0,6.561757421625766,0,0.0,0.0,1.0,Normal
1,2,13,8,9542.772180147913,1,1.0,24.93709918512646,0,1.0,0.0,0.0,Privilege Escalation
0,1,7,1,2900.2327540132187,1,0.0,4.698476498985827,0,0.0,0.0,0.0,Normal
0,1,12,4,9134.596950794916,1,0.0,1.506429497932395,0,0.0,0.0,0.0,Normal
0,1,26,36,79566011.60860425,1,0.0,46.53293025630799,1,0.0,0.0,1.0,Data Exfiltration
0,1,4,7,310.54930731023023,3,0.0,9.031242027476278,0,0.0,0.0,0.0,Normal
0,1,4,3,1428.2109349460732,1,0.0,3.375700630620333,0,0.0,0.0,0.0,Normal
0,1,21,35,145442026.5049786,3,0.0,10.840963474916677,1,0.0,1.0,1.0,Data Exfiltration
1,3,43,21,392974.63145889115,5,1.0,46.16845064893809,1,0.0,1.0,0.0,Lateral Movement
1,5,23,44,302044.7835508999,8,0.0,56.93130800670241,1,0.0,0.0,1.0,Lateral Movement
0,1,10,6,1267.4094614036794,1,0.0,6.825884260783891,0,1.0,0.0,0.0,Normal
1,1,14,9,3940.4756602829925,2,1.0,20.93954273218622,1,1.0,1.0,1.0,Privilege Escalation
0,1,1,6,3720.273803195084,2,0.0,2.8324244416118933,0,0.0,0.0,0.0,Normal
0,1,2,4,17786.487434329083,3,0.0,9.814561572396155,0,0.0,0.0,0.0,Normal
0,1,13,8,1457.1715919719904,2,0.0,9.852317127858985,0,0.0,0.0,0.0,Normal
0,1,14,7,1822.1714999498383,3,0.0,5.696099354236098,0,0.0,0.0,0.0,Normal
2,2,56,37,282614.44526465546,8,0.0,36.54959840812924,1,0.0,1.0,0.0,Lateral Movement
3,1,45,27,51446193.16761512,3,1.0,30.980187588823156,1,0.0,1.0,1.0,Data Exfiltration
3,4,33,43,273092.7207604218,4,1.0,28.85821838240792,0,1.0,1.0,0.0,Lateral Movement
0,1,4,4,248.8429562121693,2,0.0,7.450988093508037,0,0.0,0.0,0.0,Normal
1,1,24,25,24030473.140828606,3,0.0,33.90303205607259,1,0.0,0.0,1.0,Data Exfiltration
0,1,3,7,16347.906293835576,1,0.0,5.190359543541318,0,0.0,0.0,0.0,Normal
0,1,6,4,3538.6403873716617,3,0.0,3.6855182968289264,0,0.0,0.0,0.0,Normal
0,1,9,6,691.9886071772877,2,0.0,5.952376880732602,0,0.0,0.0,0.0,Normal
0,1,1,1,15296.19283629718,1,0.0,4.288550847607807,0,0.0,0.0,1.0,Normal
2,4,40,41,220082.24492158656,9,0.0,40.090815903978964,0,1.0,1.0,0.0,Lateral Movement
0,1,3,3,3058.470548879151,3,0.0,5.938091876344572,0,0.0,0.0,0.0,Normal
0,1,7,5,4627.062291723826,3,0.0,8.564432575741723,0,0.0,0.0,0.0,Normal
0,1,14,5,24075.4349524505,3,0.0,3.3879400060841625,0,0.0,0.0,0.0,Normal
0,1,55,38,100903231.74073665,2,1.0,25.925910252225766,1,0.0,0.0,1.0,Data Exfiltration
0,1,2,5,1171.2779120683242,2,0.0,1.299680052086548,0,0.0,0.0,0.0,Normal
0,1,6,8,2802.6866676396876,1,0.0,7.1398054533987505,0,0.0,0.0,0.0,Normal
1,1,14,7,1125.1900071616421,3,0.0,4.281131415018267,0,0.0,0.0,1.0,Normal
1,1,46,11,80077180.68127213,1,0.0,32.451475103310976,1,1.0,1.0,1.0,Data Exfiltration
1,1,13,7,694.9440491992872,2,0.0,4.841980261382494,0,0.0,0.0,0.0,Normal
2,3,26,17,439485.0671489364,7,0.0,25.859569956126485,1,0.0,1.0,0.0,Lateral Movement
2,1,7,5,4194.659395353788,3,0.0,2.6434125827405026,0,0.0,0.0,0.0,Normal
17,1,57,55,2284.2417800955445,2,0.0,114.25134187936207,1,0.0,0.0,0.0,Brute Force
0,1,11,9,1582.8708599240163,3,0.0,5.356412883643412,0,0.0,0.0,0.0,Normal
1,1,2,8,7858.060891051108,1,0.0,4.400364554604145,0,0.0,0.0,0.0,Normal
0,1,2,9,2052.4422769883204,3,0.0,5.774554900805887,0,0.0,0.0,0.0,Normal
2,1,54,24,25453374.61735072,4,0.0,43.740782308328725,1,1.0,1.0,1.0,Data Exfiltration
0,1,19,13,17229.54342009408,1,1.0,14.630818867802166,1,1.0,0.0,1.0,Privilege Escalation
0,1,14,3,4355.756047852048,1,0.0,9.720713172897963,0,0.0,0.0,0.0,Normal
27,2,74,55,3356.668719657573,1,1.0,50.07485592355714,0,0.0,1.0,0.0,Brute Force
0,1,2,8,986.8873569254604,3,0.0,3.7802831463547255,0,0.0,0.0,0.0,Normal
1,1,44,30,129669104.73210643,4,0.0,24.294231410462885,1,1.0,1.0,1.0,Data Exfiltration
0,2,4,6,3042.80329076382,1,0.0,4.8164696669304305,1,0.0,0.0,0.0,Normal
2,3,26,35,100677.84601329472,5,1.0,29.865430766975347,1,1.0,1.0,0.0,Lateral Movement
29,1,44,29,1662.8360306381564,1,1.0,55.226267501951256,0,0.0,0.0,0.0,Brute Force
40,1,89,16,2344.637637211596,1,1.0,48.50807011044559,1,0.0,0.0,0.0,Brute Force
0,1,1,8,1095.8307923190123,2,0.0,4.858853569331536,0,0.0,0.0,0.0,Normal
0,1,1,5,6954.469492995116,2,0.0,8.612096200468187,1,0.0,0.0,0.0,Normal
1,1,3,7,2154.463166517013,2,0.0,9.250131925722947,0,0.0,0.0,0.0,Normal
2,1,4,7,4194.067597107635,2,0.0,9.597575764016401,0,0.0,0.0,0.0,Normal
3,1,9,9,13802.836386490768,2,0.0,8.58547769202788,0,1.0,0.0,1.0,Privilege Escalation
1,1,7,5,14502.636224451206,2,0.0,4.304028308802488,0,0.0,0.0,0.0,Normal
1,2,41,34,263868.05594913824,8,1.0,50.40433989331691,1,0.0,1.0,0.0,Lateral Movement
0,1,9,1,5625.87646771558,1,0.0,8.369694646867677,0,0.0,0.0,0.0,Normal
0,1,7,8,10673.193133563986,1,0.0,9.383463040501434,0,0.0,0.0,0.0,Normal
0,1,3,1,4324.866156336501,3,0.0,5.618913925885732,0,0.0,0.0,0.0,Normal
0,1,24,6,6322.838048059856,2,1.0,24.262722617372894,1,1.0,0.0,0.0,Privilege Escalation
0,1,4,5,5758.229800741085,3,0.0,3.44473117670887,0,0.0,0.0,0.0,Normal
0,1,4,5,11212.558090055903,1,0.0,4.1409109721274175,0,0.0,0.0,0.0,Normal
0,1,6,9,5487.117032156459,1,0.0,2.478633107738635,0,0.0,0.0,0.0,Normal
43,1,66,51,3920.770177680227,1,0.0,34.38822889111792,1,0.0,0.0,0.0,Brute Force
0,1,7,6,1404.1251841362518,1,0.0,3.78286962876394,0,0.0,0.0,0.0,Normal
0,1,3,1,10484.306106320959,3,0.0,3.9301914983439556,0,0.0,0.0,0.0,Normal
0,1,12,5,1723.574589184283,1,0.0,5.256342184275371,0,0.0,0.0,0.0,Normal
0,1,7,4,1455.5133887499821,3,0.0,7.365647851673819,0,0.0,0.0,0.0,Normal
0,1,13,5,4117.643317246886,1,0.0,2.4432931891441667,0,0.0,0.0,0.0,Normal
0,2,9,7,3833.519850468043,2,0.0,8.803284388990155,0,0.0,0.0,0.0,Normal
0,1,4,5,2820.0952471206083,2,0.0,6.967210944919615,0,0.0,0.0,0.0,Normal
0,1,13,5,494.5164769578159,1,0.0,6.627553757916384,0,0.0,0.0,0.0,Normal
1,1,7,5,2276.730046408724,1,0.0,7.2416253121747225,0,0.0,0.0,0.0,Normal
1,1,5,7,3387.173408590717,2,0.0,2.8826751707275826,0,0.0,0.0,1.0,Normal
1,1,26,36,117211022.82045336,1,1.0,22.948075652257653,1,1.0,1.0,1.0,Data Exfiltration
1,1,8,5,7484.375549028299,1,0.0,2.200460441885559,1,0.0,0.0,0.0,Normal
1,3,39,41,242801.37723254116,5,0.0,42.58600177552138,1,1.0,1.0,0.0,Lateral Movement
0,1,5,1,5509.747652035963,2,0.0,5.3714384145640635,0,0.0,0.0,0.0,Normal
0,1,9,7,3849.312482782108,3,0.0,2.8600564401016824,0,0.0,0.0,0.0,Normal
0,1,10,4,158.15378663627058,1,0.0,5.460979440672272,0,0.0,0.0,0.0,Normal
1,1,13,1,412.17816016143547,2,0.0,7.262772549388293,0,0.0,0.0,0.0,Normal
0,1,20,10,7436.974066349765,2,1.0,9.01257023514006,0,1.0,0.0,0.0,Privilege Escalation
1,1,47,28,28201020.243402533,2,1.0,44.59114652066199,1,0.0,1.0,1.0,Data Exfiltration
0,1,12,2,4916.602258676648,3,0.0,4.219093821751968,0,0.0,0.0,0.0,Normal
0,1,6,9,4812.245100845536,2,0.0,4.664485558802083,0,0.0,0.0,0.0,Normal
0,1,13,5,9036.688375354594,3,0.0,7.082062783041083,0,0.0,0.0,0.0,Normal
1,1,6,1,2224.8915495476676,2,0.0,7.143239528583517,0,0.0,0.0,0.0,Normal
1,1,10,4,1484.041153991576,2,0.0,6.508986197507724,0,0.0,0.0,0.0,Normal
0,1,9,5,320.6971144465412,1,0.0,5.363843271374428,0,0.0,0.0,0.0,Normal
1,1,11,7,4820.5386551403735,2,0.0,8.35372348697524,0,0.0,0.0,0.0,Normal
36,2,42,36,1174.091891415107,2,1.0,78.11445491001382,1,0.0,0.0,0.0,Brute Force
0,1,14,13,1120.1969175668535,2,1.0,16.00566269639055,1,1.0,1.0,0.0,Privilege Escalation
0,2,14,2,872.3392164341401,3,0.0,6.119071143887575,0,0.0,0.0,0.0,Normal
40,1,25,35,2600.057778307933,1,0.0,88.3127142444123,1,0.0,0.0,0.0,Brute Force
1,3,59,36,342435.0834062801,4,1.0,43.91976337801697,1,1.0,1.0,0.0,Lateral Movement
0,1,8,5,1801.9244626494874,3,0.0,2.2012210402269314,0,0.0,0.0,0.0,Normal
0,1,4,3,7395.389969517781,1,0.0,2.840593335003593,0,0.0,0.0,0.0,Normal
0,1,7,5,1318.819735406472,2,0.0,4.406275456546344,0,0.0,0.0,0.0,Normal
40,1,62,22,1334.9968338099259,1,0.0,100.99511881726652,0,0.0,0.0,0.0,Brute Force
0,1,7,1,1736.425440327223,2,0.0,2.363344449884968,0,0.0,0.0,0.0,Normal
0,1,7,9,1271.061561796564,2,0.0,3.8738649384805948,0,0.0,0.0,0.0,Normal
0,1,9,6,12864.713260884668,3,0.0,1.3783276197137864,0,0.0,0.0,0.0,Normal
0,1,5,1,4343.688528417055,1,0.0,4.1381316008647,0,0.0,0.0,0.0,Normal
1,2,11,5,6223.157881421064,2,0.0,8.246990887421555,0,0.0,0.0,0.0,Normal
0,1,8,7,1453.9946534803,3,0.0,3.0681611524473342,0,0.0,0.0,0.0,Normal
0,1,14,6,2592.6585555623233,1,0.0,2.681641175079583,0,1.0,0.0,0.0,Normal
25,1,49,27,2974.251973158648,1,1.0,112.87758827516295,1,0.0,1.0,0.0,Brute Force
0,1,12,8,5006.428919229118,3,0.0,6.023273440626481,0,0.0,0.0,0.0,Normal
1,1,10,1,5717.732153508787,3,0.0,7.317536508824547,0,0.0,0.0,0.0,Normal
0,1,12,10,4601.680352490892,2,1.0,5.858742391649492,1,1.0,1.0,0.0,Privilege Escalation
0,1,2,3,3661.7976083124504,3,0.0,5.714587708631604,0,0.0,0.0,0.0,Normal
0,1,8,5,3029.4352259796474,2,0.0,7.090018800992949,0,0.0,0.0,0.0,Normal
1,1,6,1,7306.684312663775,3,0.0,6.058131890887217,0,0.0,0.0,1.0,Normal
0,1,30,22,41748045.87330863,4,1.0,12.175270207255537,1,1.0,1.0,1.0,Data Exfiltration
11,2,23,31,1370.910444830591,1,0.0,107.5791551860093,1,0.0,1.0,0.0,Brute Force
1,1,3,5,434.33957190769104,2,0.0,4.329698449652826,0,0.0,0.0,0.0,Normal
0,3,67,45,60296.10080256743,4,1.0,24.462306784695862,0,0.0,1.0,0.0,Lateral Movement
0,1,11,5,1108.955827971204,3,0.0,7.469328400248148,0,0.0,0.0,0.0,Normal
0,1,8,7,4691.202125031879,3,0.0,3.4691264753982103,0,0.0,0.0,0.0,Normal
0,1,13,9,4321.992144412481,1,0.0,4.456426444817719,0,0.0,0.0,0.0,Normal
0,1,19,3,5449.620921625349,1,0.0,14.841791984088063,1,1.0,0.0,0.0,Privilege Escalation
0,1,37,15,53539868.786204904,1,0.0,42.7553636538814,1,0.0,1.0,1.0,Data Exfiltration
0,1,14,9,17133.140662638492,2,0.0,8.231146186863072,0,1.0,1.0,0.0,Privilege Escalation
20,2,99,19,2659.689681176274,2,1.0,78.39098551868307,1,0.0,1.0,0.0,Brute Force
1,1,2,6,1598.9649653821439,1,0.0,3.1135624438202676,0,0.0,0.0,0.0,Normal
0,1,13,7,2375.641152717076,1,0.0,7.592795463709227,0,0.0,0.0,0.0,Normal
2,1,13,1,6589.51994359203,2,0.0,6.175229106354754,0,0.0,0.0,1.0,Normal
1,1,59,25,66141411.023729816,2,1.0,17.385294286417185,1,0.0,1.0,1.0,Data Exfiltration
1,1,10,5,2413.3391376473496,1,0.0,6.399498622640236,0,0.0,0.0,0.0,Normal
0,1,2,6,3608.627129779144,1,0.0,8.315410552020957,0,0.0,0.0,0.0,Normal
1,1,4,2,5954.209174283772,1,0.0,5.7129369585659076,0,0.0,0.0,0.0,Normal
0,1,3,4,5458.490524003723,2,0.0,2.1431869280765907,0,0.0,0.0,0.0,Normal
0,1,8,6,9474.788534843941,3,0.0,4.659715500607472,0,0.0,0.0,0.0,Normal
33,1,90,53,3279.2871521685483,1,0.0,41.484826448804256,0,0.0,1.0,0.0,Brute Force
0,1,14,4,3655.4398947759137,1,0.0,2.3501742561087586,0,0.0,0.0,0.0,Normal
0,1,7,6,976.6185111307215,1,0.0,5.635543111820826,0,0.0,0.0,0.0,Normal
0,2,1,5,2194.5966979529053,2,0.0,7.845831456202231,0,0.0,0.0,0.0,Normal
3,4,35,45,177698.20616777072,4,1.0,50.02513571308851,1,0.0,1.0,1.0,Lateral Movement
0,2,1,1,11715.994350956873,1,0.0,9.789541470933038,1,0.0,0.0,0.0,Normal
0,1,54,25,90692358.40503639,3,1.0,43.79181233525482,1,0.0,1.0,1.0,Data Exfiltration
0,1,9,7,647.4963537212936,2,0.0,6.371913586025548,0,0.0,0.0,0.0,Normal
41,1,30,30,3920.9716611240433,1,0.0,61.738032588087194,1,0.0,1.0,0.0,Brute Force
0,1,1,6,4363.531615415322,2,0.0,7.403088176778062,0,0.0,0.0,0.0,Normal
0,1,3,3,874.0539696708103,1,0.0,2.431226176897839,0,0.0,0.0,0.0,Normal
15,1,71,36,3535.862451929605,1,1.0,117.53021667422274,1,0.0,0.0,0.0,Brute Force
0,1,8,4,6732.788127624648,1,0.0,6.6319247357376305,1,0.0,0.0,0.0,Normal
1,1,13,8,4070.432420901875,3,0.0,6.937326456042314,0,0.0,0.0,0.0,Normal
0,1,2,3,8642.545820956417,1,0.0,2.993407525181282,0,0.0,0.0,0.0,Normal
1,1,10,13,12070.208385137537,2,1.0,29.74835339133179,1,1.0,0.0,0.0,Privilege Escalation
0,1,12,1,5807.058721929248,2,0.0,5.8348313793197475,0,0.0,0.0,0.0,Normal
0,1,7,4,18981.46975132016,2,1.0,7.6151714514137225,1,1.0,0.0,0.0,Privilege Escalation
0,2,7,6,9226.567682978368,1,0.0,1.182794210500161,0,0.0,0.0,0.0,Normal
1,5,51,26,442560.4636463606,8,1.0,40.6284044077523,1,0.0,1.0,0.0,Lateral Movement
14,1,32,23,3114.73707008564,1,0.0,38.05034235823612,0,0.0,0.0,0.0,Brute Force
0,1,12,3,18458.20082660706,3,0.0,9.264724678087957,0,0.0,0.0,0.0,Normal
0,2,4,6,6576.532366556042,1,0.0,3.6257965171352655,0,0.0,0.0,0.0,Normal
0,2,13,5,5215.926075377206,2,0.0,4.983445268028399,0,0.0,0.0,0.0,Normal
0,1,48,28,84694464.0533569,4,1.0,47.77334935508691,1,1.0,1.0,1.0,Data Exfiltration
32,2,23,47,2958.7485062667697,1,1.0,82.32092433657688,0,0.0,1.0,0.0,Brute Force
0,1,8,8,364.1294649860976,3,0.0,3.5106889347847083,0,0.0,0.0,0.0,Normal
0,1,1,5,3580.012160459564,2,0.0,7.838262163902878,0,0.0,0.0,0.0,Normal
0,1,12,2,283.05127937369804,1,0.0,1.9337448211781647,0,0.0,0.0,0.0,Normal
0,1,9,6,748.6472399273061,1,0.0,3.4230986071688454,0,0.0,0.0,0.0,Normal
0,1,1,9,3091.5139070679993,1,0.0,2.928703144462611,1,0.0,0.0,0.0,Normal
0,1,9,5,1910.2982591213486,2,0.0,5.735577886026324,0,0.0,0.0,0.0,Normal
0,1,5,2,2466.3040479379706,2,0.0,8.77326813102423,0,0.0,0.0,0.0,Normal
0,1,51,19,21827283.31339959,1,0.0,46.26577199402534,1,0.0,1.0,1.0,Data Exfiltration
0,1,3,4,2281.1231830184806,2,0.0,4.848647245186497,0,0.0,0.0,1.0,Normal
13,3,57,36,1700.9744372988812,2,1.0,31.6853537393877,1,0.0,0.0,0.0,Brute Force
29,3,49,13,913.3211536899668,1,0.0,61.40889542970236,0,0.0,0.0,0.0,Brute Force
0,1,13,7,15278.5063678098,3,0.0,7.483431797797549,0,0.0,0.0,0.0,Normal
0,1,4,6,4154.456866403881,3,0.0,2.6281223871212163,0,0.0,0.0,0.0,Normal
0,1,6,7,2153.9681523698796,1,0.0,5.843965903590652,0,0.0,0.0,0.0,Normal
2,1,2,1,3005.0442516487956,2,0.0,5.964287130534213,0,0.0,0.0,0.0,Normal
1,1,9,8,6602.986585339704,1,0.0,7.171542559681138,0,0.0,0.0,0.0,Normal
22,1,69,52,2199.8095646230286,1,0.0,104.1860887972007,1,0.0,1.0,0.0,Brute Force
0,1,8,3,8208.6507158839,2,0.0,1.8880414828125052,0,0.0,0.0,1.0,Normal
0,1,9,8,12449.286351491512,3,0.0,5.358277506070195,0,0.0,0.0,0.0,Normal
0,1,29,36,81245814.77015837,4,0.0,19.959112173974223,1,0.0,1.0,1.0,Data Exfiltration
3,5,33,22,212229.08851881482,7,0.0,39.14661768621758,1,0.0,0.0,0.0,Lateral Movement
0,1,9,8,332.4284634755124,3,0.0,6.424356424655778,0,0.0,0.0,0.0,Normal
0,1,5,7,2842.326944327311,3,0.0,9.983780621974857,0,0.0,0.0,0.0,Normal
0,2,14,2,2696.547658552308,1,0.0,7.764677142105406,0,1.0,0.0,0.0,Normal
0,1,13,8,2045.4389684111686,2,0.0,11.670372502412288,0,1.0,0.0,0.0,Privilege Escalation
0,1,11,9,3648.0928534975355,1,0.0,3.831014044230651,0,0.0,0.0,0.0,Normal
1,1,10,2,20824.062528091104,3,0.0,6.876172948986425,0,0.0,0.0,0.0,Normal
1,1,5,9,2836.693702795412,1,0.0,7.098518579883502,0,0.0,0.0,0.0,Normal
1,1,14,5,4836.577571575902,3,0.0,1.8598204842548047,0,0.0,0.0,0.0,Normal
47,1,23,59,1377.939509026001,1,1.0,60.06705975022055,0,0.0,0.0,0.0,Brute Force
1,1,11,3,5866.7009756402085,1,0.0,8.254472321680476,0,0.0,0.0,1.0,Normal
19,1,28,30,3097.114318378147,1,1.0,66.37474393796938,1,0.0,1.0,0.0,Brute Force
0,1,4,5,354.8104343754703,1,0.0,1.4313265836042168,0,0.0,0.0,0.0,Normal
0,1,1,5,1604.1405838704004,2,0.0,4.247964212448763,0,0.0,0.0,0.0,Normal
1,1,10,2,3727.991726685219,1,0.0,1.2648345985062033,0,0.0,0.0,1.0,Normal
1,1,20,17,143145230.18881476,1,1.0,29.22716674342002,1,0.0,0.0,1.0,Data Exfiltration
0,1,2,3,171.14767625650285,1,0.0,1.9476357243035052,0,0.0,0.0,0.0,Normal
0,1,5,3,9874.8098976607,1,0.0,9.948279871778825,0,0.0,0.0,0.0,Normal
1,2,8,9,1243.870357624362,3,0.0,4.696384563130044,0,0.0,0.0,0.0,Normal
0,1,5,2,520.5455442829968,3,0.0,6.999539111375814,0,0.0,0.0,0.0,Normal
0,2,13,3,40.58767372919263,1,0.0,3.417683964572286,0,0.0,0.0,0.0,Normal
33,1,99,39,1937.4086008652016,1,1.0,33.901789270757526,0,0.0,0.0,0.0,Brute Force
1,1,10,1,5121.005459286349,2,0.0,2.854632271785605,0,0.0,0.0,1.0,Normal
0,2,5,7,14864.55715250627,1,0.0,6.146553608708874,0,0.0,0.0,0.0,Normal
2,1,40,21,18138708.046330407,2,1.0,34.459922479608124,1,0.0,0.0,1.0,Data Exfiltration
0,1,8,8,1807.5038876251037,3,0.0,4.768790481281931,0,0.0,0.0,0.0,Normal
0,1,5,5,457.5569856511663,3,0.0,6.53162304411474,0,0.0,0.0,0.0,Normal
2,1,23,14,144752692.3699695,3,1.0,30.692826464169535,1,0.0,1.0,1.0,Data Exfiltration
0,1,2,8,6841.337400720763,2,0.0,6.471180528462469,0,0.0,0.0,0.0,Normal
0,1,3,9,14173.018213973082,2,0.0,3.2173419983286453,0,0.0,0.0,0.0,Normal
0,1,6,1,6346.869160320353,3,0.0,4.892326573763089,0,0.0,0.0,0.0,Normal
0,1,13,1,1561.8017619108277,2,0.0,2.7962874622008855,0,0.0,0.0,0.0,Normal
1,1,13,9,2469.6403057150615,3,0.0,1.3864253938094535,0,1.0,0.0,0.0,Normal
2,2,18,11,12374.958179770507,1,1.0,17.830142667551037,1,1.0,0.0,0.0,Privilege Escalation
0,1,10,13,1601.6501456740248,1,0.0,23.031811815077518,1,1.0,1.0,1.0,Privilege Escalation
1,1,1,4,187.35574488026214,3,0.0,2.1199672968484986,0,0.0,0.0,0.0,Normal
0,1,9,1,9080.163082472549,1,0.0,2.294584065530728,0,0.0,0.0,0.0,Normal
0,1,30,36,47616574.866781466,1,0.0,28.199639159309385,1,0.0,0.0,1.0,Data Exfiltration
0,1,10,1,8667.853112473033,1,0.0,9.504001235934583,0,0.0,0.0,0.0,Normal
9,1,98,22,1033.2644952788937,1,0.0,114.42767335645385,1,0.0,0.0,0.0,Brute Force
33,2,96,40,2665.141859614324,1,0.0,67.80927282651717,0,0.0,0.0,0.0,Brute Force
34,1,60,47,1627.6804839170054,2,0.0,37.25047194644809,1,0.0,0.0,0.0,Brute Force
0,1,10,9,4838.336039109066,2,0.0,6.498762821162931,0,0.0,0.0,0.0,Normal
4,3,30,29,231812.5192721465,9,0.0,36.22865913592214,1,1.0,1.0,0.0,Lateral Movement
0,2,12,8,7179.702258095066,2,0.0,3.9054915049282206,0,0.0,0.0,0.0,Normal
2,1,8,7,8736.563838880538,2,0.0,8.156424274438887,0,0.0,0.0,0.0,Normal
24,1,75,17,2785.8053783473133,1,1.0,42.806909708282355,0,0.0,0.0,0.0,Brute Force
0,2,10,6,9591.558645784366,3,0.0,5.096650126008355,0,0.0,0.0,0.0,Normal
0,2,11,3,5021.9499345470595,3,0.0,2.1746925948027673,0,0.0,0.0,0.0,Normal
0,1,12,8,8651.855409642007,2,0.0,6.531781191335026,0,0.0,0.0,0.0,Normal
1,1,14,8,1943.4406100188012,2,1.0,27.07270329561326,1,1.0,0.0,1.0,Privilege Escalation
1,1,1,2,1334.8574529580942,1,0.0,2.5784972669794963,0,0.0,0.0,0.0,Normal
0,1,15,12,18405.274492884408,2,0.0,21.433475546225264,1,1.0,1.0,1.0,Privilege Escalation
1,1,28,13,116644739.2478645,1,0.0,44.181373308254884,1,0.0,0.0,1.0,Data Exfiltration
42,1,58,30,2371.898273840401,1,1.0,65.5980956456667,1,0.0,0.0,0.0,Brute Force
0,1,21,22,12576567.23701061,4,0.0,45.475187138845214,1,0.0,0.0,1.0,Data Exfiltration
0,1,10,2,4604.6489109626855,2,0.0,1.2204705857645683,0,0.0,0.0,0.0,Normal
0,1,1,9,11524.68214770761,2,0.0,4.9831372599553845,0,0.0,0.0,0.0,Normal
0,2,12,10,14422.846672532387,2,0.0,21.933228332489207,1,1.0,0.0,1.0,Privilege Escalation
0,1,7,8,619.9026889660064,3,0.0,4.64407476795248,0,0.0,0.0,0.0,Normal
0,1,8,7,7561.021755328918,2,0.0,3.9719110305353134,0,0.0,0.0,0.0,Normal
0,2,3,8,6347.308297985393,1,0.0,5.65323275996929,0,0.0,0.0,0.0,Normal
0,1,14,6,4412.3298694297255,2,0.0,3.72381140972628,0,0.0,0.0,0.0,Normal
0,5,38,20,450797.01791569305,6,1.0,19.95820727157315,1,0.0,1.0,0.0,Lateral Movement
0,1,2,8,1376.612174424906,3,0.0,5.1950307244552825,0,0.0,0.0,0.0,Normal
1,1,10,3,9207.368035447218,2,0.0,6.465921330319533,0,0.0,0.0,0.0,Normal
0,2,2,7,2361.13847476962,3,0.0,5.425190074303941,0,0.0,0.0,0.0,Normal
0,1,7,5,2603.4350439645527,1,0.0,1.3698938381771633,0,0.0,0.0,0.0,Normal
1,2,63,37,107999.25525820072,4,0.0,32.29277004253329,0,0.0,1.0,0.0,Lateral Movement
0,1,2,8,9402.97375492265,2,0.0,9.613062260374193,0,0.0,0.0,0.0,Normal
0,1,5,7,4907.041218343725,1,0.0,1.3850495288541471,0,0.0,0.0,0.0,Normal
3,4,60,44,141784.9022366423,10,1.0,43.333095039262915,0,0.0,1.0,0.0,Lateral Movement
0,1,12,7,2763.7199129941428,1,0.0,4.462404848787129,0,0.0,0.0,0.0,Normal
1,1,9,4,798.0501409729462,3,0.0,9.910785210694941,0,0.0,0.0,0.0,Normal
0,2,12,4,4993.533728841925,2,0.0,7.466799636730327,1,0.0,0.0,0.0,Normal
0,1,3,3,6619.328525282902,3,0.0,5.043134176983242,0,0.0,0.0,0.0,Normal
1,1,12,1,3118.761280227268,3,0.0,2.5577611553836164,0,0.0,0.0,0.0,Normal
1,1,9,7,113.74570116619975,1,0.0,1.7265097412462298,1,0.0,0.0,0.0,Normal
0,1,1,8,9109.880654381866,2,0.0,2.4900716357681865,0,0.0,0.0,0.0,Normal
47,1,99,49,2528.255045830735,2,1.0,110.84869139951874,1,0.0,0.0,0.0,Brute Force
0,2,12,3,6634.620969223997,1,0.0,8.014411704729886,0,0.0,0.0,1.0,Normal
0,1,10,2,4558.270804139837,2,0.0,9.441928600541791,0,0.0,0.0,0.0,Normal
0,1,2,2,3354.7702818357648,2,0.0,2.6490764686794,0,0.0,0.0,0.0,Normal
0,1,5,8,17514.712517325454,2,0.0,3.7014388880138047,0,0.0,0.0,0.0,Normal
2,1,14,4,6974.109855225333,1,0.0,7.779674084941737,0,0.0,0.0,1.0,Normal
0,2,2,5,7157.722057781246,1,0.0,7.142287411443862,0,0.0,0.0,0.0,Normal
0,1,3,6,3475.131642764515,2,0.0,9.275727515672305,0,0.0,0.0,0.0,Normal
0,2,7,8,5610.928195035839,1,0.0,3.1549608406035476,0,0.0,0.0,0.0,Normal
1,1,11,1,10893.908517938424,3,0.0,1.7642830512089276,0,0.0,0.0,0.0,Normal
0,1,15,12,58771359.88666334,1,0.0,18.240564530655465,1,0.0,1.0,1.0,Data Exfiltration
0,1,4,1,1587.031515288714,2,0.0,9.122702851146636,0,0.0,0.0,0.0,Normal
0,2,4,4,5933.759668453231,3,0.0,8.531424049626985,0,0.0,0.0,0.0,Normal
0,2,4,2,3928.3100515355877,2,0.0,3.8168894276240923,0,0.0,0.0,0.0,Normal
1,1,11,4,3670.0494867292423,1,0.0,8.730328496776238,0,0.0,0.0,0.0,Normal
1,1,56,15,33314841.433314316,3,0.0,34.899341831695764,1,1.0,0.0,1.0,Data Exfiltration
0,1,1,3,8261.268613283353,3,0.0,5.37586358406967,0,0.0,0.0,0.0,Normal
1,5,34,15,345410.2494142275,8,1.0,21.79517187635585,0,0.0,1.0,0.0,Lateral Movement
0,1,5,4,1918.060944625163,1,0.0,8.988922573844754,0,0.0,0.0,0.0,Normal
0,1,1,9,3774.1620390577573,3,0.0,5.3029625150799715,0,0.0,0.0,0.0,Normal
0,1,10,3,1292.8381266553065,3,0.0,9.682772795486475,0,0.0,0.0,0.0,Normal
0,2,5,6,873.9950223649745,1,0.0,5.907728821291817,0,0.0,0.0,0.0,Normal
2,1,10,9,12059.00662349527,3,0.0,9.186984744482046,0,0.0,0.0,0.0,Normal
0,1,32,13,7436253.717210112,2,0.0,38.88818238673852,1,1.0,0.0,1.0,Data Exfiltration
1,1,8,8,1765.8822208976208,2,0.0,3.8373063163734686,0,0.0,0.0,0.0,Normal
0,1,4,3,2265.024656595515,3,0.0,3.031165840106987,0,0.0,0.0,0.0,Normal
0,1,14,4,5795.792920489702,2,0.0,8.062591715776412,0,0.0,0.0,0.0,Normal
1,2,7,2,5480.816917430126,2,0.0,9.897494543375698,0,0.0,0.0,0.0,Normal
1,1,24,20,25636828.09301683,4,0.0,12.976581061437606,1,0.0,0.0,1.0,Data Exfiltration
0,1,14,2,2127.0705189263144,3,0.0,9.057689539380522,0,0.0,0.0,0.0,Normal
0,2,11,7,8964.990125922812,3,0.0,1.8022301177091202,0,0.0,0.0,0.0,Normal
1,1,6,6,126.66674252959592,1,0.0,7.685242185338619,0,0.0,0.0,0.0,Normal
0,1,9,7,1957.1107424581821,1,0.0,8.324219595341468,0,0.0,0.0,0.0,Normal
0,1,1,1,14812.39476794424,2,0.0,4.289759172165512,0,0.0,0.0,0.0,Normal
2,2,61,32,82130.8933668782,9,1.0,49.785053372765525,1,1.0,0.0,0.0,Lateral Movement
0,1,5,4,2903.7530761389744,1,0.0,3.2158429165790343,0,0.0,0.0,0.0,Normal
0,1,7,2,2851.9086016700708,2,0.0,8.391811098964109,1,0.0,0.0,0.0,Normal
28,1,57,30,3960.1358483543704,1,0.0,99.25205471710176,1,0.0,0.0,0.0,Brute Force
8,2,65,56,2100.7145908218754,1,1.0,92.89733074769048,0,0.0,0.0,0.0,Brute Force
0,1,6,6,2528.4601494040626,1,0.0,6.6615372156265495,0,0.0,0.0,0.0,Normal
2,4,63,31,225575.51051646465,7,1.0,34.411244438575956,1,0.0,1.0,0.0,Lateral Movement
38,1,83,38,819.2499756342742,2,1.0,47.39423042128483,0,0.0,0.0,0.0,Brute Force
0,2,6,5,17117.46499537757,2,0.0,1.115365001190343,0,0.0,0.0,0.0,Normal
0,2,40,28,80780649.98009127,1,0.0,40.572592712253886,1,0.0,1.0,1.0,Data Exfiltration
1,1,1,2,10666.087488443578,3,0.0,4.423410433346259,0,0.0,0.0,0.0,Normal
33,2,99,51,2768.38643106702,1,1.0,48.74803298779571,0,0.0,1.0,0.0,Brute Force
0,1,3,9,186.86892692601378,3,0.0,8.938769309844115,0,0.0,0.0,0.0,Normal
0,1,1,5,336.0731036914247,2,0.0,3.4427350676770527,1,0.0,0.0,0.0,Normal
0,1,17,8,17057.316953418485,2,0.0,9.971160126983946,1,1.0,0.0,0.0,Privilege Escalation
0,1,9,6,6093.834228541938,1,0.0,4.8644559699898,0,0.0,0.0,1.0,Normal
32,1,54,52,801.6258959981258,1,1.0,94.37235834051955,0,0.0,0.0,0.0,Brute Force
46,1,96,14,2983.8881307005895,1,1.0,46.24110451035128,0,0.0,0.0,0.0,Brute Force
1,1,13,3,2637.1818650852,2,0.0,9.208539080389068,0,0.0,0.0,0.0,Normal
0,1,13,2,17245.857420977012,3,0.0,8.527564065555962,0,0.0,0.0,0.0,Normal
0,1,5,5,3698.0216204014832,3,0.0,7.759214732245726,0,0.0,0.0,1.0,Normal
4,2,66,42,283141.53972720634,9,0.0,35.65577637366574,0,0.0,0.0,0.0,Lateral Movement
28,1,41,15,2874.7682938936046,2,1.0,45.208253031034126,0,0.0,0.0,0.0,Brute Force
0,1,12,3,4208.742350495961,2,0.0,3.6104564106619765,0,0.0,0.0,0.0,Normal
0,1,10,7,3267.4343373626243,3,0.0,8.697105399545606,0,0.0,0.0,0.0,Normal
0,1,11,6,6886.482530355772,3,0.0,6.100881074671381,0,0.0,0.0,0.0,Normal
0,2,15,13,19671.156113988007,1,1.0,27.706624073999045,1,1.0,0.0,0.0,Privilege Escalation
3,1,1,9,3155.4214134769736,2,0.0,2.7940648083631534,0,0.0,0.0,0.0,Normal
41,1,77,27,2869.905901235575,1,1.0,54.54201360432573,1,0.0,1.0,0.0,Brute Force
0,1,13,2,6449.546980040617,2,0.0,9.549123349775812,0,0.0,0.0,0.0,Normal
1,1,7,3,1281.5578537283357,1,0.0,7.926732701122712,0,0.0,0.0,0.0,Normal
0,1,11,9,3789.9411974306286,1,0.0,2.7322782886327057,0,0.0,0.0,0.0,Normal
0,2,31,22,114568529.06032954,4,0.0,34.04948984244841,0,0.0,0.0,1.0,Data Exfiltration
0,1,3,1,2195.6684870748254,2,0.0,1.9827009676316318,0,0.0,0.0,0.0,Normal
3,2,59,18,487926.7175583557,7,0.0,51.172680455813,1,1.0,1.0,1.0,Lateral Movement
0,1,14,6,17864.298875034867,2,0.0,6.577262698638672,1,0.0,0.0,0.0,Normal
0,1,19,25,94069030.0527986,1,0.0,46.326903253471464,0,1.0,1.0,1.0,Data Exfiltration
22,1,83,48,1271.0015871135643,1,0.0,83.41065652535043,0,0.0,0.0,0.0,Brute Force
1,2,59,31,388603.13792117237,7,1.0,40.03978083325674,1,0.0,1.0,0.0,Lateral Movement
0,4,26,46,125758.52548641212,5,1.0,18.593623292696897,0,1.0,1.0,0.0,Lateral Movement
0,1,6,8,2747.4751793328687,2,0.0,4.378556985860558,0,0.0,0.0,0.0,Normal
0,1,3,4,922.7437285572368,1,0.0,8.64318127868505,0,0.0,0.0,0.0,Normal
2,1,9,14,1968.176419892137,2,1.0,23.928114314520034,1,1.0,0.0,0.0,Privilege Escalation
0,1,14,3,1814.67091390438,3,0.0,3.9930665716631637,0,0.0,0.0,0.0,Normal
48,2,78,58,1129.3544949335833,1,0.0,111.26187644108876,0,0.0,0.0,0.0,Brute Force
4,5,45,31,31775.794625197337,5,1.0,31.733475368875688,1,0.0,1.0,0.0,Lateral Movement
0,1,13,9,1489.7138478196478,2,0.0,3.615996354394395,0,0.0,0.0,0.0,Normal
0,1,4,8,8549.88981393604,3,0.0,3.535448277998898,0,0.0,0.0,0.0,Normal
0,1,12,8,8783.434631764692,3,0.0,9.999034000345443,0,0.0,0.0,0.0,Normal
1,1,8,7,4322.2643047357205,1,0.0,9.640292838237967,0,0.0,0.0,0.0,Normal
1,1,52,16,111556446.33046772,4,0.0,20.93831611050899,0,0.0,1.0,1.0,Data Exfiltration
0,1,23,34,25305742.064961903,2,0.0,49.88825322991432,1,1.0,0.0,1.0,Data Exfiltration
0,1,3,5,1810.6426942149897,3,0.0,7.778823086264462,1,0.0,0.0,0.0,Normal
0,1,10,3,9405.217799552798,1,0.0,8.304028216561534,0,0.0,0.0,1.0,Normal
0,1,12,5,3057.4824926441,2,0.0,9.069232023675898,0,0.0,0.0,0.0,Normal
0,1,20,11,7842.098470426941,2,1.0,6.508776623816452,1,1.0,0.0,0.0,Privilege Escalation
0,1,13,2,22403.95284328335,3,0.0,4.439297691278995,0,0.0,0.0,0.0,Normal
33,1,94,58,739.2980775870644,1,0.0,60.479575161282526,0,0.0,0.0,0.0,Brute Force
1,1,19,5,13689.487416097814,2,1.0,17.989076003018383,1,1.0,1.0,0.0,Privilege Escalation
2,4,41,16,253409.19542522004,11,1.0,56.712766715801266,1,0.0,0.0,0.0,Lateral Movement
2,1,8,3,4856.171930917017,2,0.0,4.487319041655672,1,0.0,0.0,0.0,Normal
3,2,63,26,296828.3811135272,11,0.0,59.453211186823694,1,0.0,1.0,0.0,Lateral Movement
0,1,11,3,11821.725423734206,3,0.0,4.094316132715805,0,0.0,0.0,0.0,Normal
0,1,10,5,1277.4130014357138,2,0.0,5.862941805178497,0,0.0,0.0,0.0,Normal
0,1,5,8,5252.6936152017515,3,0.0,6.488789931109862,1,0.0,0.0,0.0,Normal
1,2,64,15,101308.88695920556,11,1.0,39.473953498621924,0,0.0,1.0,0.0,Lateral Movement
3,1,12,3,13899.101125255273,2,0.0,18.031159749061906,1,1.0,1.0,1.0,Privilege Escalation
1,1,10,5,19207.566336510063,2,0.0,27.471040804770197,0,1.0,0.0,1.0,Privilege Escalation
0,1,10,5,13028.097611386804,1,0.0,4.898593440782985,0,0.0,0.0,0.0,Normal
0,1,59,28,56558251.20407375,3,1.0,35.88966272840786,0,0.0,1.0,1.0,Data Exfiltration
0,2,14,9,4502.249521663849,2,0.0,4.62093631082795,0,0.0,0.0,0.0,Normal
1,1,7,8,5837.430766015463,2,0.0,2.8129956816671364,0,1.0,0.0,0.0,Normal
1,2,20,36,117986985.39422008,4,0.0,44.50603767513722,1,1.0,1.0,1.0,Data Exfiltration
21,2,28,52,3443.319819316875,1,0.0,58.70943967557649,0,0.0,0.0,0.0,Brute Force
0,1,11,2,4503.165023624865,1,0.0,8.03656172055689,0,0.0,0.0,0.0,Normal
1,1,3,2,5351.074432073138,3,0.0,7.517529172672983,0,0.0,0.0,0.0,Normal
1,1,7,9,17625.733838053766,1,0.0,5.8395931370488094,0,0.0,0.0,0.0,Normal
0,1,12,6,52.90918491997847,1,0.0,8.52751954257675,0,0.0,0.0,0.0,Normal
0,1,14,2,175.56596069009802,1,0.0,2.1571129526966475,0,0.0,0.0,0.0,Normal
0,1,14,1,1489.719547230192,1,0.0,4.7679815211568535,0,0.0,0.0,1.0,Normal
0,1,8,7,168.05380538014037,1,0.0,5.374405670349063,0,0.0,0.0,0.0,Normal
0,1,10,9,14866.317576042853,1,0.0,3.851119670451528,0,0.0,0.0,0.0,Normal
0,1,7,6,547.568778504638,2,0.0,4.088587483290981,0,0.0,0.0,0.0,Normal
2,1,15,8,13305.207457948416,1,0.0,21.632343454763657,1,1.0,1.0,1.0,Privilege Escalation
0,1,10,3,1402.6232075365208,2,0.0,8.235632044818512,0,0.0,0.0,0.0,Normal
0,1,13,3,289.60228119150673,2,0.0,6.937553263643958,0,0.0,0.0,0.0,Normal
31,1,46,56,1046.9041118017599,2,0.0,78.7768308683491,0,0.0,0.0,0.0,Brute Force
0,1,1,9,3759.603599720954,3,0.0,8.763011492714657,0,0.0,0.0,0.0,Normal
17,1,57,57,2096.231732434208,1,1.0,51.62888597633448,1,0.0,0.0,0.0,Brute Force
0,2,10,2,2196.0908255634945,3,0.0,1.4998926103531351,0,0.0,0.0,1.0,Normal
1,4,45,22,102124.87521876677,6,0.0,36.63626074208852,0,0.0,1.0,0.0,Lateral Movement
0,1,8,5,1846.572652994931,2,0.0,3.4622584103293366,0,0.0,0.0,0.0,Normal
0,1,2,7,1636.171146614549,3,0.0,7.267113604857528,0,0.0,0.0,0.0,Normal
1,1,13,5,2400.396850051491,1,0.0,4.624311576087675,0,0.0,0.0,0.0,Normal
0,4,32,48,496063.25393327745,11,1.0,17.22662434671264,1,0.0,1.0,0.0,Lateral Movement
0,1,5,5,9512.425143468416,1,0.0,5.026316301926848,0,0.0,0.0,0.0,Normal
1,1,13,5,18986.421288816025,1,1.0,22.000706281816505,1,1.0,1.0,0.0,Privilege Escalation
0,1,1,5,8174.068330530242,2,0.0,3.9385345552350017,0,0.0,0.0,0.0,Normal
0,1,33,33,33748408.13062447,1,1.0,37.8026242424822,0,0.0,1.0,1.0,Data Exfiltration
1,1,2,1,1532.3598717341436,3,0.0,8.948028583668878,0,0.0,0.0,0.0,Normal
0,1,9,8,1606.4718775559347,3,0.0,7.245883628373874,0,0.0,0.0,0.0,Normal
0,2,10,2,1844.9414838296275,3,0.0,9.91565297439271,0,0.0,0.0,0.0,Normal
0,1,13,2,8942.076273581015,1,0.0,3.0811324365193262,0,0.0,0.0,0.0,Normal
0,1,7,7,8214.007495842723,1,0.0,5.195279220042837,0,0.0,0.0,1.0,Normal
0,1,1,3,122.33624461755757,2,0.0,6.237643186172732,0,0.0,0.0,0.0,Normal
2,1,23,6,14158.259619161598,2,1.0,26.23372145552831,1,1.0,1.0,0.0,Privilege Escalation
0,1,6,8,858.1166646075278,2,0.0,2.4406809307183144,0,0.0,0.0,0.0,Normal
1,1,10,9,1454.7200207084666,2,0.0,6.0073434680087034,0,0.0,0.0,0.0,Normal
7,1,33,22,2329.402369081914,1,1.0,66.49651594437552,1,0.0,0.0,0.0,Brute Force
0,1,12,6,1478.8701972652482,1,0.0,8.687768003250035,0,0.0,0.0,0.0,Normal
0,1,8,9,13398.931627753578,1,0.0,7.294338611298793,0,0.0,0.0,0.0,Normal
0,1,8,8,9255.967687059821,2,0.0,7.2617072352103476,0,0.0,0.0,0.0,Normal
1,5,49,44,363075.40959297423,9,1.0,27.560717659968482,1,1.0,1.0,0.0,Lateral Movement
0,1,14,7,4898.77916693255,3,0.0,1.3381559726014913,0,0.0,0.0,0.0,Normal
0,1,5,6,581.4498685375896,3,0.0,8.954163856688297,0,0.0,0.0,0.0,Normal
0,1,10,2,5511.96423384483,3,0.0,5.01433594900776,0,0.0,0.0,0.0,Normal
0,1,5,3,7785.26606634048,3,0.0,7.301437228658215,0,0.0,0.0,0.0,Normal
48,1,25,35,2083.836534779516,1,1.0,53.17819052165251,1,0.0,1.0,0.0,Brute Force
0,1,11,1,5188.897099586691,2,0.0,2.829556768096999,0,0.0,0.0,0.0,Normal
0,1,1,6,6816.23007715563,2,0.0,1.7850172495755048,0,0.0,0.0,0.0,Normal
2,2,27,44,174775.12341667627,6,0.0,40.8761293613388,0,0.0,0.0,0.0,Lateral Movement
1,1,14,7,5950.387543690502,2,0.0,5.68539835122683,0,0.0,0.0,0.0,Normal
0,2,8,3,1749.6361629327937,2,0.0,5.7090837507897865,0,0.0,0.0,1.0,Normal
0,1,3,7,325.86524501617316,3,0.0,7.5360321268324935,0,0.0,0.0,0.0,Normal
0,1,50,29,146428744.32908738,1,0.0,38.10183784744499,1,1.0,1.0,1.0,Data Exfiltration
2,5,49,19,471302.01372661523,11,0.0,59.593427863914435,1,0.0,1.0,0.0,Lateral Movement
1,1,2,6,12799.105856002969,1,0.0,1.5865479630748631,0,0.0,0.0,0.0,Normal
0,1,17,8,13848.545238726605,1,1.0,8.862200619739657,1,1.0,0.0,1.0,Privilege Escalation
2,2,9,5,5839.944003595244,2,1.0,21.01150586701138,1,1.0,1.0,0.0,Privilege Escalation
10,1,76,25,2811.721742124336,1,1.0,56.61381860444935,0,0.0,0.0,0.0,Brute Force
1,1,17,7,5347.515121526005,2,0.0,24.48384256316246,1,1.0,0.0,1.0,Privilege Escalation
1,5,66,35,114179.85091717985,6,0.0,27.21609883942991,1,0.0,0.0,1.0,Lateral Movement
10,1,68,38,966.3039754689482,1,0.0,57.38670314024931,1,0.0,0.0,0.0,Brute Force
0,1,3,5,1796.528580131723,1,0.0,7.371824512447789,0,0.0,0.0,0.0,Normal
0,1,13,3,12199.983344382534,2,0.0,4.099301994864286,0,0.0,0.0,0.0,Normal
1,2,47,38,38175.91232320356,4,0.0,54.262445207860644,1,1.0,1.0,0.0,Lateral Movement
0,1,11,8,3795.270068745169,2,0.0,6.236743156161962,0,0.0,0.0,0.0,Normal
0,1,9,8,6875.272242152863,1,0.0,5.484922386834253,0,0.0,0.0,0.0,Normal
0,1,6,3,3747.553768941747,2,0.0,2.8646332470499574,0,0.0,0.0,0.0,Normal
0,5,61,32,288377.1074256179,7,1.0,27.359565014757816,1,1.0,1.0,0.0,Lateral Movement
0,1,4,4,2876.726866404376,2,0.0,9.8597443076296,0,0.0,0.0,0.0,Normal
0,1,6,3,3611.036139628304,3,0.0,5.875004429641632,0,0.0,0.0,0.0,Normal
0,2,6,6,1716.4215117711926,2,0.0,3.0398256894976328,0,0.0,0.0,0.0,Normal
0,1,14,1,758.6417303116013,1,0.0,3.5830279495827875,0,0.0,0.0,0.0,Normal
0,1,4,5,4883.364628518071,1,0.0,9.800736704307717,0,0.0,0.0,0.0,Normal
37,1,31,21,973.342749685946,1,0.0,33.68961856542306,1,0.0,1.0,0.0,Brute Force
0,1,6,9,2270.314306836088,2,0.0,6.412839267023207,1,0.0,0.0,0.0,Normal
38,1,69,14,1427.98441297815,1,1.0,38.416175978858924,1,0.0,1.0,0.0,Brute Force
0,1,3,6,977.4717068401006,2,0.0,1.3622218676938365,0,0.0,0.0,1.0,Normal
1,1,4,7,8845.757294341216,3,0.0,2.823569372127507,0,0.0,0.0,0.0,Normal
0,1,14,3,25952.70115483584,3,0.0,9.41351321957712,0,0.0,0.0,0.0,Normal
0,1,1,9,176.84114257175636,1,0.0,9.633961974104805,0,0.0,0.0,0.0,Normal
1,1,12,8,17205.325021240875,3,0.0,2.8112784481441686,0,0.0,0.0,0.0,Normal
1,4,28,48,406598.3516200058,5,0.0,38.47258594684011,1,0.0,0.0,1.0,Lateral Movement
1,1,11,8,2166.605550715997,3,0.0,4.684358142353502,0,0.0,0.0,0.0,Normal
0,1,13,1,10003.780019205095,2,0.0,3.1211979753214107,0,0.0,0.0,0.0,Normal
0,1,1,3,4276.79543488913,2,0.0,9.33878596689193,0,0.0,0.0,0.0,Normal
0,1,8,7,849.4603055914779,2,0.0,8.348032378689144,0,0.0,0.0,0.0,Normal
0,1,9,4,3702.557993457671,1,0.0,3.1828552593921984,0,0.0,0.0,0.0,Normal
0,1,3,2,5012.360976792009,3,0.0,6.8122979204608685,0,0.0,0.0,0.0,Normal
0,1,9,6,5944.0775387436715,2,1.0,6.203441880851274,0,1.0,1.0,1.0,Privilege Escalation
1,1,4,7,1522.176885831096,1,0.0,8.912632653024176,0,0.0,0.0,0.0,Normal
0,1,5,6,2104.4036897866063,1,0.0,7.193504057940269,0,0.0,0.0,0.0,Normal
0,1,12,4,2068.0504148606333,2,0.0,2.743919154021032,0,0.0,0.0,0.0,Normal
0,1,6,1,5745.532251302024,3,0.0,9.542654960254914,0,1.0,0.0,0.0,Normal
0,1,21,9,4499.489903930962,2,0.0,8.98158492110357,1,1.0,1.0,1.0,Privilege Escalation
0,1,10,4,2375.2948361459044,3,0.0,7.770425148508056,0,0.0,0.0,0.0,Normal
0,1,1,1,6416.9023140144045,1,0.0,7.3140718644056575,0,0.0,0.0,0.0,Normal
0,1,8,7,3953.976952328515,1,0.0,7.367831484642966,0,0.0,0.0,0.0,Normal
0,1,37,37,97086151.0259429,4,0.0,44.443872391390066,0,0.0,1.0,1.0,Data Exfiltration
1,1,57,25,119424872.86064027,2,0.0,30.47242547522147,1,1.0,1.0,1.0,Data Exfiltration
0,1,10,1,12475.874049821763,2,0.0,8.963855564916777,0,0.0,0.0,0.0,Normal
0,1,6,1,3351.4598769288627,3,0.0,8.765200307158544,0,0.0,0.0,0.0,Normal
2,5,31,35,398370.9494159925,5,0.0,16.243273471033568,1,0.0,0.0,0.0,Lateral Movement
0,1,12,2,3186.7122069884367,3,0.0,6.49325592389716,0,0.0,0.0,0.0,Normal
1,1,10,5,7549.4905948833375,3,0.0,9.405958300090063,0,0.0,0.0,0.0,Normal
1,1,46,35,92981686.01756544,2,0.0,28.260189035240593,1,1.0,0.0,1.0,Data Exfiltration
0,1,14,1,4079.9953695881154,1,0.0,8.980027809869874,0,0.0,0.0,0.0,Normal
0,1,9,2,7796.772966796733,3,0.0,8.14852645626407,0,0.0,0.0,0.0,Normal
0,2,7,3,4107.282903368997,2,0.0,9.086009807297646,0,0.0,0.0,0.0,Normal
1,2,18,28,18461684.030619293,1,0.0,10.941930828546003,0,0.0,1.0,1.0,Data Exfiltration
0,2,10,6,16675.53953679959,1,0.0,3.3091590339104204,0,0.0,0.0,0.0,Normal
0,1,2,2,195.95721047550518,1,0.0,2.8727214121876044,0,0.0,0.0,0.0,Normal
0,1,9,6,2846.38254948052,1,0.0,7.172336495548402,1,0.0,0.0,0.0,Normal
26,3,94,31,636.3168061481731,2,0.0,73.67150721272829,1,0.0,0.0,0.0,Brute Force
0,1,1,5,7873.068726064301,2,0.0,5.157985085145536,0,0.0,0.0,0.0,Normal
0,1,11,8,103.44822805037026,2,0.0,1.8603436267242768,0,0.0,0.0,0.0,Normal
0,1,49,23,141132503.74153972,1,0.0,28.7651324670915,1,1.0,1.0,1.0,Data Exfiltration
16,1,51,23,1873.997521411054,1,1.0,93.42990562034558,1,0.0,0.0,0.0,Brute Force
40,2,80,15,1571.9018674206654,1,1.0,40.00498510583436,1,0.0,1.0,0.0,Brute Force
1,1,18,4,16714.726188535773,1,0.0,24.66163830361362,1,1.0,0.0,1.0,Privilege Escalation
0,1,12,2,8368.713702237632,3,0.0,3.689432486638011,0,0.0,0.0,0.0,Normal
0,1,4,6,7391.26836249665,2,0.0,7.604738831850088,0,0.0,0.0,0.0,Normal
0,1,6,5,5028.207081662951,3,0.0,4.359294631148279,0,0.0,0.0,0.0,Normal
0,1,42,31,10579550.5226371,2,0.0,38.539355130451625,1,1.0,0.0,1.0,Data Exfiltration
0,2,22,5,12681.4154813949,1,0.0,29.113406455455603,0,1.0,1.0,0.0,Privilege Escalation
0,2,5,1,3134.6459354225713,2,0.0,1.8591641082984554,0,0.0,0.0,0.0,Normal
0,1,7,2,9931.160404075088,1,0.0,5.36445127524487,0,0.0,0.0,0.0,Normal
0,1,6,5,427.0351736284907,2,0.0,6.687007049816689,0,0.0,0.0,0.0,Normal
1,1,7,5,414.9606320786033,1,0.0,5.726964264678106,0,0.0,0.0,0.0,Normal
0,1,8,7,330.2253220831771,3,0.0,7.406117559086053,0,0.0,0.0,0.0,Normal
0,2,10,9,1816.5979416837013,1,0.0,8.940426080676186,0,0.0,0.0,1.0,Normal
0,1,1,3,17698.366305981646,2,0.0,7.413454662283833,0,0.0,0.0,0.0,Normal
0,1,1,7,1432.9100370088024,1,0.0,7.926545596192945,0,0.0,0.0,0.0,Normal
31,1,44,17,2600.5342682576515,1,0.0,37.44606570910697,0,0.0,0.0,0.0,Brute Force
1,3,68,31,405764.9522293981,7,1.0,30.467773592399894,1,0.0,1.0,0.0,Lateral Movement
0,2,52,14,79323474.2917699,2,0.0,29.899847549220475,0,1.0,0.0,1.0,Data Exfiltration
0,1,12,8,7346.933015054346,2,0.0,7.640513548285137,0,0.0,0.0,0.0,Normal
1,1,9,3,371.8905491321982,3,0.0,1.1994918030155057,0,0.0,0.0,0.0,Normal
2,1,22,12,9160.8239562634,1,0.0,16.983370458085794,0,1.0,0.0,1.0,Privilege Escalation
0,1,32,11,54989785.242923506,4,0.0,49.65527548691253,1,0.0,1.0,1.0,Data Exfiltration
0,1,8,3,4919.8970868607685,3,0.0,4.109821753137636,0,0.0,0.0,0.0,Normal
0,1,10,7,13398.066532517325,1,0.0,4.069649436130621,0,0.0,0.0,1.0,Normal
0,1,16,3,8136.134533236988,2,0.0,9.043452614211107,0,1.0,0.0,0.0,Privilege Escalation
0,1,10,7,1073.1355414262632,3,0.0,6.260693638943738,0,0.0,0.0,0.0,Normal
0,1,6,1,55.54309036896252,3,0.0,8.120437183810614,0,0.0,0.0,0.0,Normal
0,1,3,3,12798.743376492775,2,0.0,4.723176373651034,0,0.0,0.0,0.0,Normal
2,1,14,9,3065.92581891218,1,0.0,9.289309478908043,0,0.0,0.0,1.0,Normal
0,1,1,2,1391.2087748318893,1,0.0,1.540196178294437,0,0.0,0.0,0.0,Normal
0,1,11,6,274.1239008521308,2,0.0,7.799155417884214,0,0.0,0.0,0.0,Normal
1,1,12,7,10012.17928657281,3,0.0,6.159579918463754,0,0.0,0.0,0.0,Normal
2,5,51,44,169431.21992930872,11,0.0,36.052548502890915,0,0.0,1.0,0.0,Lateral Movement
0,1,13,8,1746.834479243761,3,0.0,9.254578916116586,0,0.0,0.0,0.0,Normal
0,1,10,6,4598.786451864766,2,0.0,8.347009590055745,0,0.0,0.0,0.0,Normal
0,1,11,9,4280.781657604334,3,0.0,3.881871857394614,1,0.0,0.0,1.0,Normal
0,1,9,7,2540.876379913066,1,0.0,7.1923686971081935,0,0.0,0.0,0.0,Normal
0,1,4,9,4870.732014819126,1,0.0,6.584218714463296,1,0.0,0.0,0.0,Normal
0,1,3,3,4872.593066744109,2,0.0,2.051512627696131,0,0.0,0.0,0.0,Normal
0,1,12,3,232.6528876220062,3,0.0,7.26282712201839,0,0.0,0.0,0.0,Normal
1,1,4,5,2310.6379227406123,2,0.0,1.5733279223589367,0,0.0,0.0,0.0,Normal
0,1,14,5,3956.966703810104,1,0.0,4.530359311909246,0,0.0,0.0,0.0,Normal
36,1,56,12,1504.2372967823553,1,1.0,92.15997507852862,1,0.0,0.0,0.0,Brute Force
0,1,5,7,5377.409360139026,2,0.0,2.6735688820072423,0,0.0,0.0,0.0,Normal
1,1,8,1,2510.8782905248463,1,0.0,5.856825633554708,0,0.0,0.0,0.0,Normal
0,1,3,1,1905.4643354169325,3,0.0,4.434499664804443,1,0.0,0.0,0.0,Normal
0,2,16,11,19156.017684439033,1,0.0,28.437948449506724,1,1.0,1.0,1.0,Privilege Escalation
24,1,20,20,1880.3548490957423,1,0.0,92.99694108941557,1,0.0,0.0,0.0,Brute Force
0,1,13,3,1627.4008200133424,2,0.0,7.353392852494571,0,0.0,0.0,0.0,Normal
0,1,5,9,820.6066597187098,1,0.0,2.4634551905864517,0,0.0,0.0,0.0,Normal
40,1,91,30,2253.9134106588026,1,1.0,49.77770194133299,0,0.0,0.0,0.0,Brute Force
0,1,4,3,5023.088590808962,3,0.0,4.282651264958098,0,0.0,0.0,0.0,Normal
2,4,65,44,215739.39137898508,6,1.0,26.166428518314962,1,0.0,1.0,0.0,Lateral Movement
0,1,7,7,6823.777134006968,2,0.0,4.338591817681185,0,0.0,0.0,0.0,Normal
1,1,49,21,141842085.55087402,3,1.0,19.081582792141027,1,1.0,0.0,1.0,Data Exfiltration
0,1,13,9,2147.4601833008423,1,0.0,3.1993050567493606,0,0.0,0.0,0.0,Normal
0,1,13,5,13343.847254077891,2,0.0,1.9325690889846991,0,0.0,0.0,0.0,Normal
12,2,97,14,3990.9094743006194,1,1.0,116.47869204191448,0,0.0,0.0,0.0,Brute Force
0,2,43,35,83277036.04070081,4,0.0,15.277893148160304,1,0.0,0.0,1.0,Data Exfiltration
22,2,70,33,1161.4132047977719,1,0.0,40.5031591581273,1,0.0,0.0,0.0,Brute Force
0,1,3,1,5626.664909229144,3,0.0,1.3509226423449556,1,0.0,0.0,0.0,Normal
0,1,8,5,5951.802002576358,1,0.0,5.559388265651135,0,0.0,0.0,0.0,Normal
0,2,8,3,18503.556157760602,2,0.0,6.973427489063221,0,0.0,0.0,0.0,Normal
0,1,59,17,107503338.24148795,1,0.0,35.70045691296293,1,1.0,0.0,1.0,Data Exfiltration
2,3,65,15,271502.03408772673,6,1.0,52.803025784301084,1,1.0,1.0,0.0,Lateral Movement
23,1,20,33,3891.319721136625,1,1.0,82.92504606050673,1,0.0,0.0,0.0,Brute Force
1,1,12,7,737.9476596743818,2,0.0,6.696897527731766,0,0.0,0.0,0.0,Normal
0,1,10,9,2043.8103707875089,2,0.0,3.591428992333613,0,0.0,0.0,0.0,Normal
35,3,39,45,730.3805627835038,1,0.0,80.28462792971334,0,0.0,0.0,0.0,Brute Force
1,3,63,22,83864.19720669802,11,0.0,52.91331964463683,1,1.0,1.0,1.0,Lateral Movement
0,1,1,6,2567.7316771782016,3,0.0,9.415782006823607,0,0.0,0.0,0.0,Normal
0,5,22,30,377654.61182169896,11,0.0,59.3780150589111,1,0.0,0.0,0.0,Lateral Movement
35,1,79,14,2811.387272947839,1,0.0,45.41841784495183,0,0.0,1.0,0.0,Brute Force
1,1,13,8,1464.349839192601,1,0.0,8.059275508970494,0,0.0,0.0,0.0,Normal
0,1,24,13,19513.25740328333,1,1.0,12.109741110269063,1,1.0,0.0,0.0,Privilege Escalation
0,1,5,1,1186.6163774770607,2,0.0,3.253011073612058,0,0.0,0.0,0.0,Normal
0,1,5,2,16915.235411953494,2,0.0,9.84333224809529,0,0.0,0.0,0.0,Normal
0,1,6,6,708.6438009460726,1,0.0,4.810750383756447,0,0.0,0.0,0.0,Normal
1,2,23,36,445990.6819056793,5,1.0,26.115613798009235,0,1.0,1.0,0.0,Lateral Movement
3,3,51,30,402670.4752519575,5,1.0,47.31480459399376,0,1.0,1.0,0.0,Lateral Movement
0,1,12,2,2422.0482820751304,2,0.0,9.750642257100997,0,0.0,0.0,0.0,Normal
0,1,9,7,2839.19150021102,1,0.0,3.3545824956160644,0,0.0,0.0,0.0,Normal
0,1,11,4,2742.249488904608,3,0.0,2.2199039525036337,0,0.0,0.0,0.0,Normal
0,1,55,29,31417987.70994738,2,0.0,35.12565290040011,1,0.0,0.0,1.0,Data Exfiltration
1,1,9,5,228.68553741712955,1,0.0,1.3717732772931832,0,0.0,0.0,0.0,Normal
0,1,6,3,4140.18923000087,3,0.0,3.932518955537309,0,0.0,0.0,0.0,Normal
0,2,41,20,237496.5417040969,11,1.0,40.79582980141171,1,0.0,1.0,0.0,Lateral Movement
1,1,8,2,1710.6040025177792,3,0.0,7.623968394974629,0,0.0,0.0,0.0,Normal
0,1,9,6,1867.2972419219757,2,0.0,5.625290736112966,0,0.0,0.0,0.0,Normal
34,1,80,55,594.3416592934593,1,0.0,57.245609457475055,1,0.0,0.0,0.0,Brute Force
0,1,4,6,7628.058200596393,1,0.0,9.083990115186126,0,0.0,0.0,0.0,Normal
0,1,50,23,62444058.172244385,2,1.0,41.85980290897773,1,0.0,0.0,1.0,Data Exfiltration
1,1,20,6,2684.7573097688246,1,0.0,9.044480761899187,1,1.0,0.0,0.0,Privilege Escalation
30,2,64,55,3050.154876921719,2,1.0,32.11862558516309,1,0.0,0.0,0.0,Brute Force
0,1,14,7,13631.349504998409,1,0.0,9.348703475329662,0,0.0,0.0,0.0,Normal
0,1,6,9,6066.598779438771,2,0.0,9.283387152893425,0,0.0,0.0,0.0,Normal
0,1,9,2,3245.5371273815786,1,0.0,7.22380802569279,0,0.0,0.0,0.0,Normal
40,1,80,52,2065.342478799782,1,0.0,56.55632040748823,0,0.0,0.0,0.0,Brute Force
0,1,13,4,2045.7588537983088,1,0.0,8.761757862427913,0,0.0,0.0,0.0,Normal
37,2,56,15,1211.226576411509,1,1.0,76.74375946897227,1,0.0,0.0,0.0,Brute Force
1,1,19,14,107746722.27879255,3,0.0,36.63217690790671,1,1.0,0.0,1.0,Data Exfiltration
0,1,3,4,453.7158453823548,3,0.0,2.0518424759836167,0,0.0,0.0,0.0,Normal
0,1,4,7,1449.0815399976927,3,0.0,6.260206762525375,0,0.0,0.0,1.0,Normal
0,1,3,9,1463.7922946722354,3,0.0,9.553976222935098,0,0.0,0.0,0.0,Normal
17,2,69,42,775.8512370041196,1,1.0,76.20619667930592,0,0.0,0.0,0.0,Brute Force
33,1,23,16,3114.1441733464176,1,1.0,68.76263431607401,0,0.0,1.0,0.0,Brute Force
0,1,10,8,3175.296712551359,1,0.0,7.966188306685728,0,0.0,0.0,0.0,Normal
0,1,3,2,4423.70752203101,1,0.0,5.525351642111729,0,0.0,0.0,0.0,Normal
21,1,28,56,690.9359020782779,1,1.0,69.69373700308742,1,0.0,0.0,0.0,Brute Force
1,2,20,15,170217.32044883966,11,0.0,38.67608455080443,0,1.0,1.0,0.0,Lateral Movement
0,1,8,6,1068.2753747449922,2,0.0,6.3762766746449575,0,0.0,0.0,0.0,Normal
1,2,4,7,703.3007550761495,2,0.0,3.5563176158569982,0,0.0,0.0,0.0,Normal
0,1,10,8,2619.0498412613733,2,0.0,6.537710581960165,0,0.0,0.0,0.0,Normal
0,1,7,4,4475.462048241296,1,0.0,2.1553515867931,1,0.0,0.0,0.0,Normal
0,1,9,8,12741.739784371277,2,0.0,1.361788221320889,0,0.0,0.0,0.0,Normal
1,1,50,27,80351440.3158344,1,1.0,42.99986445444449,1,1.0,0.0,1.0,Data Exfiltration
0,2,11,1,2539.23336057507,2,0.0,3.8368886244499,0,0.0,0.0,0.0,Normal
0,1,50,27,47216527.83385132,4,1.0,11.89156132339737,1,0.0,0.0,1.0,Data Exfiltration
25,1,28,13,3199.1359364137984,1,1.0,113.52472716619143,0,0.0,0.0,0.0,Brute Force
0,1,33,27,35625928.13079646,3,0.0,32.01754266769407,0,1.0,0.0,1.0,Data Exfiltration
0,1,1,9,1605.4924530394098,2,0.0,5.097379126376643,0,0.0,0.0,0.0,Normal
16,1,82,47,701.9516432186552,1,0.0,86.00837271481572,0,0.0,0.0,0.0,Brute Force
1,1,22,8,1216.1830703238134,2,0.0,5.221467728703462,1,1.0,0.0,0.0,Privilege Escalation
1,1,9,8,1429.5574045340963,2,1.0,18.332952252763832,1,1.0,0.0,0.0,Privilege Escalation
8,2,67,49,1307.6788491911007,1,0.0,39.739838121066484,1,0.0,1.0,0.0,Brute Force
1,1,8,7,5214.737456616285,2,0.0,4.807471548628133,0,0.0,0.0,0.0,Normal
0,1,12,5,14968.569941411495,2,0.0,6.223863271090711,0,0.0,0.0,1.0,Normal
0,1,17,3,11150.704800462667,1,0.0,24.359096071064602,1,1.0,1.0,0.0,Privilege Escalation
34,2,96,50,1975.5168307972244,2,1.0,55.98001449013496,1,0.0,0.0,0.0,Brute Force
0,2,11,5,15.896734780102433,1,0.0,2.916455928691085,0,0.0,0.0,0.0,Normal
1,1,7,8,6078.677641679481,1,0.0,8.994797399342191,0,0.0,0.0,0.0,Normal
0,2,44,15,148072005.25186887,2,0.0,18.72321439839005,1,0.0,0.0,1.0,Data Exfiltration
24,2,98,57,3167.9345788810647,1,1.0,36.65355283979534,0,0.0,0.0,0.0,Brute Force
21,1,82,14,2089.368631324488,1,0.0,89.47791825615717,0,0.0,0.0,0.0,Brute Force
0,1,9,1,7730.628196109488,1,0.0,8.486792830658846,0,0.0,0.0,0.0,Normal
0,3,68,34,92498.53800044816,11,1.0,57.45212153055966,1,0.0,0.0,0.0,Lateral Movement
1,1,8,2,2777.6460068984543,3,0.0,7.250317677580535,0,0.0,0.0,0.0,Normal
1,2,24,4,9280.291817645319,1,1.0,22.90814885814209,1,1.0,1.0,1.0,Privilege Escalation
0,1,5,7,29439.49654241727,3,0.0,3.5094985553603504,0,0.0,0.0,0.0,Normal
0,1,13,8,871.5462112366894,3,0.0,8.118000488673573,1,0.0,0.0,1.0,Normal
1,3,34,15,297735.8851970686,7,0.0,52.28161793626632,1,0.0,0.0,0.0,Lateral Movement
0,1,9,3,3488.8062216129174,3,0.0,9.276029765319565,0,0.0,0.0,0.0,Normal
19,2,52,35,734.4635737942048,2,0.0,35.5818783403955,0,0.0,0.0,0.0,Brute Force
0,1,57,24,31360547.783004794,3,1.0,29.70125195217243,1,0.0,0.0,1.0,Data Exfiltration
1,1,47,37,59364939.71492009,3,0.0,10.86669668736672,1,0.0,1.0,1.0,Data Exfiltration
1,1,6,2,8066.813355513796,1,0.0,2.298279421700297,0,0.0,0.0,0.0,Normal
18,3,45,53,1020.6900166664201,2,0.0,77.43797264186759,1,0.0,0.0,0.0,Brute Force
2,1,20,9,15247.252512565092,2,1.0,28.337354361118393,0,1.0,0.0,0.0,Privilege Escalation
30,1,63,45,3849.851123080847,1,1.0,112.48065946360775,1,0.0,0.0,0.0,Brute Force
1,1,23,19,21168530.110008843,3,1.0,24.261285024767357,1,1.0,1.0,1.0,Data Exfiltration
0,2,6,6,1689.9370238645743,1,0.0,4.349081764072258,0,0.0,0.0,0.0,Normal
0,1,8,3,1542.8210881732193,3,0.0,6.012707803844036,0,0.0,0.0,0.0,Normal
0,1,5,1,2692.2646607194474,3,0.0,7.1667154631292735,0,0.0,0.0,1.0,Normal
1,1,40,26,128912277.07953875,4,1.0,22.031553716158978,1,0.0,1.0,1.0,Data Exfiltration
0,1,16,12,5837.19440879689,2,1.0,20.635673822717123,1,1.0,1.0,1.0,Privilege Escalation
0,1,8,5,6412.324722079632,1,0.0,4.163567896083719,0,0.0,0.0,0.0,Normal
0,1,8,7,3892.897497372255,2,0.0,3.9910346219829007,0,0.0,0.0,0.0,Normal
27,1,85,38,1716.4779290857123,1,1.0,89.74238582197074,1,0.0,0.0,0.0,Brute Force
0,1,13,7,613.2543507692785,2,0.0,5.160078693170223,0,0.0,0.0,0.0,Normal
0,1,13,9,11309.819929661082,2,0.0,5.831306952425056,0,0.0,0.0,0.0,Normal
0,1,3,9,1880.1143170847968,1,0.0,5.128799787905089,0,0.0,0.0,0.0,Normal
0,1,7,5,5410.515501988874,3,0.0,6.872736854193821,0,0.0,0.0,0.0,Normal
0,1,37,21,92546520.25953408,3,1.0,43.82244762041217,1,1.0,1.0,1.0,Data Exfiltration
0,1,10,1,8754.972065489239,3,0.0,8.53389551610012,0,0.0,0.0,0.0,Normal
0,1,11,9,2043.9100812539182,1,0.0,1.1648548649415256,0,0.0,0.0,0.0,Normal
36,1,21,17,1801.0070426464454,1,1.0,90.8739152089421,1,0.0,0.0,0.0,Brute Force
0,1,1,3,1879.462138383484,1,0.0,5.153462186062025,0,0.0,0.0,0.0,Normal
0,1,2,2,10624.217639298093,3,0.0,8.469300816851415,0,0.0,0.0,0.0,Normal
0,1,10,3,3139.6349901118183,3,0.0,1.147119987125734,0,0.0,0.0,0.0,Normal
0,1,3,1,4341.459049198669,3,0.0,9.27349490064459,0,0.0,0.0,0.0,Normal
0,1,6,5,4392.283657846811,2,0.0,1.3986344852388348,1,0.0,0.0,0.0,Normal
0,1,9,8,2983.216317733966,1,0.0,2.9601190001114137,0,0.0,0.0,0.0,Normal
1,1,9,8,1377.4732891140156,2,0.0,5.54401732851065,0,0.0,0.0,0.0,Normal
0,1,7,1,9377.509751044034,1,0.0,6.436161969176604,0,0.0,0.0,0.0,Normal
29,2,67,46,3334.5122148187565,1,1.0,69.0396061494425,0,0.0,0.0,0.0,Brute Force
27,3,41,30,835.4737181906214,2,1.0,95.48090774138727,1,0.0,0.0,0.0,Brute Force
1,1,10,9,382.14490377113066,1,0.0,4.888926076704653,0,0.0,0.0,0.0,Normal
0,1,10,8,2779.4705686301795,2,0.0,6.72989103411209,0,0.0,0.0,0.0,Normal
1,1,12,5,2202.2477692422603,3,0.0,8.137996075253987,0,0.0,0.0,0.0,Normal
0,1,8,3,1481.8486603110532,3,0.0,7.804149242186638,0,0.0,0.0,0.0,Normal
2,1,2,5,3740.634754922255,2,0.0,3.063891171589195,0,1.0,0.0,0.0,Normal
1,1,13,6,19094.850667063776,1,1.0,23.93317387587328,1,1.0,0.0,0.0,Privilege Escalation
7,2,31,21,1007.4851794756116,1,1.0,104.32908097126095,1,0.0,1.0,0.0,Brute Force
0,1,2,2,3179.9776496200698,1,0.0,4.128078530455671,0,0.0,0.0,0.0,Normal
0,1,7,6,4663.699745595022,2,0.0,2.179335028289935,0,0.0,0.0,0.0,Normal
1,1,8,6,3421.181238685316,3,0.0,6.632180556591078,0,0.0,0.0,0.0,Normal
0,1,8,9,20396.42640855853,2,0.0,9.637202972026126,0,0.0,0.0,0.0,Normal
2,4,52,45,162036.94491842392,9,1.0,38.028480565553906,0,1.0,1.0,0.0,Lateral Movement
6,2,93,43,1454.2934210369992,1,1.0,58.669692375279254,1,0.0,0.0,0.0,Brute Force
0,1,18,5,16892.414980498885,1,0.0,29.9700857924623,1,1.0,0.0,0.0,Privilege Escalation
0,1,7,2,460.31882161869237,2,0.0,6.546275441533912,0,0.0,0.0,0.0,Normal
0,1,6,3,1821.0421698970915,3,0.0,2.515726961246269,0,0.0,0.0,0.0,Normal
1,1,4,6,1237.6019696533035,1,0.0,6.1298858758486885,0,0.0,0.0,0.0,Normal
0,1,1,1,1718.0317294067538,1,0.0,7.043470030292155,0,0.0,0.0,0.0,Normal
1,2,24,5,8826.839997029578,2,1.0,5.840385115716499,1,1.0,1.0,1.0,Privilege Escalation
2,3,38,33,133439.18953354305,7,0.0,19.695825389940627,1,0.0,0.0,0.0,Lateral Movement
1,1,5,8,17234.871631537437,1,0.0,7.539029085018357,0,0.0,0.0,0.0,Normal
1,1,9,5,3289.8029561768662,2,0.0,2.3574649389492577,0,0.0,0.0,0.0,Normal
0,1,11,6,10189.20298146952,2,0.0,4.021357517829419,0,0.0,0.0,0.0,Normal
1,2,9,6,9646.361269339242,1,0.0,7.03639205500668,0,0.0,0.0,0.0,Normal
2,1,6,6,4447.433495310879,3,0.0,6.1366172407852675,0,0.0,0.0,0.0,Normal
0,1,5,1,12310.943230226001,2,0.0,9.407317735415011,0,0.0,0.0,0.0,Normal
0,1,5,9,2865.7211577648104,2,0.0,3.0943738034998436,0,0.0,0.0,0.0,Normal
0,1,7,6,6958.982762966134,3,0.0,6.081256525383007,0,0.0,0.0,0.0,Normal
0,1,3,3,1477.78422653376,2,0.0,1.6077536850328955,0,0.0,0.0,0.0,Normal
0,1,5,5,16782.17670287488,1,0.0,3.4959064776497,0,0.0,0.0,0.0,Normal
0,1,13,8,1983.3239459359268,2,0.0,2.1330817888755256,0,0.0,0.0,1.0,Normal
0,1,1,5,15050.449260088657,2,0.0,2.7817592998147083,0,0.0,0.0,0.0,Normal
0,1,6,3,3284.456673122555,3,0.0,3.6351048713809995,0,0.0,0.0,0.0,Normal
0,1,13,9,7188.677533321688,2,0.0,7.1101440507489695,1,0.0,0.0,0.0,Normal
0,1,10,12,11091.937826171432,2,0.0,10.734446189091344,1,1.0,0.0,1.0,Privilege Escalation
1,1,13,8,17089.989603908245,2,0.0,26.07319734296843,1,1.0,0.0,1.0,Privilege Escalation
0,1,11,8,6990.6787256470625,2,0.0,5.365991257463555,0,0.0,0.0,0.0,Normal
0,1,8,3,7238.4272865263965,2,0.0,2.37414909236457,0,0.0,0.0,0.0,Normal
2,4,20,42,298363.02981164807,7,0.0,27.61347901375486,1,1.0,1.0,0.0,Lateral Movement
0,1,6,12,15673.321818751381,2,1.0,23.424499113391427,1,1.0,0.0,1.0,Privilege Escalation
0,1,7,4,351.71434572454353,2,0.0,9.667367044620605,0,0.0,0.0,0.0,Normal
9,2,84,50,3651.538458594046,1,0.0,42.95864830933277,1,0.0,0.0,0.0,Brute Force
27,1,60,13,500.68201818061,2,1.0,87.65554118030022,1,0.0,0.0,0.0,Brute Force
0,1,14,8,4209.477169937528,2,0.0,8.038911029356958,1,0.0,0.0,0.0,Normal
0,1,20,35,50009488.42331019,3,0.0,12.217689846089241,1,0.0,1.0,1.0,Data Exfiltration
1,2,41,35,40173452.498895526,4,1.0,36.09004219590777,1,0.0,0.0,1.0,Data Exfiltration
19,3,59,22,3377.918059147989,1,1.0,34.698423863558844,1,0.0,1.0,0.0,Brute Force
20,1,63,42,720.7048395168529,1,0.0,47.70664701891239,0,0.0,1.0,0.0,Brute Force
0,1,3,2,7900.8672695457035,1,0.0,6.657689439125647,0,0.0,0.0,0.0,Normal
0,1,8,7,4450.391162876573,1,0.0,1.7763952695678684,0,0.0,0.0,0.0,Normal
0,1,11,8,2294.2113653390797,2,0.0,1.509422190449188,0,0.0,0.0,0.0,Normal
0,1,2,2,6109.942863071969,1,0.0,5.085460523177034,0,0.0,0.0,0.0,Normal
1,1,12,9,16017.455690369148,1,0.0,4.9933976969708755,0,0.0,0.0,0.0,Normal
0,1,9,6,1718.5392995151979,3,0.0,5.860014068038468,0,1.0,0.0,0.0,Normal
0,1,9,4,819.9137556160255,2,0.0,4.951477359562556,0,0.0,0.0,0.0,Normal
36,1,35,57,2939.302690438962,1,1.0,97.3411042289875,1,0.0,0.0,0.0,Brute Force
0,1,11,5,12012.983942593715,2,0.0,8.647071563211469,0,0.0,0.0,0.0,Normal
0,1,10,6,7582.483952928061,2,0.0,3.72109385655108,0,0.0,0.0,0.0,Normal
1,1,32,31,120315243.44289821,2,1.0,29.527196701891377,1,0.0,1.0,1.0,Data Exfiltration
0,1,21,5,16528.713620557497,2,1.0,22.41808183051523,1,1.0,0.0,0.0,Privilege Escalation
44,1,39,25,1451.9754169108373,1,1.0,51.28681280459037,0,0.0,0.0,0.0,Brute Force
1,1,15,9,17851.466467199072,2,0.0,21.02666067175125,1,1.0,0.0,0.0,Privilege Escalation
1,1,19,33,121624329.47898155,4,1.0,21.19952257685247,1,1.0,1.0,1.0,Data Exfiltration
1,1,7,9,5678.171533714311,1,0.0,3.971629208375918,0,0.0,0.0,0.0,Normal
0,1,7,5,358.1961490540051,1,0.0,1.76091150351167,0,0.0,0.0,0.0,Normal
0,1,7,5,2976.5940777777596,3,0.0,3.0932224535015242,0,0.0,0.0,0.0,Normal
18,1,95,33,3135.4337589166885,2,1.0,100.07375515566396,1,0.0,0.0,0.0,Brute Force
40,1,66,21,3689.925490983673,1,1.0,76.14431617064673,0,0.0,0.0,0.0,Brute Force
0,1,1,4,6793.433295884177,1,0.0,6.3751957148987595,0,0.0,0.0,0.0,Normal
0,1,11,5,3538.2992768289796,1,0.0,4.361698933116059,0,0.0,0.0,0.0,Normal
1,1,23,7,6665.522107684628,2,0.0,8.680487085911292,1,1.0,0.0,1.0,Privilege Escalation
0,1,9,6,2059.852377008002,2,0.0,8.967544393983259,0,0.0,0.0,0.0,Normal
1,1,11,6,2176.097179963988,2,0.0,7.6851175127473,0,0.0,0.0,0.0,Normal
0,1,3,3,2645.9797289040503,2,0.0,3.538542257961026,0,0.0,0.0,0.0,Normal
2,1,5,1,3208.179786062319,3,0.0,8.869483335725285,0,0.0,0.0,0.0,Normal
0,1,39,27,113718207.80982418,3,0.0,33.67765729874591,1,0.0,1.0,1.0,Data Exfiltration
0,1,7,6,2117.6960331587143,3,0.0,4.647311025148969,0,0.0,0.0,0.0,Normal
0,1,13,7,609.8723406815081,3,0.0,7.241154211568507,1,0.0,0.0,0.0,Normal
1,1,8,8,15094.61878606676,2,0.0,3.6380069122011456,0,0.0,0.0,0.0,Normal
0,1,8,4,1800.429531256327,1,0.0,2.8862063374450404,0,0.0,0.0,0.0,Normal
0,1,13,6,1906.0360257907296,1,0.0,3.8658822946957896,0,0.0,0.0,0.0,Normal
0,1,55,15,17443534.25004106,1,1.0,36.711918957078,1,1.0,0.0,1.0,Data Exfiltration
1,1,6,13,11395.42022844749,1,0.0,20.271829749288784,1,1.0,1.0,0.0,Privilege Escalation
1,1,10,1,14248.859409238916,1,0.0,5.833065579345316,0,0.0,0.0,0.0,Normal
0,1,6,1,572.4895342291242,3,0.0,9.506057759986025,0,0.0,0.0,0.0,Normal
0,1,4,2,507.67520284511187,2,0.0,3.902474965210244,0,0.0,0.0,0.0,Normal
0,1,14,6,5180.119143668872,1,0.0,4.03193768028922,0,0.0,0.0,0.0,Normal
0,1,12,1,5806.77580540851,2,0.0,4.331470200727395,0,0.0,0.0,0.0,Normal
0,1,2,6,1290.5573926224984,2,0.0,3.8683239036524513,0,0.0,0.0,0.0,Normal
0,1,12,9,3043.335579460384,2,0.0,4.176306037837914,0,0.0,0.0,0.0,Normal
0,1,4,8,1555.0611289132846,1,0.0,9.197876876720978,0,0.0,0.0,0.0,Normal
0,1,13,2,18235.887184369847,2,0.0,3.299525418151574,0,0.0,0.0,0.0,Normal
0,1,9,3,6672.731954092039,3,0.0,1.7446481627577128,0,0.0,0.0,0.0,Normal
25,1,93,54,582.5814985212062,1,0.0,76.45956059789034,1,0.0,0.0,0.0,Brute Force
0,1,7,7,17178.982446437298,2,0.0,4.966357981687625,0,0.0,0.0,0.0,Normal
0,1,21,8,15078.912851387573,2,0.0,7.4494043894952355,0,1.0,0.0,0.0,Privilege Escalation
1,1,10,9,2262.776150971824,2,0.0,23.579923830945535,1,1.0,0.0,1.0,Privilege Escalation
0,1,12,9,11287.880229014268,2,0.0,2.369047627079558,0,0.0,0.0,0.0,Normal
0,1,14,6,9225.010956987668,1,0.0,2.5172380314785747,0,0.0,0.0,1.0,Normal
1,1,5,6,15091.137111754475,1,0.0,1.6633883680501942,1,0.0,0.0,0.0,Normal
0,1,2,2,4310.620119142655,1,0.0,3.408143872403987,0,0.0,0.0,0.0,Normal
0,1,4,2,921.9302217314585,3,0.0,8.11545578475467,0,0.0,0.0,0.0,Normal
0,1,9,8,4978.308793822727,1,0.0,6.180952566445411,0,1.0,0.0,0.0,Normal
0,1,12,6,1321.5580141873872,1,0.0,5.013315639562085,0,0.0,0.0,0.0,Normal
0,1,14,4,2948.2411304123843,3,0.0,4.199154762300807,1,0.0,0.0,0.0,Normal
0,1,47,10,146967062.9898612,1,0.0,33.453504932584856,0,0.0,1.0,1.0,Data Exfiltration
2,2,69,35,332960.4423073957,8,1.0,47.02813387794486,1,1.0,0.0,0.0,Lateral Movement
0,1,9,2,8515.355038578315,2,0.0,6.173247023850526,0,0.0,0.0,0.0,Normal
0,1,47,35,83002712.0824683,3,0.0,25.96911435852405,1,1.0,1.0,1.0,Data Exfiltration
36,1,56,39,2299.9688858972604,2,1.0,33.535383495906906,1,0.0,1.0,0.0,Brute Force
3,5,55,31,145220.7145478963,7,1.0,20.383913604257504,1,0.0,1.0,0.0,Lateral Movement
0,1,2,8,2589.419406257155,3,0.0,8.857056771600085,0,0.0,0.0,0.0,Normal
0,1,24,5,18863.21706210745,1,1.0,17.414602370777587,1,1.0,0.0,0.0,Privilege Escalation
1,4,62,34,473755.4695341549,6,0.0,26.17751790628035,1,0.0,0.0,0.0,Lateral Movement
26,1,59,32,1942.3932143766883,1,1.0,99.31684359943422,1,0.0,1.0,0.0,Brute Force
0,3,23,20,110151.18031077564,6,1.0,58.17725825626457,1,0.0,1.0,0.0,Lateral Movement
0,1,9,7,1790.1813249480454,3,0.0,5.4830846478327615,0,0.0,0.0,0.0,Normal
1,1,18,5,11224.569292089232,1,0.0,13.097786238788403,1,1.0,0.0,1.0,Privilege Escalation
0,1,13,4,1282.8830862619006,2,0.0,2.0990135922939457,0,0.0,0.0,0.0,Normal
2,1,5,5,2916.6599889269974,1,0.0,5.907859056543817,0,0.0,0.0,0.0,Normal
2,1,37,23,128646797.44798464,4,0.0,21.258738824721604,1,1.0,1.0,1.0,Data Exfiltration
0,2,58,29,354598.3767210073,8,0.0,19.427006112865918,0,0.0,1.0,0.0,Lateral Movement
0,1,9,5,1310.4007431184848,1,0.0,5.610544568975051,0,0.0,0.0,0.0,Normal
0,1,2,4,4087.578168467373,2,0.0,3.7554336321951816,0,0.0,0.0,0.0,Normal
0,1,13,9,3694.733811890048,2,0.0,1.9185560662404413,1,0.0,0.0,0.0,Normal
0,1,8,8,1455.5634791679468,1,0.0,4.206670439966711,0,1.0,0.0,0.0,Normal
1,1,2,8,3612.6703018546036,3,0.0,8.912680701870304,1,0.0,0.0,0.0,Normal
0,1,3,1,8559.588509648716,2,0.0,8.110497751637958,0,0.0,0.0,0.0,Normal
0,1,10,6,4786.065328234315,3,0.0,2.099904252268306,0,0.0,0.0,0.0,Normal
0,1,14,7,3069.8961624455933,1,0.0,8.995162393427876,0,0.0,0.0,0.0,Normal
0,1,5,5,162.7092100143775,2,0.0,6.495568571767185,1,0.0,0.0,0.0,Normal
1,1,8,8,1190.0125581771456,2,0.0,4.841118731570676,0,0.0,0.0,0.0,Normal
0,1,3,9,2785.504411489913,1,0.0,8.656370125556482,0,0.0,0.0,0.0,Normal
0,1,12,3,5422.801210974421,2,0.0,4.473292874078712,0,0.0,0.0,0.0,Normal
0,1,13,3,622.7576286796796,1,0.0,7.289536202147975,0,0.0,0.0,0.0,Normal
0,1,10,6,797.1151170859647,1,0.0,1.398198421160275,0,0.0,0.0,0.0,Normal
0,2,11,4,2036.2407900610644,1,0.0,1.6632212713339125,0,0.0,0.0,0.0,Normal
0,2,13,3,9843.800976008824,3,0.0,6.746301249519151,0,0.0,0.0,0.0,Normal
1,1,5,8,12575.92761631857,2,0.0,15.118030658613714,1,1.0,1.0,0.0,Privilege Escalation
0,1,1,3,2627.505897368872,3,0.0,3.993161426889613,0,0.0,0.0,0.0,Normal
0,1,7,7,5622.5654175753225,1,0.0,4.046372727123418,0,0.0,0.0,0.0,Normal
0,1,2,5,7384.705799040336,3,0.0,7.739517573070453,1,0.0,0.0,0.0,Normal
0,1,5,8,2498.0331136150025,3,0.0,1.4303471746902563,0,0.0,0.0,0.0,Normal
0,1,13,1,17564.175171310042,3,0.0,4.633267901793033,0,0.0,0.0,0.0,Normal
1,1,14,6,11402.336401749923,2,0.0,8.922679456766868,0,0.0,0.0,0.0,Normal
0,1,42,18,86872368.31958777,2,0.0,28.284473521268435,1,0.0,1.0,1.0,Data Exfiltration
0,1,2,8,7062.072225849562,1,0.0,2.004373180062687,0,0.0,0.0,0.0,Normal
0,2,11,5,147.04410723350819,3,0.0,9.03133333585776,1,0.0,0.0,0.0,Normal
0,1,6,6,680.7743437677029,3,0.0,8.401519836516542,0,0.0,0.0,0.0,Normal
2,2,19,9,4251.3702861940865,1,0.0,17.610233207251383,1,1.0,1.0,0.0,Privilege Escalation
1,1,12,9,5518.604978447742,2,0.0,2.656268782142159,1,0.0,0.0,0.0,Normal
0,1,18,5,11439.02052411673,1,1.0,18.252594427234783,0,1.0,0.0,0.0,Privilege Escalation
0,1,4,8,3958.3919321219173,2,0.0,8.027268829748266,0,0.0,0.0,0.0,Normal
0,1,2,1,6782.134573761425,2,0.0,9.049020478826765,0,0.0,0.0,0.0,Normal
0,1,11,2,4496.096142794279,2,0.0,6.588514786381795,0,0.0,0.0,0.0,Normal
2,1,24,35,101711848.39260556,3,0.0,21.819813785532887,1,0.0,1.0,1.0,Data Exfiltration
2,2,47,48,369158.96103327116,7,1.0,36.67422647540202,1,1.0,0.0,0.0,Lateral Movement
0,3,37,30,30997.7582534506,7,1.0,16.901074931451596,0,1.0,1.0,0.0,Lateral Movement
0,1,4,1,839.5140811462142,2,0.0,4.137800305201459,0,0.0,0.0,0.0,Normal
1,1,44,26,68399429.24945307,2,0.0,28.64706286082474,1,1.0,1.0,1.0,Data Exfiltration
2,1,11,1,9009.763875648676,3,0.0,7.425478718440787,0,0.0,0.0,0.0,Normal
0,1,10,6,4689.291280209729,2,0.0,9.323850298900691,0,0.0,0.0,0.0,Normal
0,1,7,3,4581.634631153759,3,0.0,4.248743103876446,0,0.0,0.0,0.0,Normal
0,1,5,3,2311.3513909834805,2,0.0,6.633416027975058,1,0.0,0.0,0.0,Normal
0,1,12,1,956.4638757226386,2,0.0,5.349139887637131,0,1.0,0.0,0.0,Normal
0,1,12,9,2787.878090730641,3,0.0,6.2412554416601465,0,0.0,0.0,0.0,Normal
0,1,11,7,373.3287266136632,1,0.0,1.8264997706964436,1,0.0,0.0,0.0,Normal
0,1,52,13,27193198.999355014,2,1.0,14.469887350499487,1,0.0,1.0,1.0,Data Exfiltration
4,2,47,21,415722.547344934,5,1.0,34.96661409355548,1,0.0,0.0,0.0,Lateral Movement
0,1,14,1,1607.7068592587805,3,0.0,8.83569113858793,0,1.0,0.0,0.0,Normal
2,2,40,39,183594.24233757507,6,0.0,15.086040524563055,1,0.0,0.0,1.0,Lateral Movement
0,1,4,4,1455.469747509215,1,0.0,3.642509485582748,0,0.0,0.0,0.0,Normal
0,1,7,6,483.0910273329925,3,0.0,9.215746404921552,0,0.0,0.0,0.0,Normal
0,1,8,4,7575.0026003541025,2,0.0,9.154968398756864,0,0.0,0.0,0.0,Normal
1,2,11,1,18751.654322532297,3,0.0,6.806233367373324,0,0.0,0.0,0.0,Normal
0,1,4,9,2025.4674965203947,1,0.0,1.232637974560661,0,0.0,0.0,0.0,Normal
0,1,7,9,5575.453476079252,3,0.0,6.0863707420956015,1,1.0,0.0,0.0,Normal
0,1,2,2,4521.81303954883,2,0.0,9.558203393330487,0,0.0,0.0,0.0,Normal
0,1,14,4,1267.6171171380931,1,0.0,5.843036129450694,0,0.0,0.0,0.0,Normal
0,1,11,8,1863.9751898733805,2,0.0,1.3625313234964433,0,0.0,0.0,1.0,Normal
0,1,8,9,2267.046165798193,1,0.0,4.393327223658275,0,0.0,0.0,0.0,Normal
0,1,5,1,2154.720832267311,2,0.0,3.6994893113241227,0,0.0,0.0,0.0,Normal
1,1,21,26,133458742.83656414,2,0.0,42.56108445210286,0,0.0,1.0,1.0,Data Exfiltration
0,1,13,2,8019.101384286175,2,0.0,7.399204458420197,0,0.0,0.0,0.0,Normal
0,1,9,7,1075.107184678631,1,0.0,4.04388918990761,0,0.0,0.0,0.0,Normal
46,1,32,24,3358.1292297415075,1,0.0,33.83519595337471,1,0.0,0.0,0.0,Brute Force
0,1,12,2,3648.6922602969557,3,0.0,2.4761957016588694,1,0.0,0.0,0.0,Normal
0,1,8,7,2899.148892648639,3,0.0,3.921826510034884,0,0.0,0.0,0.0,Normal
0,1,9,3,4137.964399254852,3,0.0,2.359314932472335,0,0.0,0.0,1.0,Normal
0,1,6,2,3404.472171422862,2,0.0,2.4680900428040218,0,0.0,0.0,0.0,Normal
1,2,7,8,5342.42626179459,1,0.0,5.387228274839896,0,0.0,0.0,0.0,Normal
46,2,39,49,1489.2919125728681,2,1.0,84.88133195620406,0,0.0,0.0,0.0,Brute Force
1,1,18,4,7106.019950530227,2,0.0,7.367475873005931,1,1.0,1.0,1.0,Privilege Escalation
0,2,13,4,2690.2865189971185,2,0.0,1.7086003143713349,0,0.0,0.0,1.0,Normal
26,2,88,44,1355.7934531791616,1,1.0,116.45064314631077,1,0.0,1.0,0.0,Brute Force
0,1,5,6,3368.8994621460515,1,0.0,7.614967944651159,0,0.0,0.0,0.0,Normal
2,1,54,32,143010218.18585768,4,1.0,35.89838230647942,1,1.0,1.0,1.0,Data Exfiltration
0,1,37,24,26003496.032916363,4,1.0,13.881896861244636,0,0.0,1.0,1.0,Data Exfiltration
0,1,12,4,375.89364144629,3,0.0,8.202107925398463,0,0.0,0.0,0.0,Normal
7,1,57,33,3285.011605131351,1,1.0,108.90396143937795,1,0.0,0.0,0.0,Brute Force
0,1,3,9,6264.909781895904,2,0.0,4.766416878567368,0,0.0,0.0,1.0,Normal
0,1,14,3,3433.540908665872,3,0.0,2.050776704422077,0,0.0,0.0,0.0,Normal
0,1,5,7,16883.32025878252,1,0.0,6.450879446394371,0,0.0,0.0,0.0,Normal
0,1,10,5,6997.091291695109,3,0.0,7.626745143828196,0,0.0,0.0,0.0,Normal
20,1,82,26,1348.0674814377762,1,1.0,94.15296814041876,1,0.0,0.0,0.0,Brute Force
0,1,2,1,1739.921820439345,3,0.0,9.279698705772782,1,0.0,0.0,0.0,Normal
1,1,2,7,995.8914299368873,1,0.0,2.8489082483321653,0,0.0,0.0,0.0,Normal
0,1,13,3,2615.7969616388486,3,0.0,7.525061420025809,0,0.0,0.0,0.0,Normal
0,1,12,1,7699.97330568517,3,0.0,4.130450234075032,0,0.0,0.0,0.0,Normal
0,1,9,8,8010.95463870536,1,1.0,15.29178811346111,1,1.0,1.0,0.0,Privilege Escalation
0,1,1,6,8633.770541326166,3,0.0,9.962774878876317,0,0.0,0.0,0.0,Normal
34,2,41,26,2915.8937579424214,2,0.0,51.35691324842267,0,0.0,0.0,0.0,Brute Force
49,3,72,55,3501.4744913969384,1,0.0,31.139109319067625,0,0.0,1.0,0.0,Brute Force
17,1,65,13,3907.8833403937224,1,1.0,119.51503626824491,0,0.0,1.0,0.0,Brute Force
1,1,17,16,64384345.65545608,4,1.0,36.84473152526152,1,1.0,1.0,1.0,Data Exfiltration
23,3,55,55,2187.2688813255763,1,0.0,49.49652788244124,1,0.0,0.0,0.0,Brute Force
0,1,13,5,217.0369116587759,2,0.0,6.348282104799269,0,0.0,0.0,0.0,Normal
1,1,8,1,66.59796215639582,1,0.0,5.865551959371394,0,0.0,0.0,0.0,Normal
1,1,5,8,4461.797050945812,1,0.0,3.627702645857817,1,0.0,0.0,0.0,Normal
14,1,51,54,2245.5876578431835,1,0.0,114.13027121775784,0,0.0,0.0,0.0,Brute Force
0,1,13,9,14.83559052450593,2,0.0,8.544289292350648,1,0.0,0.0,0.0,Normal
0,1,8,1,4122.25783143828,2,0.0,2.2309730930920013,0,0.0,0.0,0.0,Normal
0,1,9,9,165.84128269962147,3,0.0,2.3880046520767593,0,0.0,0.0,0.0,Normal
0,1,14,8,1515.6228401091207,3,0.0,7.140749165803551,0,0.0,0.0,0.0,Normal
1,4,48,35,162635.11103847012,5,1.0,26.217558217524825,1,1.0,0.0,0.0,Lateral Movement
0,1,10,6,3359.768364772773,2,0.0,2.240226889131411,0,0.0,0.0,0.0,Normal
1,1,2,9,5144.21741274513,3,0.0,7.748888091381637,0,0.0,0.0,1.0,Normal
0,1,49,13,82438129.98722246,1,0.0,31.648097760604248,1,0.0,1.0,1.0,Data Exfiltration
9,2,75,37,3316.888772654178,1,0.0,86.36310572886032,1,0.0,0.0,0.0,Brute Force
0,1,11,6,3749.262005785861,1,0.0,2.9469607314964366,1,0.0,0.0,0.0,Normal
0,2,2,8,403.85760166901423,2,0.0,9.512681836580695,0,0.0,0.0,0.0,Normal
0,1,10,5,6401.051117178751,2,0.0,2.0789566442639833,0,0.0,0.0,0.0,Normal
1,2,10,6,15438.030247597311,2,1.0,21.941584555014447,1,1.0,0.0,0.0,Privilege Escalation
0,1,3,3,5994.602407731872,2,0.0,5.614724276659084,0,0.0,0.0,0.0,Normal
0,2,8,1,4330.9407090467985,2,0.0,2.716753628110431,0,0.0,0.0,0.0,Normal
32,2,50,42,3969.2995613101853,1,0.0,44.82164456949841,1,0.0,1.0,0.0,Brute Force
0,1,2,4,84.75062484812878,1,0.0,9.48659909262057,0,0.0,0.0,0.0,Normal
1,1,10,8,3906.6622902623403,2,0.0,9.643935735447013,0,0.0,0.0,0.0,Normal
0,1,6,5,3450.9025373379804,3,0.0,3.974026185985248,0,0.0,0.0,0.0,Normal
15,2,92,36,917.0609281820598,1,0.0,92.795296711524,1,0.0,0.0,0.0,Brute Force
0,1,1,1,1307.381698676796,3,0.0,6.243601223604216,0,0.0,0.0,0.0,Normal
0,1,14,7,2568.236074912627,2,0.0,2.131434170062086,0,0.0,0.0,0.0,Normal
2,4,49,28,270461.54040374665,5,0.0,37.27759526017812,1,1.0,1.0,0.0,Lateral Movement
0,1,10,7,13292.170478366937,2,0.0,7.208091922692751,0,0.0,0.0,0.0,Normal
1,1,13,4,50.62372337769161,3,0.0,1.5921121781478274,0,0.0,0.0,0.0,Normal
0,1,12,2,8380.689325655387,1,0.0,8.159907487768201,0,0.0,0.0,0.0,Normal
0,1,1,2,5500.922789818163,1,0.0,7.546921636739334,0,0.0,0.0,0.0,Normal
26,1,70,10,851.2344986723265,1,0.0,60.49293782076097,0,0.0,0.0,0.0,Brute Force
0,1,9,2,819.0166970862975,2,0.0,6.576283902004192,0,0.0,0.0,0.0,Normal
0,1,2,2,3093.9215478588085,3,0.0,8.183819205831945,0,0.0,0.0,0.0,Normal
0,1,3,6,10123.420246725911,2,0.0,7.117029759263703,0,0.0,0.0,0.0,Normal
0,1,56,23,142514131.61718255,4,0.0,44.322737794652625,1,0.0,1.0,1.0,Data Exfiltration
0,1,8,3,1105.4562202493848,1,0.0,2.9314179569377488,0,0.0,0.0,0.0,Normal
1,1,18,11,18438.573611528598,1,0.0,17.97030191628043,1,1.0,0.0,1.0,Privilege Escalation
35,2,26,59,3992.939217976158,1,1.0,32.59993550447656,0,0.0,0.0,0.0,Brute Force
0,2,11,5,2847.737438449144,2,0.0,6.445278709166877,0,0.0,0.0,0.0,Normal
0,1,12,5,8010.844858613358,3,0.0,5.06051124659535,0,0.0,0.0,0.0,Normal
2,1,9,11,16559.143253768467,2,0.0,28.74118678035116,1,1.0,1.0,0.0,Privilege Escalation
2,4,59,16,182946.020513006,8,1.0,21.750879585722867,1,1.0,1.0,0.0,Lateral Movement
0,1,1,4,10143.988176540104,1,0.0,2.292424530892403,1,0.0,0.0,0.0,Normal
0,1,9,5,9405.381210235211,1,0.0,6.171102132940427,0,0.0,0.0,1.0,Normal
0,1,7,2,618.7701710103559,3,0.0,7.755376262565891,0,0.0,0.0,0.0,Normal
4,2,56,17,24012.270498362588,6,0.0,29.482380490492865,1,1.0,0.0,0.0,Lateral Movement
0,2,6,7,6058.321871078333,1,0.0,3.6152130601419605,0,0.0,0.0,0.0,Normal
0,1,10,4,1954.3352569270294,2,0.0,6.38381706214473,0,0.0,0.0,0.0,Normal
0,2,3,6,8222.718563243003,2,0.0,9.788564712705632,0,0.0,0.0,0.0,Normal
0,1,6,5,6725.828402359958,2,0.0,5.410361857965057,0,0.0,0.0,0.0,Normal
0,1,45,12,41939501.66443633,3,1.0,40.57291508572688,1,1.0,1.0,1.0,Data Exfiltration
1,1,14,8,1159.1318616097753,3,0.0,9.570135568741696,0,0.0,0.0,0.0,Normal
0,1,12,9,3039.171958459223,1,0.0,2.5322448336556787,0,0.0,0.0,0.0,Normal
0,1,10,5,7538.104909123124,1,0.0,2.322307243905457,0,0.0,0.0,0.0,Normal
25,1,59,49,1852.9256465372848,1,1.0,95.19627002861019,0,0.0,0.0,0.0,Brute Force
0,1,4,2,2233.9450310200814,2,0.0,9.381686973365007,0,0.0,0.0,0.0,Normal
0,1,1,9,6280.217548976665,1,0.0,6.58639777362354,0,0.0,0.0,0.0,Normal
0,1,16,12,15438.512509323145,2,0.0,25.79138546022138,0,1.0,1.0,0.0,Privilege Escalation
0,1,44,17,97501642.06802684,1,0.0,23.34214696694952,1,0.0,1.0,1.0,Data Exfiltration
1,1,21,10,5421.467355371907,1,1.0,21.130044000790367,1,1.0,0.0,1.0,Privilege Escalation
0,1,17,20,98993366.70245993,4,0.0,45.537888539098,1,1.0,0.0,1.0,Data Exfiltration
0,1,2,7,1922.8499863585253,1,0.0,7.493626579108731,0,0.0,0.0,0.0,Normal
1,1,9,5,3227.6991907017737,2,0.0,7.094465888252258,0,1.0,0.0,0.0,Normal
1,1,6,4,7724.503570743959,3,0.0,6.132991835811232,0,0.0,0.0,0.0,Normal
0,2,14,1,386.55268262115766,1,0.0,9.892072385631637,1,0.0,0.0,0.0,Normal
1,1,7,6,1934.7974831367585,2,0.0,3.9571067666540873,0,0.0,0.0,1.0,Normal
0,1,23,5,6171.068813416956,2,0.0,18.377912972710014,1,1.0,1.0,0.0,Privilege Escalation
46,1,54,24,1738.5814226226353,1,1.0,113.41230297958069,1,0.0,0.0,0.0,Brute Force
0,1,11,7,10327.454361485517,2,0.0,9.13099326886835,0,0.0,0.0,0.0,Normal
0,2,13,4,6012.277675898144,3,0.0,4.016950163434075,0,0.0,0.0,0.0,Normal
0,2,54,19,156907.90990110263,7,1.0,17.355084852288492,1,0.0,0.0,0.0,Lateral Movement
1,1,7,1,4258.0972940691545,3,0.0,5.9580583819261275,0,0.0,0.0,1.0,Normal
0,1,13,3,1911.8725988435579,3,0.0,2.405484630888119,0,0.0,0.0,0.0,Normal
2,5,29,18,122859.5117559899,7,1.0,51.38428168170521,0,0.0,1.0,0.0,Lateral Movement
0,1,5,3,31819.68631591873,2,0.0,4.986923847906864,0,0.0,0.0,0.0,Normal
48,1,21,50,2064.889926186239,1,1.0,36.47058064630563,0,0.0,1.0,0.0,Brute Force
0,1,10,8,2596.827651323493,2,0.0,1.0862741596732084,0,0.0,0.0,0.0,Normal
1,1,30,26,46446597.595436186,2,0.0,22.899020121702467,1,1.0,1.0,1.0,Data Exfiltration
2,2,53,41,466145.74642426753,11,1.0,26.79066114269925,0,1.0,0.0,0.0,Lateral Movement
0,1,13,1,2047.1420635253987,2,0.0,6.420213362847905,0,0.0,0.0,0.0,Normal
1,1,18,4,8017.269094359638,2,0.0,20.90122707992948,1,1.0,1.0,1.0,Privilege Escalation
0,2,5,2,10364.603574549945,2,0.0,9.003950038174963,0,0.0,0.0,1.0,Normal
0,2,9,3,6110.3539407696235,3,0.0,3.503617090374724,0,0.0,0.0,0.0,Normal
0,1,5,5,4630.165040864975,1,0.0,2.551257242968375,0,0.0,0.0,0.0,Normal
0,1,10,3,6006.692677593184,1,0.0,2.0047301845379075,0,0.0,0.0,0.0,Normal
0,1,5,1,5772.798229159604,1,0.0,5.5499134417134774,0,0.0,0.0,0.0,Normal
1,1,5,12,18546.436120019756,1,0.0,14.277365282685668,1,1.0,1.0,0.0,Privilege Escalation
4,1,18,7,9144.8895957315,1,0.0,26.154625570951264,1,1.0,1.0,1.0,Privilege Escalation
1,2,56,26,54875914.96625914,3,1.0,12.282885344282137,1,0.0,0.0,1.0,Data Exfiltration
11,1,94,11,1828.4880999947402,1,1.0,70.05685277936598,0,0.0,0.0,0.0,Brute Force
0,1,5,4,8124.1848048795055,3,0.0,8.051216962944842,0,0.0,0.0,0.0,Normal
1,2,18,23,118684875.32594399,2,0.0,21.178800481577213,0,1.0,1.0,1.0,Data Exfiltration
1,1,2,8,95.26304156582773,2,0.0,3.497759127865257,0,0.0,0.0,0.0,Normal
0,1,2,4,3561.4740380860503,3,0.0,2.97159954681141,0,0.0,0.0,0.0,Normal
1,1,11,3,1945.2341932649667,1,0.0,6.079626329595399,1,0.0,0.0,1.0,Normal
0,2,8,6,2025.1202921498289,2,0.0,8.137555488131929,0,0.0,0.0,0.0,Normal
31,1,74,20,3600.5205912648107,1,1.0,100.23813020743289,0,0.0,1.0,0.0,Brute Force
25,1,91,54,2360.0291244013433,1,1.0,112.44229674167532,1,0.0,1.0,0.0,Brute Force
1,1,15,8,4413.444815861854,1,1.0,23.028190408467392,1,1.0,0.0,0.0,Privilege Escalation
0,1,6,7,1606.0994948401587,3,0.0,3.229572571967429,0,0.0,0.0,0.0,Normal
0,1,48,20,46259220.72171353,2,0.0,48.30418472694594,0,0.0,1.0,1.0,Data Exfiltration
30,1,85,22,3918.276944804637,2,1.0,113.99709434116751,1,0.0,0.0,0.0,Brute Force
0,1,6,6,7802.637814813039,3,0.0,4.141742844387134,0,0.0,0.0,0.0,Normal
0,1,14,1,2105.7404190065704,3,0.0,2.4711027250051747,0,0.0,0.0,0.0,Normal
0,1,9,7,11510.496250495416,3,0.0,9.547247628272913,0,0.0,0.0,0.0,Normal
0,2,2,8,2022.1854485071215,1,0.0,4.264796450810589,0,0.0,0.0,0.0,Normal
1,2,26,12,88923419.79362322,2,0.0,15.668180831350153,1,0.0,1.0,1.0,Data Exfiltration
0,1,22,20,119414225.7672807,3,0.0,29.225777990293484,0,0.0,1.0,1.0,Data Exfiltration
0,1,14,2,702.758225261142,1,0.0,4.416318223792609,1,0.0,0.0,0.0,Normal
42,2,44,18,2743.8912176438785,1,1.0,85.54916802398492,1,0.0,1.0,0.0,Brute Force
0,1,6,4,4879.505313718733,1,0.0,2.6918548486843044,0,0.0,0.0,0.0,Normal
1,2,19,3,8575.819169653467,1,0.0,15.951260459371698,1,1.0,1.0,0.0,Privilege Escalation
0,1,4,7,21464.975954932856,2,0.0,9.555810622533524,0,0.0,0.0,0.0,Normal
0,1,14,8,3433.081030371822,1,0.0,8.666555291765222,0,0.0,0.0,0.0,Normal
1,1,9,1,1480.541785717922,2,0.0,5.519336073732866,0,0.0,0.0,0.0,Normal
2,2,39,45,162176.8649289685,4,0.0,18.188494819312,1,1.0,1.0,0.0,Lateral Movement
2,1,16,6,9461.430990221805,1,0.0,27.05853465380041,0,1.0,0.0,1.0,Privilege Escalation
0,1,7,3,960.0376825654586,3,0.0,1.6576538702794508,0,0.0,0.0,0.0,Normal
0,1,6,7,5066.1784838447775,3,0.0,8.604545262094923,0,0.0,0.0,0.0,Normal
0,1,13,6,5011.959577626245,2,0.0,9.296683064073187,0,0.0,0.0,0.0,Normal
0,2,9,9,7152.161510624002,2,0.0,1.3350934442434375,0,0.0,0.0,0.0,Normal
0,1,14,6,15860.818566469341,3,0.0,9.244438085868792,0,0.0,0.0,0.0,Normal
1,5,46,36,435162.22633896815,4,1.0,44.73034133303956,0,1.0,1.0,1.0,Lateral Movement
1,1,11,14,18438.00828451629,2,1.0,16.83303226373348,1,1.0,1.0,0.0,Privilege Escalation
1,1,43,20,74144220.03332584,4,1.0,28.090684293441303,1,1.0,1.0,1.0,Data Exfiltration
0,1,1,6,7209.079429871353,3,0.0,6.036534481190805,0,0.0,0.0,0.0,Normal
0,1,8,9,379.28784570433106,1,0.0,1.1286169303663032,0,0.0,0.0,0.0,Normal
2,1,14,9,19869.31591110437,2,0.0,7.379639810465218,1,1.0,1.0,0.0,Privilege Escalation
1,2,27,14,131293886.85954072,1,0.0,26.300570971133723,1,0.0,1.0,1.0,Data Exfiltration
1,1,5,4,572.2908484044914,1,0.0,7.418478418816066,0,0.0,0.0,0.0,Normal
0,1,11,8,78.9824199071939,2,0.0,9.812588474800526,0,0.0,0.0,0.0,Normal
0,1,3,7,1156.163605640119,2,0.0,1.4341971082288754,0,0.0,0.0,0.0,Normal
0,1,7,2,2166.5071424034886,2,0.0,7.215536801357443,0,0.0,0.0,0.0,Normal
0,1,2,4,537.5575000711974,3,0.0,4.34226717082062,0,0.0,0.0,0.0,Normal
0,1,5,9,128.88260842533384,2,0.0,9.444291199436536,0,0.0,0.0,0.0,Normal
0,1,10,2,4553.9772024548965,3,0.0,9.2869065087268,0,0.0,0.0,0.0,Normal
1,1,5,7,8890.357292916236,3,0.0,4.377389239390957,0,0.0,0.0,0.0,Normal
1,1,9,12,12320.08865948583,2,1.0,17.34323283772773,1,1.0,0.0,0.0,Privilege Escalation
1,3,27,19,373722.169042309,10,1.0,31.527250307317967,1,1.0,1.0,0.0,Lateral Movement
13,1,76,25,2416.3832346723157,1,1.0,85.71993939134435,1,0.0,0.0,0.0,Brute Force
0,1,10,4,5696.945016820893,2,0.0,4.36193698727174,0,0.0,0.0,0.0,Normal
0,1,1,8,5941.7917571718135,1,0.0,7.3136779940063334,0,0.0,0.0,0.0,Normal
0,1,1,9,1044.2808312195596,2,0.0,9.802309708850624,0,0.0,0.0,0.0,Normal
0,2,5,7,7054.402906396798,3,0.0,8.712719517960698,0,0.0,0.0,0.0,Normal
0,1,3,7,337.1121337597188,3,0.0,1.5538838221890656,0,0.0,0.0,1.0,Normal
9,1,98,47,2149.2642214976295,1,1.0,49.29095862776856,0,0.0,0.0,0.0,Brute Force
0,1,14,6,3526.465930014124,3,0.0,2.6833112712339138,0,0.0,0.0,0.0,Normal
0,1,11,11,11625.443574248991,2,1.0,6.065772841712439,1,1.0,1.0,1.0,Privilege Escalation
0,1,9,3,1513.1451003808124,3,0.0,3.941381189801883,0,0.0,0.0,1.0,Normal
0,1,15,7,3984.5026032265173,2,1.0,18.463001911583795,1,1.0,0.0,0.0,Privilege Escalation
0,2,13,8,59.879472295209766,2,0.0,2.6318177333619595,0,0.0,0.0,0.0,Normal
30,2,43,37,2632.0642456383907,1,1.0,101.4024011013012,1,0.0,0.0,0.0,Brute Force
0,1,4,3,6722.77513016776,3,0.0,7.306633894008721,0,0.0,0.0,0.0,Normal
0,1,8,1,3681.8279867164956,2,0.0,8.818117459700234,0,0.0,0.0,0.0,Normal
1,1,15,11,5658.821182429584,2,1.0,7.919684056971033,0,1.0,0.0,1.0,Privilege Escalation
0,1,13,4,6145.6803303749775,3,0.0,7.1743572887322555,0,0.0,0.0,0.0,Normal
0,1,10,4,811.6425863011967,1,0.0,8.53873289814585,0,0.0,0.0,0.0,Normal
1,2,12,3,10351.799584268889,1,1.0,10.89282710151054,0,1.0,0.0,0.0,Privilege Escalation
1,1,22,30,77510989.81080683,4,0.0,16.955716271560025,1,0.0,1.0,1.0,Data Exfiltration
27,1,73,21,1854.8886937332538,1,1.0,33.22412288135265,1,0.0,0.0,0.0,Brute Force
0,1,2,6,5358.78810785177,1,0.0,7.967411132474494,1,0.0,0.0,0.0,Normal
0,2,9,7,8484.999199187181,3,0.0,7.919809862427757,0,0.0,0.0,0.0,Normal
0,1,7,1,9527.705001577973,2,0.0,6.96324937936554,0,0.0,0.0,0.0,Normal
0,1,10,5,3493.6507897970832,1,0.0,5.483335935111103,0,1.0,0.0,0.0,Normal
0,1,9,1,1908.8948892581323,3,0.0,8.017403726623465,1,0.0,0.0,0.0,Normal
0,2,1,8,9318.880127100725,3,0.0,8.95572216502568,0,0.0,0.0,0.0,Normal
0,1,2,5,9910.109423874199,2,0.0,8.544620744687025,0,0.0,0.0,0.0,Normal
8,2,37,31,1709.1162057214756,1,1.0,46.92119391966045,1,0.0,1.0,0.0,Brute Force
0,1,2,2,8723.470024428165,2,0.0,3.60746126314782,0,0.0,0.0,0.0,Normal
0,1,2,3,164.5552667733493,3,0.0,4.042805694673515,0,0.0,0.0,0.0,Normal
0,1,4,7,838.3181741177605,1,0.0,6.288007617872907,0,0.0,0.0,0.0,Normal
38,2,87,57,1083.8060912979226,1,1.0,87.2603280688467,1,0.0,0.0,0.0,Brute Force
0,1,6,6,1759.9390751814453,3,0.0,3.1817988550546654,0,0.0,0.0,0.0,Normal
0,1,10,9,11143.814782974889,3,0.0,9.845546932174944,0,0.0,0.0,0.0,Normal
0,1,11,2,14776.537041842299,2,0.0,2.24130690787333,0,0.0,0.0,0.0,Normal
0,1,4,3,4324.621025379335,1,0.0,1.2780741031418383,1,0.0,0.0,0.0,Normal
0,1,13,5,5839.101115576724,3,0.0,3.6008461381761965,0,0.0,0.0,0.0,Normal
32,1,79,27,2470.2092204203523,2,1.0,33.22917136099641,1,0.0,0.0,0.0,Brute Force
0,1,7,6,5565.453453096554,2,0.0,3.869895557855633,0,0.0,0.0,0.0,Normal
1,1,13,4,164.99328890922652,1,0.0,7.281784426059284,0,0.0,0.0,0.0,Normal
0,1,8,1,11419.679555436902,3,0.0,9.8130977496752,0,0.0,0.0,0.0,Normal
0,2,13,9,3423.2548321355475,1,0.0,5.3958867440795,0,0.0,0.0,0.0,Normal
0,2,12,4,2418.1833680030422,2,0.0,9.448397347753245,0,0.0,0.0,0.0,Normal
0,1,4,3,6447.820379592123,1,0.0,3.5049436344877503,0,0.0,0.0,0.0,Normal
0,2,1,2,7843.762016979744,1,0.0,9.772632496914541,0,0.0,0.0,0.0,Normal
0,1,7,4,16559.014149695246,3,0.0,3.0970044082809673,1,0.0,0.0,0.0,Normal
1,2,47,33,460293.00198950147,10,0.0,49.67246240042591,1,0.0,0.0,0.0,Lateral Movement
0,1,9,3,288.5702075521102,1,0.0,6.090717418310295,0,0.0,0.0,0.0,Normal
0,1,4,6,1478.4419135664498,3,0.0,3.8523610295401256,0,0.0,0.0,0.0,Normal
1,1,6,2,10402.092387689563,2,0.0,5.72896513137143,0,0.0,0.0,0.0,Normal
14,1,37,17,3653.270734352482,2,1.0,115.8492986488369,1,0.0,1.0,0.0,Brute Force
0,1,9,6,1855.6113048909872,1,0.0,1.6665083604733284,0,0.0,0.0,0.0,Normal
0,1,13,1,12292.708581766627,2,0.0,1.1881571896024181,0,0.0,0.0,0.0,Normal
0,1,7,8,5150.279284622371,1,0.0,8.06299397545067,0,0.0,0.0,0.0,Normal
0,1,12,8,17182.712300040694,1,1.0,23.826866465043995,1,1.0,1.0,1.0,Privilege Escalation
2,1,10,8,6684.003628185925,1,0.0,8.67639755617499,0,0.0,0.0,1.0,Normal
0,1,2,3,1474.610564381349,2,0.0,5.36084633013082,0,0.0,0.0,0.0,Normal
0,1,57,20,123981032.05657718,4,1.0,16.873768278124444,1,0.0,1.0,1.0,Data Exfiltration
0,2,6,4,1464.5648131377118,2,0.0,9.811765426389291,0,0.0,0.0,0.0,Normal
0,1,1,9,4100.073751622059,3,0.0,7.771252981576529,0,0.0,0.0,0.0,Normal
30,1,83,41,3236.8864707473053,1,1.0,49.17420720949428,1,0.0,1.0,0.0,Brute Force
1,2,39,38,126128096.44300938,2,0.0,42.98491099025361,0,0.0,1.0,1.0,Data Exfiltration
0,1,4,7,431.7947660247307,3,0.0,2.0013512257852155,0,0.0,0.0,0.0,Normal
0,1,6,5,3487.402888525065,1,0.0,5.171299581076011,0,0.0,0.0,0.0,Normal
0,1,8,3,1535.8344225344536,1,0.0,4.076519128849023,0,0.0,0.0,0.0,Normal
0,1,1,3,36540.57838972305,2,0.0,8.064903768959322,0,0.0,0.0,0.0,Normal
0,1,6,6,757.515787000502,2,0.0,3.4929061784848834,0,0.0,0.0,0.0,Normal
0,5,38,43,452179.66557404626,9,1.0,33.37741132204666,1,1.0,1.0,0.0,Lateral Movement
0,1,38,29,71965975.19232349,1,0.0,49.577680320647836,1,0.0,0.0,1.0,Data Exfiltration
1,1,9,3,4331.484828172646,2,0.0,4.905782642082656,1,0.0,0.0,0.0,Normal
0,1,10,2,5146.541972822447,2,0.0,1.1116874355414357,0,0.0,0.0,0.0,Normal
0,1,11,9,18825.40519746891,1,0.0,2.903416692475152,1,0.0,0.0,0.0,Normal
0,1,22,20,88138213.47606847,3,0.0,23.83509946112752,1,0.0,0.0,1.0,Data Exfiltration
1,1,8,6,5508.193583549162,1,0.0,1.1210973196763239,0,0.0,0.0,0.0,Normal
0,1,8,4,6730.56184668584,3,0.0,5.992225775625471,1,0.0,0.0,0.0,Normal
1,1,2,5,1591.9234027249618,3,0.0,5.937697996176395,0,0.0,0.0,0.0,Normal
27,1,66,47,1480.6092401406827,2,1.0,48.58094145384354,1,0.0,0.0,0.0,Brute Force
1,1,7,7,5383.698894629516,1,1.0,14.648303863735737,0,1.0,1.0,1.0,Privilege Escalation
1,2,25,21,81798754.35085632,2,0.0,39.89364242878359,0,0.0,0.0,1.0,Data Exfiltration
33,3,82,36,3683.444375213695,1,0.0,43.14935996180993,1,0.0,1.0,0.0,Brute Force
0,1,6,9,6167.37718840894,3,0.0,4.0524903193809205,0,0.0,0.0,0.0,Normal
0,1,12,5,5568.6203513253495,1,0.0,8.777042165767465,0,0.0,0.0,0.0,Normal
27,1,26,11,1171.7263283178538,2,0.0,58.88833262332306,0,0.0,0.0,0.0,Brute Force
0,1,11,8,11725.821775301976,1,0.0,2.570999458212685,0,0.0,0.0,0.0,Normal
1,1,3,9,60.99427238698217,3,0.0,1.9359601328200204,0,0.0,0.0,0.0,Normal
0,1,3,6,4879.6961931499045,3,0.0,7.810651704120645,0,0.0,0.0,0.0,Normal
0,1,14,12,15279.844572125572,1,0.0,21.8284487750364,1,1.0,1.0,1.0,Privilege Escalation
0,1,4,5,2237.2806866602778,1,0.0,2.152144586830927,0,1.0,0.0,0.0,Normal
0,2,11,9,3566.0606644596587,2,0.0,3.367340191765298,0,0.0,0.0,0.0,Normal
1,2,18,7,19500.286651561517,2,0.0,12.828725603495332,1,1.0,1.0,0.0,Privilege Escalation
17,3,62,14,3700.918276854046,1,0.0,106.88343933837952,1,0.0,0.0,0.0,Brute Force
45,1,25,17,1408.130196963266,1,1.0,40.06058691944478,1,0.0,0.0,0.0,Brute Force
0,1,11,1,2128.1383053675117,1,0.0,5.762111851187049,0,0.0,0.0,1.0,Normal
1,1,3,2,3494.7607636832927,3,0.0,8.264679113055063,0,0.0,0.0,0.0,Normal
0,2,50,39,85438357.07430221,1,0.0,15.678726927908183,1,0.0,0.0,1.0,Data Exfiltration
45,2,85,10,1956.5265963416255,1,0.0,80.95570875799302,1,0.0,1.0,0.0,Brute Force
0,1,13,5,13330.53080293945,1,0.0,9.213943563105001,0,0.0,0.0,0.0,Normal
2,1,12,1,5242.435523962186,2,0.0,1.2448225784392812,0,0.0,0.0,0.0,Normal
1,1,6,4,1692.2939027783104,2,0.0,4.131557752878932,0,0.0,0.0,0.0,Normal
22,1,89,25,3022.3948759496034,1,1.0,41.8904079941109,0,0.0,0.0,0.0,Brute Force
0,1,8,9,843.730231254983,3,0.0,6.992036231895794,0,0.0,0.0,0.0,Normal
3,1,2,8,3275.604494748205,3,0.0,7.287222443075111,0,0.0,0.0,0.0,Normal
0,1,2,2,6490.572595364432,3,0.0,8.409246424115775,0,0.0,0.0,0.0,Normal
1,1,20,10,10065.99677766741,1,1.0,20.265407971617403,0,1.0,1.0,0.0,Privilege Escalation
1,1,3,9,469.43145205499997,1,0.0,9.02612540334842,0,0.0,0.0,0.0,Normal
0,1,8,7,1683.804482874868,2,0.0,5.4004250518868,0,0.0,0.0,0.0,Normal
4,5,59,31,107525.26474163984,11,1.0,45.463478222797846,1,1.0,1.0,0.0,Lateral Movement
0,1,14,6,769.2539380036653,2,0.0,7.5956044310914725,0,0.0,0.0,0.0,Normal
0,1,10,1,9080.079474912613,1,0.0,5.499171610262269,1,0.0,0.0,0.0,Normal
1,4,50,41,247225.17608273306,5,0.0,17.50165714867851,1,1.0,0.0,0.0,Lateral Movement
0,1,7,4,4392.667459261455,1,0.0,2.108399265899115,0,0.0,0.0,0.0,Normal
0,1,1,5,2761.6793165825843,1,0.0,9.531006932315625,0,0.0,0.0,0.0,Normal
0,1,3,6,24299.39558828084,2,0.0,6.6804868962916375,0,0.0,0.0,1.0,Normal
1,1,1,5,8987.214920884144,2,0.0,5.782584762966899,0,0.0,0.0,0.0,Normal
3,1,7,7,6545.414215365021,1,0.0,13.749733303228375,0,1.0,1.0,1.0,Privilege Escalation
1,1,1,9,759.3726991818155,2,0.0,2.7169673681504767,0,0.0,0.0,0.0,Normal
1,1,12,7,2763.206721150469,3,0.0,8.713757600328075,0,0.0,0.0,0.0,Normal
2,3,66,24,84487.7212701379,9,1.0,39.13409893026456,1,1.0,1.0,0.0,Lateral Movement
0,1,9,5,30979.093881747307,2,0.0,5.107134169632228,0,0.0,0.0,0.0,Normal
0,1,8,1,1528.8416316977152,2,0.0,7.886526486926619,0,0.0,0.0,0.0,Normal
0,1,7,1,839.0955545959395,1,0.0,9.810476309632397,0,0.0,0.0,0.0,Normal
0,1,10,7,181.27276069347778,2,0.0,2.347530077315713,0,0.0,0.0,0.0,Normal
1,1,8,12,2389.255841761054,1,0.0,18.366166544040084,1,1.0,0.0,0.0,Privilege Escalation
19,1,40,49,3201.520958501788,1,1.0,55.85928594653066,0,0.0,0.0,0.0,Brute Force
0,1,3,7,17.7144617053666,2,0.0,7.198573218456914,0,0.0,0.0,0.0,Normal
1,5,52,36,152992.8112463071,10,0.0,18.639225079162593,1,0.0,1.0,1.0,Lateral Movement
37,2,21,42,1150.770380687935,1,1.0,105.39473188218392,0,0.0,1.0,0.0,Brute Force
0,1,8,6,616.5894261455244,3,0.0,2.8925451342884356,0,0.0,0.0,1.0,Normal
0,1,1,9,143.6661569619804,3,0.0,3.8199210967074233,0,0.0,0.0,0.0,Normal
0,2,2,4,2852.891709258583,2,0.0,2.5395408328001645,0,1.0,0.0,1.0,Normal
0,1,6,3,2752.4813586657806,1,0.0,2.5183092604621935,0,0.0,0.0,0.0,Normal
1,4,41,43,291023.0006106542,8,0.0,21.38751938635149,0,0.0,1.0,0.0,Lateral Movement
0,1,58,28,22701132.71814812,3,1.0,10.722135316321019,1,0.0,0.0,1.0,Data Exfiltration
0,1,8,9,8603.86517663558,1,0.0,8.74258538333094,1,0.0,0.0,0.0,Normal
0,1,53,27,33305662.21614808,4,0.0,15.921915076138248,1,0.0,1.0,1.0,Data Exfiltration
0,1,2,8,2982.7874701520495,1,0.0,3.440982487841581,0,0.0,0.0,0.0,Normal
0,1,4,7,2660.8417059921053,1,0.0,9.828259553609488,0,0.0,0.0,0.0,Normal
34,2,56,54,2404.95163005289,1,1.0,50.23312335289614,0,0.0,0.0,0.0,Brute Force
1,2,18,3,5322.9227844476245,2,1.0,11.886165373199294,1,1.0,1.0,1.0,Privilege Escalation
1,1,7,8,4035.391509437311,1,0.0,1.9256407485562428,0,0.0,0.0,0.0,Normal
1,1,8,7,2752.397120968711,3,0.0,9.84155548260492,0,0.0,0.0,0.0,Normal
0,1,14,6,680.9274854020042,3,0.0,8.779848656698931,0,0.0,0.0,0.0,Normal
0,1,4,8,4209.01324659627,2,0.0,6.829402013813486,0,0.0,0.0,0.0,Normal
0,1,4,6,649.2131800137502,3,0.0,8.860285806028458,1,0.0,0.0,0.0,Normal
0,1,1,2,7448.291633248304,3,0.0,8.87286271403315,0,0.0,0.0,0.0,Normal
0,1,7,2,25969.86652755214,1,0.0,1.540766415004583,0,0.0,0.0,0.0,Normal
1,2,2,2,11084.569452603006,1,0.0,9.629184359716717,0,0.0,0.0,0.0,Normal
0,2,3,4,1257.0146498896083,2,0.0,6.750510596698533,0,0.0,0.0,0.0,Normal
0,2,8,1,1274.1389609635528,2,0.0,9.485249391906603,0,0.0,0.0,0.0,Normal
0,1,4,6,6044.769539405327,1,0.0,3.4685233860261873,0,0.0,0.0,0.0,Normal
1,1,5,7,7738.194670911851,3,0.0,9.076662722731228,0,0.0,0.0,0.0,Normal
0,1,2,8,2862.0901680850693,2,0.0,3.0526983469275697,0,0.0,0.0,1.0,Normal
30,1,34,34,2761.66559336633,1,1.0,117.86316957456789,1,0.0,0.0,0.0,Brute Force
1,1,5,3,14937.50795021434,3,0.0,8.461338532683563,0,0.0,0.0,0.0,Normal
2,1,10,13,16185.523899549433,1,1.0,14.343201178732496,0,1.0,1.0,0.0,Privilege Escalation
14,1,59,41,2183.7192587110176,2,1.0,109.48411997958488,1,0.0,0.0,0.0,Brute Force
0,1,53,10,46865757.309097,1,1.0,11.685120785091904,0,0.0,0.0,1.0,Data Exfiltration
0,2,7,9,3954.0476589153745,1,0.0,9.829347640130907,0,0.0,0.0,0.0,Normal
1,1,3,7,3136.2724236233507,1,0.0,5.056004085460581,1,0.0,0.0,0.0,Normal
11,1,67,42,1048.7347429935376,2,0.0,89.1823698122996,0,0.0,0.0,0.0,Brute Force
33,1,48,20,2311.503462927187,1,1.0,100.27626103368637,0,0.0,1.0,0.0,Brute Force
0,1,6,2,4724.960867080637,2,0.0,2.737109205873033,0,0.0,0.0,0.0,Normal
0,1,7,1,2750.2195488472726,2,0.0,4.2144183061860545,0,0.0,0.0,0.0,Normal
6,1,50,23,864.0297117062189,1,1.0,96.68230151134628,1,0.0,0.0,0.0,Brute Force
0,1,12,7,5037.045691957151,1,0.0,5.088061519364813,0,0.0,0.0,0.0,Normal
0,1,1,4,1540.4867989251406,2,0.0,7.411263970985373,0,0.0,0.0,0.0,Normal
38,2,79,49,2159.662763244195,2,0.0,66.33667168513378,0,0.0,0.0,0.0,Brute Force
1,1,54,11,72348612.96066299,1,0.0,27.332699973944955,1,0.0,1.0,1.0,Data Exfiltration
0,1,12,5,9852.101667671448,2,0.0,4.741741472789493,1,0.0,0.0,0.0,Normal
0,2,2,6,161.52697358771803,2,0.0,4.184163869220146,1,0.0,0.0,0.0,Normal
0,1,6,7,8405.365110443458,2,0.0,3.1622100176798957,0,0.0,0.0,0.0,Normal
0,1,13,1,442.20348378816027,2,0.0,5.441652880522951,0,0.0,0.0,0.0,Normal
0,1,2,1,502.1074115239421,3,0.0,6.773024464792388,0,0.0,0.0,0.0,Normal
0,1,4,3,8607.442767736833,1,0.0,6.94805548545035,0,0.0,0.0,0.0,Normal
1,1,9,2,1452.7125357502464,2,0.0,1.3093138531121324,0,0.0,0.0,0.0,Normal
22,1,82,28,1414.7141961451762,1,1.0,64.83937425319857,1,0.0,0.0,0.0,Brute Force
0,1,11,6,2439.912614770311,2,0.0,3.497850875295718,0,0.0,0.0,0.0,Normal
17,1,85,30,633.2388090245788,1,1.0,75.82739227121353,0,0.0,1.0,0.0,Brute Force
0,1,5,9,315.61364677125,2,0.0,8.149297585800111,0,0.0,0.0,0.0,Normal
16,1,77,25,646.7463093757781,1,0.0,95.14339715170887,0,0.0,0.0,0.0,Brute Force
0,1,5,8,144.4867295888503,2,0.0,8.404696279355443,0,0.0,0.0,0.0,Normal
0,1,1,2,4219.650576920849,3,0.0,3.5339134053363703,0,0.0,0.0,0.0,Normal
0,2,9,6,13377.758394803157,3,0.0,9.026876502407989,0,0.0,0.0,0.0,Normal
1,1,3,4,3437.221999364719,2,0.0,6.62340827884094,0,0.0,0.0,0.0,Normal
0,1,7,3,8452.782708224162,1,0.0,7.237676016734382,0,0.0,0.0,0.0,Normal
0,1,7,9,7489.556973988546,3,0.0,4.8660996952641575,0,0.0,0.0,0.0,Normal
7,1,71,32,2301.9865096139238,1,0.0,114.86549952480074,1,0.0,0.0,0.0,Brute Force
7,1,31,45,3235.065825189854,1,0.0,66.79835048582082,0,0.0,0.0,0.0,Brute Force
44,1,85,27,3554.5566942112237,1,1.0,113.99130221158586,0,0.0,0.0,0.0,Brute Force
0,2,9,2,6205.425745217299,2,0.0,3.642270745818539,0,0.0,0.0,0.0,Normal
0,1,1,3,1422.5614223694013,1,0.0,6.45458226566426,0,0.0,0.0,0.0,Normal
0,1,16,19,37932915.53864159,3,0.0,26.504441165177607,0,0.0,1.0,1.0,Data Exfiltration
1,1,6,12,16576.23928267101,2,1.0,22.535621364762875,1,1.0,1.0,1.0,Privilege Escalation
0,1,3,9,4277.278757477361,2,0.0,2.2000821727968587,0,0.0,0.0,0.0,Normal
0,1,7,1,7282.059174013656,1,0.0,2.098392058268314,0,1.0,0.0,0.0,Normal
16,3,82,14,2793.4144180526573,2,1.0,59.02308783475964,1,0.0,0.0,0.0,Brute Force
0,1,5,9,109.42827966864691,3,0.0,4.405198816564187,0,1.0,0.0,0.0,Normal
0,1,12,7,8480.98762628957,2,0.0,1.316668084674568,0,0.0,0.0,0.0,Normal
0,1,6,8,7309.547726281731,3,0.0,5.045690553361327,0,0.0,0.0,0.0,Normal
0,1,3,3,1193.9181899139637,1,0.0,5.710136449772369,0,0.0,0.0,0.0,Normal
20,1,26,48,2866.5238744782764,1,1.0,91.41580370035463,0,0.0,0.0,0.0,Brute Force
0,1,9,2,2812.2252669871273,2,0.0,1.1090413503968353,0,0.0,0.0,0.0,Normal
1,1,13,7,16668.315416420697,2,0.0,4.370048897845914,0,0.0,0.0,0.0,Normal
0,1,14,4,7034.131778981273,1,0.0,4.667809421382806,0,0.0,0.0,0.0,Normal
0,1,9,5,5833.82349694693,1,0.0,6.002842461812157,0,0.0,0.0,0.0,Normal
0,1,5,2,1018.2334965481487,2,0.0,6.369752799401087,1,0.0,0.0,1.0,Normal
0,1,7,7,8803.035203909343,2,0.0,9.878920887761057,0,0.0,0.0,0.0,Normal
0,1,6,3,1956.7082262377075,1,0.0,6.479218832486465,0,0.0,0.0,0.0,Normal
2,4,53,38,313357.5218362375,5,0.0,53.566006875414644,0,1.0,1.0,0.0,Lateral Movement
0,1,6,2,598.8154476125868,3,0.0,3.2179085271429004,0,0.0,0.0,0.0,Normal
1,2,11,4,3893.203442648451,2,0.0,14.337216758635794,1,1.0,1.0,1.0,Privilege Escalation
0,1,58,38,108789078.05947435,2,0.0,25.60222526694426,1,1.0,1.0,1.0,Data Exfiltration
0,1,8,6,10328.659608370675,2,0.0,26.74721062567491,1,1.0,0.0,1.0,Privilege Escalation
0,1,2,1,635.7625739789323,3,0.0,2.2488396884696216,0,0.0,0.0,0.0,Normal
0,1,14,6,2738.7879529555626,2,0.0,6.3454369947274385,0,0.0,0.0,0.0,Normal
1,1,1,6,6446.5764926678,1,0.0,7.464612465192186,0,0.0,0.0,0.0,Normal
0,1,10,4,1379.1978975512015,2,0.0,2.3381998515548226,0,0.0,0.0,0.0,Normal
0,1,7,3,782.4084650417851,1,0.0,9.637768939603209,0,0.0,0.0,0.0,Normal
0,1,11,1,12054.849288429517,1,0.0,3.8891209953577026,0,0.0,0.0,0.0,Normal
0,1,10,3,5533.189721833302,3,0.0,5.271811509482997,0,0.0,0.0,0.0,Normal
0,1,37,35,116671570.73849277,1,0.0,24.62932457856907,1,1.0,1.0,1.0,Data Exfiltration
0,1,7,1,1440.0528004092564,2,0.0,9.62747695039978,0,0.0,0.0,0.0,Normal
2,2,58,17,66513.84463546927,4,0.0,36.64829187096974,0,0.0,1.0,0.0,Lateral Movement
0,1,2,9,5182.690648576159,2,0.0,7.003774462019908,0,0.0,0.0,0.0,Normal
0,1,10,9,3222.6677168749175,1,0.0,9.824132537691195,0,0.0,0.0,0.0,Normal
2,4,21,47,355503.54369890667,10,0.0,37.485191038266784,0,0.0,1.0,0.0,Lateral Movement
1,1,1,9,5160.592139746504,2,0.0,8.806808096512558,0,0.0,0.0,0.0,Normal
0,2,4,8,2621.195604570023,1,0.0,1.0797965032026107,0,0.0,0.0,0.0,Normal
32,3,71,40,3182.008481564389,1,0.0,95.18946607326191,1,0.0,0.0,0.0,Brute Force
27,1,64,46,3230.0912260086134,2,0.0,84.3588978449033,1,0.0,0.0,0.0,Brute Force
1,1,10,6,2282.4257188647985,2,0.0,5.122214384802303,0,0.0,0.0,0.0,Normal
0,2,14,5,9133.28176218248,1,0.0,8.9540835603413,1,0.0,0.0,0.0,Normal
0,1,11,6,1526.1864306556977,2,0.0,1.2463362292033182,0,0.0,0.0,0.0,Normal
44,3,43,18,3835.5145432340214,1,0.0,32.47374416589334,1,0.0,0.0,0.0,Brute Force
0,1,10,3,404.05439164179325,3,0.0,8.498742889538626,1,0.0,0.0,0.0,Normal
1,1,9,5,723.5131969847623,3,0.0,1.7326878852423198,0,0.0,0.0,0.0,Normal
0,2,8,6,361.7018978726206,3,0.0,9.640602848616734,0,0.0,0.0,0.0,Normal
0,1,5,7,2705.7170312707813,1,0.0,2.105438883172563,0,0.0,0.0,0.0,Normal
0,1,9,3,8761.976631234003,3,0.0,2.9393705974868625,0,0.0,0.0,0.0,Normal
0,1,4,1,9265.899653147839,3,0.0,3.276644450118661,0,0.0,0.0,1.0,Normal
0,1,11,5,9384.058001091676,2,0.0,4.688614888392177,0,0.0,0.0,1.0,Normal
0,1,8,9,7512.919199141464,1,0.0,3.752722971953581,0,0.0,0.0,0.0,Normal
0,1,1,6,11505.794644707883,1,0.0,6.136860562763321,0,0.0,0.0,0.0,Normal
0,1,5,7,11326.17181923919,2,0.0,19.399387646450208,1,1.0,0.0,1.0,Privilege Escalation
0,1,9,5,0.9260622310453107,2,0.0,4.1955759654839575,0,0.0,0.0,0.0,Normal
0,1,2,1,2384.5273022879333,2,0.0,3.871396282182964,0,0.0,0.0,0.0,Normal
1,1,13,9,2712.9145907735588,2,1.0,6.672953567993568,1,1.0,1.0,1.0,Privilege Escalation
0,1,7,2,6468.959632323219,1,0.0,3.2518639646054472,0,0.0,0.0,0.0,Normal
0,1,9,3,222.8686685063376,2,0.0,7.441696351004206,0,1.0,0.0,0.0,Normal
1,1,2,9,3365.681153098388,3,0.0,8.068789833830738,0,0.0,0.0,0.0,Normal
0,1,18,27,149342637.20699608,1,0.0,11.225973137991092,0,1.0,0.0,1.0,Data Exfiltration
0,1,2,9,858.8490022843928,2,0.0,6.277456198836086,0,0.0,0.0,0.0,Normal
19,1,94,36,518.7575661895863,1,1.0,61.141536680754854,0,0.0,0.0,0.0,Brute Force
0,2,4,7,1272.9398330272195,2,0.0,3.719590582713918,0,0.0,0.0,0.0,Normal
49,1,57,48,3903.185374203583,1,0.0,108.99009866401641,0,0.0,0.0,0.0,Brute Force
0,1,6,4,2019.4248139180465,3,0.0,4.138454933713137,0,0.0,0.0,0.0,Normal
0,1,14,7,5060.296838209059,3,0.0,1.5891791693288142,0,0.0,0.0,1.0,Normal
0,1,6,5,1172.822881667318,1,0.0,6.231358345773637,0,0.0,0.0,0.0,Normal
0,1,3,5,6227.303718198067,3,0.0,8.6390972896524,0,0.0,0.0,0.0,Normal
0,1,10,1,3900.0160786060856,2,0.0,5.429489552696852,0,0.0,0.0,0.0,Normal
0,1,15,27,68605744.30574834,3,1.0,36.304800132521564,0,0.0,0.0,1.0,Data Exfiltration
0,1,24,30,104742942.91426127,2,1.0,17.09018709509174,1,0.0,1.0,1.0,Data Exfiltration
0,1,13,9,611.7643115973633,1,0.0,2.6031933729702983,0,0.0,0.0,0.0,Normal
0,1,10,4,2748.318065083178,2,0.0,2.6226591462710234,0,0.0,0.0,0.0,Normal
0,2,47,31,95952621.84409575,3,0.0,29.34685035995962,1,0.0,1.0,1.0,Data Exfiltration
0,1,10,1,1148.7764337458016,3,0.0,7.375517695313518,0,0.0,0.0,0.0,Normal
1,1,22,11,108717832.4124655,3,1.0,16.66934444463452,0,1.0,1.0,1.0,Data Exfiltration
0,1,34,33,40344275.06124202,4,0.0,26.66596825911169,1,0.0,1.0,1.0,Data Exfiltration
0,1,12,7,2597.282204111153,1,0.0,6.537934140563534,0,0.0,0.0,0.0,Normal
0,1,1,4,5470.107116930219,2,0.0,5.4839051804101935,0,0.0,0.0,0.0,Normal
0,2,24,10,12508.371079220378,1,1.0,13.622926782849447,1,1.0,0.0,1.0,Privilege Escalation
0,1,2,8,1576.610723405273,2,0.0,8.53367001237185,0,0.0,0.0,0.0,Normal
0,1,12,6,3701.0001822298836,1,0.0,7.217268618754615,0,0.0,0.0,0.0,Normal
0,1,4,5,13234.980149901263,2,0.0,8.56025605718034,0,0.0,0.0,0.0,Normal
1,1,9,4,2463.252864627811,1,0.0,19.306815882139556,1,1.0,0.0,1.0,Privilege Escalation
0,1,14,3,9362.997249959497,1,0.0,5.202299598073437,1,0.0,0.0,0.0,Normal
0,2,5,9,10588.03137631067,3,0.0,6.282274209310775,0,0.0,0.0,0.0,Normal
0,1,19,20,27203570.06444239,3,0.0,48.1369417330641,1,1.0,1.0,1.0,Data Exfiltration
0,4,49,18,330563.0794325816,8,1.0,35.04137241493356,1,0.0,0.0,0.0,Lateral Movement
40,2,57,36,701.6818358945663,2,1.0,74.8794018736789,0,0.0,0.0,0.0,Brute Force
1,5,53,24,63596.44101243551,11,1.0,43.614066879918575,1,1.0,0.0,0.0,Lateral Movement
0,1,4,9,578.5222429037786,2,0.0,2.636926283364286,0,0.0,0.0,0.0,Normal
26,2,71,15,1535.9754375800503,2,1.0,75.00641256064199,0,0.0,0.0,0.0,Brute Force
7,1,64,20,1091.3923943193686,2,0.0,64.29968732506052,1,0.0,0.0,0.0,Brute Force
0,1,10,5,514.0588939169926,2,0.0,2.452563259703137,0,0.0,0.0,0.0,Normal
0,1,12,5,6226.024003561645,1,0.0,3.844461656519838,0,0.0,0.0,0.0,Normal
0,1,5,2,2678.703539026118,3,0.0,4.004081692713406,0,0.0,0.0,0.0,Normal
0,1,1,5,11226.645649228894,2,0.0,1.3216469655472078,0,0.0,0.0,0.0,Normal
0,1,20,18,109249184.16290209,4,0.0,16.8162530329382,1,0.0,0.0,1.0,Data Exfiltration
0,1,9,5,10054.383894671586,3,0.0,2.4977816697020727,0,0.0,0.0,0.0,Normal
1,2,9,7,3009.0670753087456,2,0.0,8.701822039604771,1,1.0,0.0,0.0,Normal
0,1,14,3,7041.2910635880935,2,0.0,8.283142645072129,0,0.0,0.0,0.0,Normal
0,1,12,6,2029.4376689192525,1,0.0,1.2619130619067893,0,0.0,0.0,0.0,Normal
34,2,62,26,762.7180983967593,1,1.0,63.52064791534809,0,0.0,1.0,0.0,Brute Force
1,1,10,2,1994.8992249648861,1,0.0,4.655114268681194,0,0.0,0.0,0.0,Normal
0,1,12,2,6031.620769370388,1,0.0,1.3398322563856064,0,0.0,0.0,0.0,Normal
0,2,15,13,8982.096787836022,2,0.0,24.976745729462444,1,1.0,1.0,0.0,Privilege Escalation
0,1,3,1,15409.785587808112,3,0.0,7.382414491313178,0,0.0,0.0,0.0,Normal
1,1,7,4,2584.130207973626,2,0.0,3.140385825488427,0,0.0,0.0,0.0,Normal
0,1,1,9,2296.4685323629596,3,0.0,1.3104444598173448,0,0.0,0.0,0.0,Normal
18,3,26,25,3362.555701263743,1,0.0,91.4486170778374,0,0.0,0.0,0.0,Brute Force
1,1,34,23,57459137.888737686,3,0.0,42.57323649204685,1,1.0,0.0,1.0,Data Exfiltration
0,1,8,3,1290.713200368735,1,0.0,9.680637153559807,0,0.0,0.0,0.0,Normal
0,2,55,29,16687946.508825922,1,0.0,41.08962813268624,1,0.0,1.0,1.0,Data Exfiltration
0,1,2,8,707.7198848515532,3,0.0,6.751292477920277,0,0.0,0.0,0.0,Normal
0,2,10,7,1042.1795001606258,2,0.0,6.058576900529716,1,0.0,0.0,0.0,Normal
0,1,3,7,2537.5426362921207,1,0.0,1.0882730324257872,0,0.0,0.0,0.0,Normal
0,1,9,5,8121.902522553496,3,0.0,2.708010040881018,0,0.0,0.0,0.0,Normal
0,1,10,9,3318.479114199019,3,0.0,2.4255033506829244,0,0.0,0.0,0.0,Normal
1,1,5,9,3177.0707239423755,2,0.0,7.933940273124806,0,0.0,0.0,0.0,Normal
0,1,7,4,5676.113278758074,1,0.0,4.2752761912402795,0,0.0,0.0,1.0,Normal
0,4,38,18,273097.3147759089,10,0.0,35.163828415616145,1,0.0,1.0,0.0,Lateral Movement
48,2,27,49,2719.315120266406,1,1.0,116.1762567889455,0,0.0,1.0,0.0,Brute Force
0,2,56,43,93034.23358733572,9,0.0,55.64147727285798,0,1.0,1.0,0.0,Lateral Movement
0,1,53,11,50821452.727698736,2,1.0,20.443452746652575,1,0.0,1.0,1.0,Data Exfiltration
6,2,43,41,3145.4334388183615,1,0.0,82.8863110602986,1,0.0,0.0,0.0,Brute Force
0,1,3,6,3154.269052201279,2,0.0,7.973787407509968,0,0.0,0.0,0.0,Normal
0,1,5,3,700.040645638881,1,0.0,2.4945799996174642,0,0.0,0.0,0.0,Normal
36,1,26,24,1676.021570845843,1,0.0,47.546756771133815,0,0.0,1.0,0.0,Brute Force
0,1,14,8,1469.2340391971588,2,0.0,4.632719736272541,0,0.0,0.0,0.0,Normal
0,1,5,6,106.99856484458321,2,0.0,2.8672959489082377,0,0.0,0.0,0.0,Normal
0,1,12,5,19971.327883051243,3,0.0,3.6972258928710815,0,0.0,0.0,0.0,Normal
2,1,14,9,2753.251270475295,2,0.0,5.8851764151080665,0,0.0,0.0,0.0,Normal
0,1,1,4,1168.033736459339,3,0.0,7.611598363890098,0,0.0,0.0,0.0,Normal
1,2,11,6,8046.981380392898,2,0.0,2.9544806436079805,0,0.0,0.0,0.0,Normal
0,1,39,22,111510227.11404021,2,1.0,44.34642698991017,1,1.0,1.0,1.0,Data Exfiltration
0,1,9,4,2648.7885375463343,2,0.0,6.388616015461578,0,0.0,0.0,0.0,Normal
1,1,9,14,8177.158645319574,2,0.0,7.366287760050947,1,1.0,0.0,1.0,Privilege Escalation
0,1,6,9,1444.3630800303267,2,0.0,5.1018193257531035,0,0.0,0.0,1.0,Normal
0,1,8,9,12844.790327426117,1,0.0,3.0626671548807707,1,0.0,0.0,0.0,Normal
0,1,14,9,369.0683782221463,2,0.0,9.300930203988395,0,0.0,0.0,0.0,Normal
0,1,12,1,2054.922494834574,2,0.0,6.4506232238153745,1,0.0,0.0,0.0,Normal
1,1,30,10,148604727.98594528,2,0.0,47.66238938015987,1,0.0,1.0,1.0,Data Exfiltration
25,2,46,11,3381.254777488673,1,1.0,60.263749169626344,1,0.0,0.0,0.0,Brute Force
0,1,9,6,6316.200000856688,1,0.0,5.828061304380097,0,0.0,0.0,0.0,Normal
0,1,9,6,9709.607155466863,2,0.0,8.43984797917653,0,0.0,0.0,0.0,Normal
3,2,54,15,279382.9134907399,6,1.0,58.48384039913537,0,1.0,1.0,0.0,Lateral Movement
0,2,8,8,6981.1581643771615,2,0.0,2.4433611859467383,0,0.0,0.0,0.0,Normal
0,4,58,25,239689.65763495534,10,1.0,50.33598236095287,0,1.0,1.0,0.0,Lateral Movement
0,1,7,6,1288.34985364104,3,0.0,2.7913987523831714,0,0.0,0.0,0.0,Normal
2,3,57,30,139181.41099133686,11,1.0,37.179059047728686,1,0.0,1.0,0.0,Lateral Movement
0,1,12,3,1270.377933314121,3,0.0,9.958139167844976,1,0.0,0.0,0.0,Normal
1,1,11,1,15412.518699571478,3,0.0,5.089632029378773,0,0.0,0.0,0.0,Normal
1,1,11,1,1086.263018141193,2,0.0,5.7508678710060614,0,0.0,0.0,0.0,Normal
1,1,13,2,2898.85825891468,1,0.0,2.59890317067555,0,0.0,0.0,0.0,Normal
0,1,7,5,2380.910277747732,3,0.0,5.323573793820882,0,0.0,0.0,0.0,Normal
26,1,65,30,2450.8004520130776,2,0.0,85.47961282208885,1,0.0,1.0,0.0,Brute Force
1,1,5,13,14612.101346465264,1,1.0,6.180909296581564,1,1.0,0.0,1.0,Privilege Escalation
0,1,3,5,4619.143359843588,3,0.0,4.248724722836862,0,0.0,0.0,0.0,Normal
2,1,11,9,12612.627378742893,2,0.0,19.58575804938741,0,1.0,0.0,0.0,Privilege Escalation
0,1,5,4,2172.687791483014,1,0.0,3.457210165769099,0,0.0,0.0,0.0,Normal
0,1,9,8,29398.735529144426,3,0.0,1.1267777094658298,0,0.0,0.0,0.0,Normal
0,1,12,1,2581.372386063434,3,0.0,5.232970794742904,0,0.0,0.0,0.0,Normal
1,1,2,4,6260.061833827569,1,0.0,7.430875313050047,0,0.0,0.0,1.0,Normal
0,1,10,8,4504.516876694905,1,0.0,1.6816568076681284,0,0.0,0.0,0.0,Normal
0,1,7,2,8129.337501957942,2,0.0,6.204284608030468,1,0.0,0.0,0.0,Normal
0,1,10,2,11257.047023959567,1,0.0,6.741814396538949,0,0.0,0.0,0.0,Normal
24,1,54,10,3661.9064929400665,2,0.0,85.9115903528432,1,0.0,1.0,0.0,Brute Force
0,1,11,6,13372.52330327704,1,0.0,4.585826518655173,0,0.0,0.0,0.0,Normal
0,1,9,2,5684.647354137976,2,0.0,3.0798683041898074,0,0.0,0.0,0.0,Normal
1,1,6,3,12876.335536167737,1,0.0,23.402833601534322,1,1.0,1.0,1.0,Privilege Escalation
1,1,20,14,1030.5129975532511,1,0.0,23.431168580616372,1,1.0,1.0,0.0,Privilege Escalation
0,1,11,3,10733.012175951417,3,0.0,4.160868115477717,0,0.0,0.0,0.0,Normal
0,1,13,1,5633.390710106421,3,0.0,6.7498998078358055,0,0.0,0.0,0.0,Normal
28,2,29,12,3100.18096117081,1,0.0,55.469265389872476,0,0.0,0.0,0.0,Brute Force
0,1,38,25,130352736.1025505,1,0.0,48.42161086327122,1,0.0,0.0,1.0,Data Exfiltration
0,1,12,8,10901.265189095626,1,0.0,5.77470782228405,0,0.0,0.0,0.0,Normal
0,1,14,9,3089.9392915733474,2,0.0,2.1983781606066994,0,0.0,0.0,0.0,Normal
0,1,10,8,9301.224564954977,1,0.0,5.710349327238739,0,0.0,0.0,0.0,Normal
22,1,62,19,698.6291376055835,1,1.0,31.706974625793706,1,0.0,0.0,0.0,Brute Force
0,1,14,9,341.013540299504,3,0.0,2.903250531752913,0,0.0,0.0,0.0,Normal
0,1,9,5,11470.371486150594,1,0.0,1.2263871684080185,0,0.0,0.0,0.0,Normal
47,1,38,40,1304.2875931251,1,1.0,71.65580313308953,0,0.0,0.0,0.0,Brute Force
1,1,6,7,8387.068746541438,3,0.0,8.884352028379826,0,0.0,0.0,0.0,Normal
30,1,33,47,2372.3597057684083,2,1.0,93.51900923768754,0,0.0,0.0,0.0,Brute Force
0,1,7,3,1599.0289041931098,2,0.0,4.12549511388643,0,0.0,0.0,0.0,Normal
0,1,49,24,125290160.32857573,4,1.0,45.88149511666202,1,1.0,1.0,1.0,Data Exfiltration
44,3,75,48,1628.4775813970882,1,1.0,112.58245056268571,1,0.0,1.0,0.0,Brute Force
0,3,53,15,259494.50246448597,10,0.0,17.93158503219477,1,1.0,0.0,0.0,Lateral Movement
0,1,4,9,8650.97098435511,2,0.0,6.1140503409999525,0,0.0,0.0,0.0,Normal
0,1,12,4,9180.22968904766,3,0.0,5.8677362094257,0,0.0,0.0,0.0,Normal
0,1,4,5,1534.2832553821565,1,0.0,2.5039284751775233,0,0.0,0.0,0.0,Normal
0,1,59,22,71694144.82650614,2,0.0,30.47508434181267,0,1.0,1.0,1.0,Data Exfiltration
0,1,8,8,5490.115252320788,2,0.0,9.302884919675439,0,0.0,0.0,0.0,Normal
0,1,7,5,7348.212053516927,1,0.0,8.444127180509161,0,0.0,0.0,0.0,Normal
9,1,39,39,2633.0741543309578,1,1.0,51.69203747019285,1,0.0,0.0,0.0,Brute Force
0,1,36,20,86418711.20362157,3,0.0,36.24404724764773,1,1.0,1.0,1.0,Data Exfiltration
0,1,7,4,6343.5920224996025,3,0.0,3.881125446352401,0,0.0,0.0,0.0,Normal
1,1,1,1,936.8325020626985,3,0.0,9.312342674151946,0,0.0,0.0,0.0,Normal
0,1,4,6,9038.97016526277,3,0.0,4.83375728997922,0,0.0,0.0,0.0,Normal
0,1,12,3,5175.281284680438,3,0.0,4.9693132526105845,0,0.0,0.0,0.0,Normal
0,1,6,4,786.1438370220338,1,0.0,2.513717059854292,0,0.0,0.0,0.0,Normal
1,1,6,1,8081.614042042217,3,0.0,5.836558827100283,0,0.0,0.0,0.0,Normal
0,1,8,2,3411.9242934404238,3,0.0,5.738722396940259,0,0.0,0.0,0.0,Normal
3,1,24,12,19021.12420562644,2,0.0,8.480862532522538,1,1.0,0.0,1.0,Privilege Escalation
0,1,3,5,8476.445874917352,3,0.0,2.33728684859262,0,0.0,0.0,0.0,Normal
0,2,10,4,1836.748098712699,3,0.0,8.670908572979638,0,0.0,0.0,0.0,Normal
0,1,6,7,3413.581257605559,2,0.0,9.141745844034544,0,0.0,0.0,0.0,Normal
0,1,1,4,1055.9715872360725,3,0.0,5.4458639622287714,1,0.0,0.0,0.0,Normal
0,1,7,7,2686.996727094583,3,0.0,9.715238033587246,0,0.0,0.0,0.0,Normal
0,1,12,9,991.6225307475164,2,0.0,8.774288877713616,0,0.0,0.0,0.0,Normal
2,4,52,42,77940.84808547523,7,0.0,29.532421542097357,1,1.0,1.0,0.0,Lateral Movement
18,1,38,23,2296.1774414323663,1,1.0,63.73754396865914,1,0.0,0.0,0.0,Brute Force
0,1,10,5,6012.518743777213,2,0.0,4.032353738725524,0,0.0,0.0,0.0,Normal
0,1,15,5,17729.13184348623,1,0.0,20.154769784443303,0,1.0,0.0,1.0,Privilege Escalation
0,1,9,1,3564.122069026169,2,0.0,9.23627112629488,0,0.0,0.0,0.0,Normal
0,1,6,4,1295.004794967288,1,0.0,9.5891981079236,0,0.0,0.0,0.0,Normal
0,2,7,7,8886.017559378139,1,0.0,5.597160163056695,1,1.0,1.0,1.0,Privilege Escalation
0,1,4,7,3729.4292362327806,2,0.0,3.0098354254660467,0,0.0,0.0,0.0,Normal
0,1,2,1,2070.5681082160627,1,0.0,8.173565948820066,1,0.0,0.0,0.0,Normal
0,1,11,1,34.043397591912814,3,0.0,9.265314832751105,0,0.0,0.0,0.0,Normal
1,1,13,2,235.69473113788868,1,0.0,6.5723469338325975,0,0.0,0.0,0.0,Normal
0,1,4,3,4505.432099579549,1,0.0,4.0863664845836505,0,0.0,0.0,0.0,Normal
0,1,7,4,10116.5176962506,2,0.0,8.666942408738612,0,0.0,0.0,0.0,Normal
0,2,14,7,1658.020698109244,2,0.0,1.7297590713965785,0,0.0,0.0,0.0,Normal
35,1,39,16,1039.0100573630493,1,1.0,79.26488208248207,1,0.0,0.0,0.0,Brute Force
0,1,14,2,663.2971819061873,2,0.0,4.880803478002047,0,0.0,0.0,0.0,Normal
0,1,1,2,1828.899739151221,1,0.0,9.180981949355301,0,0.0,0.0,0.0,Normal
0,1,22,9,4538.779324605555,2,1.0,14.88061409784025,1,1.0,1.0,0.0,Privilege Escalation
0,1,14,3,4060.2439811182867,3,0.0,6.656210648081201,0,0.0,0.0,0.0,Normal
0,1,32,29,107277628.87043178,2,0.0,32.91913038638217,1,1.0,1.0,1.0,Data Exfiltration
1,1,4,7,7939.393577517499,1,0.0,5.519440502405334,0,0.0,0.0,0.0,Normal
1,1,58,19,28367479.7225272,4,0.0,40.10098505189363,1,1.0,1.0,1.0,Data Exfiltration
0,1,37,22,12754552.082790514,2,0.0,14.268497732712158,0,1.0,1.0,1.0,Data Exfiltration
19,2,46,45,539.2039038588232,1,0.0,112.91472448040037,1,0.0,0.0,0.0,Brute Force
0,1,2,7,960.0393716646399,1,0.0,5.5276348146015994,0,0.0,0.0,0.0,Normal
0,1,11,9,7116.999648468313,2,0.0,6.5370474906910365,1,0.0,0.0,0.0,Normal
1,1,20,7,15353.93937412121,2,1.0,15.292499879702731,1,1.0,1.0,0.0,Privilege Escalation
0,1,20,18,78922218.37900448,4,0.0,46.47718565388174,1,1.0,1.0,1.0,Data Exfiltration
2,2,68,38,298958.9448093508,4,1.0,44.56276909453597,0,1.0,0.0,1.0,Lateral Movement
0,1,5,8,8605.817978100862,2,0.0,6.410462839399603,0,0.0,0.0,0.0,Normal
0,1,3,8,195.91692657297335,2,0.0,3.9724064949062443,0,0.0,0.0,0.0,Normal
0,1,31,35,15817142.435954917,1,0.0,41.173863472481365,1,0.0,0.0,1.0,Data Exfiltration
0,1,13,9,9031.592047439017,1,0.0,3.4385835842209653,0,0.0,0.0,0.0,Normal
1,1,7,14,7220.979231059739,2,0.0,18.288602775538,1,1.0,0.0,0.0,Privilege Escalation
0,1,1,1,3512.3771450889485,1,0.0,4.987360077004103,0,0.0,0.0,0.0,Normal
0,1,10,6,5012.901981329118,2,0.0,6.912136953637809,0,0.0,0.0,0.0,Normal
0,1,9,7,797.0468812604726,3,0.0,9.189367290794946,0,0.0,0.0,0.0,Normal
1,1,58,37,38682483.69562253,1,1.0,46.39053539984346,1,1.0,0.0,1.0,Data Exfiltration
0,1,10,2,723.1590828967645,1,0.0,1.2759354113517758,0,0.0,0.0,0.0,Normal
1,1,16,8,5100.996147957038,2,1.0,29.640456704678773,0,1.0,0.0,1.0,Privilege Escalation
0,1,7,7,699.9006085630976,2,0.0,5.819660365482175,0,0.0,0.0,0.0,Normal
2,1,18,7,11729.84757182142,1,0.0,7.767234360497248,1,1.0,0.0,0.0,Privilege Escalation
0,1,8,1,686.4165253405497,3,0.0,1.2891777950433796,0,0.0,0.0,0.0,Normal
2,1,24,8,10886.093817516785,2,0.0,26.379078233080087,0,1.0,0.0,0.0,Privilege Escalation
1,5,31,35,312503.2059990993,10,0.0,30.727225943538432,0,1.0,1.0,0.0,Lateral Movement
2,3,35,45,435527.83056028176,9,1.0,44.00578280940264,1,0.0,1.0,0.0,Lateral Movement
1,1,2,5,1166.2822500750162,2,0.0,1.1146504900349354,0,0.0,0.0,0.0,Normal
1,1,47,18,47813041.87671874,2,0.0,14.662424590834036,1,1.0,1.0,1.0,Data Exfiltration
0,1,4,1,2298.4264966092423,2,0.0,6.967484773625086,0,0.0,0.0,0.0,Normal
0,1,12,9,544.939931774589,1,0.0,5.090571010634333,0,0.0,0.0,0.0,Normal
20,2,62,52,3192.9189031840065,1,0.0,112.77717902103957,1,0.0,0.0,0.0,Brute Force
0,1,11,7,1676.4631110480555,2,0.0,2.6226485675759603,0,0.0,0.0,0.0,Normal
0,1,7,4,562.7514391501046,3,0.0,6.825290602366681,0,0.0,0.0,0.0,Normal
0,1,9,6,1272.2726956098772,1,0.0,5.722222072773427,0,0.0,0.0,1.0,Normal
0,1,12,5,10108.0254256455,3,0.0,7.328246889587327,0,0.0,0.0,0.0,Normal
0,1,14,5,16041.236000376804,2,0.0,4.515169398332219,0,0.0,0.0,0.0,Normal
8,1,55,28,3846.3330709387196,1,0.0,103.7900445185264,1,0.0,1.0,0.0,Brute Force
1,1,11,8,864.3790340941208,2,0.0,7.2257114134981055,1,0.0,0.0,0.0,Normal
0,1,3,1,946.3748549736569,2,0.0,9.61376335699797,0,0.0,0.0,0.0,Normal
0,1,6,9,6152.646698717757,1,0.0,4.01191558412051,0,0.0,0.0,0.0,Normal
0,1,2,3,10909.30696198598,3,0.0,9.882955697089356,0,0.0,0.0,0.0,Normal
1,1,3,2,2076.788048468272,3,0.0,7.734478369575311,0,0.0,0.0,0.0,Normal
0,1,2,1,1509.807396600544,3,0.0,1.9937295520700022,0,0.0,0.0,0.0,Normal
0,1,2,2,992.364725627489,3,0.0,4.501282186609398,0,0.0,0.0,0.0,Normal
0,1,8,3,1040.5970939133626,3,0.0,4.722551644144552,0,0.0,0.0,0.0,Normal
1,1,48,34,129502381.78184932,3,0.0,29.832785955491367,1,0.0,0.0,1.0,Data Exfiltration
49,1,28,50,2230.7638738561677,2,1.0,40.715647037629225,1,0.0,0.0,0.0,Brute Force
34,1,69,53,3423.373964056818,2,1.0,111.70241503026551,0,0.0,0.0,0.0,Brute Force
0,1,10,7,1045.4161330910827,1,0.0,8.331890055346454,0,0.0,0.0,0.0,Normal
1,1,2,9,511.0755712614493,2,0.0,8.822567278426085,0,0.0,0.0,0.0,Normal
0,1,7,8,17410.214912288786,1,0.0,9.421776743243814,0,0.0,0.0,0.0,Normal
0,1,1,5,4261.706533837631,1,0.0,7.5915554127153015,0,0.0,0.0,0.0,Normal
0,1,4,5,657.9852109869515,1,0.0,6.4184830563434065,0,0.0,0.0,0.0,Normal
0,1,6,6,3567.455498938088,1,0.0,3.22319683313097,0,0.0,0.0,0.0,Normal
0,1,14,6,4753.477794352569,3,0.0,3.0211175734907627,0,0.0,0.0,0.0,Normal
0,1,7,1,794.746575522113,2,0.0,5.648612163621172,0,0.0,0.0,0.0,Normal
0,1,2,6,793.8160244865736,2,0.0,8.770105940707547,0,0.0,0.0,0.0,Normal
0,1,2,4,1608.7992836299313,2,0.0,4.716576064903101,1,0.0,0.0,0.0,Normal
0,1,5,8,2618.1496298158754,1,1.0,24.270890863156577,1,1.0,0.0,0.0,Privilege Escalation
3,1,14,6,15790.301495862594,1,1.0,9.67378359503833,1,1.0,0.0,1.0,Privilege Escalation
0,1,6,9,5178.325695804951,1,0.0,2.3756527355545534,0,0.0,0.0,0.0,Normal
0,1,7,3,1996.7453370907579,3,0.0,5.965383557341662,0,0.0,0.0,0.0,Normal
1,1,6,1,883.8196434803542,3,0.0,5.73900001181067,0,0.0,0.0,0.0,Normal
0,1,11,3,1518.5779239395467,2,0.0,2.7931308713699097,0,0.0,0.0,0.0,Normal
0,2,1,2,5178.628798729728,3,0.0,5.936260790578566,1,0.0,0.0,0.0,Normal
0,1,14,2,5699.403834731978,1,0.0,6.299942546826645,0,0.0,0.0,0.0,Normal
1,1,14,1,307.8395149872037,3,0.0,6.637279100289922,0,0.0,0.0,0.0,Normal
2,1,32,31,68737528.33246297,1,0.0,49.86161088449205,0,0.0,1.0,1.0,Data Exfiltration
0,1,9,8,1397.5294764615148,3,0.0,6.852909908056649,0,0.0,0.0,0.0,Normal
0,2,51,48,142157.30257138936,8,1.0,18.137014086935647,0,0.0,1.0,0.0,Lateral Movement
0,2,6,4,5749.574462024652,2,0.0,3.3049638244056334,0,0.0,0.0,0.0,Normal
5,2,41,49,3617.2746199160893,1,1.0,62.953467348951364,0,0.0,1.0,0.0,Brute Force
6,1,96,18,2632.772990334889,1,0.0,73.95325382593659,0,0.0,0.0,0.0,Brute Force
0,1,26,36,139474414.72477296,4,1.0,10.162637197906562,1,0.0,0.0,1.0,Data Exfiltration
0,1,7,6,7935.005582685727,3,0.0,6.259162752839016,0,0.0,0.0,0.0,Normal
0,1,59,15,84309703.91769338,3,0.0,37.84225317064974,0,1.0,1.0,1.0,Data Exfiltration
0,1,7,1,12139.22717421819,2,0.0,1.6644577797449416,0,0.0,0.0,0.0,Normal
0,1,20,13,7903.918444927048,2,1.0,12.554103541213728,1,1.0,1.0,0.0,Privilege Escalation
0,1,8,3,15266.70167091456,2,1.0,10.378773815175123,1,1.0,1.0,0.0,Privilege Escalation
0,1,6,2,11623.861602194174,2,0.0,1.0645699451540844,0,0.0,0.0,0.0,Normal
0,1,6,6,7618.366062908968,2,0.0,1.6859231630217897,0,0.0,0.0,0.0,Normal
0,2,12,2,307.3855236912113,1,0.0,4.726009465131997,0,0.0,0.0,0.0,Normal
0,1,9,4,1394.2320010524534,2,0.0,2.4092323856106743,0,0.0,0.0,0.0,Normal
0,1,14,8,2955.3204151607965,3,0.0,2.316090269153877,0,0.0,0.0,0.0,Normal
0,1,11,3,919.0324734560921,3,0.0,9.44973798792092,1,0.0,0.0,0.0,Normal
30,1,82,15,3994.34708002838,1,1.0,35.29849575807758,1,0.0,0.0,0.0,Brute Force
0,1,4,2,424.67324917007534,1,0.0,4.667886441407945,0,0.0,0.0,0.0,Normal
0,1,5,7,11129.514685648302,3,0.0,4.033642258815249,0,0.0,0.0,0.0,Normal
0,1,2,3,4574.3136611359805,2,0.0,6.03455720174623,0,0.0,0.0,0.0,Normal
0,1,14,3,681.0965885941191,1,0.0,7.333781573453581,0,0.0,0.0,0.0,Normal
0,1,3,4,1455.740983424445,1,0.0,9.014196318619518,0,0.0,0.0,0.0,Normal
0,1,14,8,12255.208540656764,1,0.0,3.7497804971039566,0,0.0,0.0,0.0,Normal
11,2,32,28,814.5466474126898,1,1.0,81.93618441354255,0,0.0,1.0,0.0,Brute Force
1,2,45,39,281660.701144794,5,0.0,19.264859351884112,1,1.0,1.0,0.0,Lateral Movement
0,1,8,6,1296.6801948563802,3,0.0,1.550022185155099,0,0.0,0.0,0.0,Normal
0,1,1,8,9876.71709169148,2,0.0,6.990007499098699,0,0.0,0.0,0.0,Normal
1,1,6,6,2181.6153720102066,1,0.0,5.556153399374421,0,0.0,0.0,0.0,Normal
2,5,26,33,360521.4952916151,4,0.0,30.856050772088615,1,1.0,0.0,0.0,Lateral Movement
0,1,4,2,1198.0198627793445,3,0.0,2.006613494178696,0,0.0,0.0,0.0,Normal
1,1,10,4,1242.3034133950862,3,0.0,8.968665906401776,0,0.0,0.0,0.0,Normal
0,1,12,1,442.6736833304454,2,0.0,2.139578461405213,0,0.0,0.0,0.0,Normal
1,4,44,29,280224.48485166964,10,0.0,49.60602935152131,1,1.0,1.0,0.0,Lateral Movement
0,1,8,3,1158.150578172943,1,0.0,6.32857876979425,0,0.0,0.0,0.0,Normal
46,1,60,11,1982.5208495360218,1,1.0,114.73864500491327,0,0.0,0.0,0.0,Brute Force
0,1,10,4,9940.85731017366,2,0.0,5.155959738801623,0,0.0,0.0,0.0,Normal
2,5,27,33,50268.94225077746,11,1.0,55.67105976216012,1,0.0,1.0,0.0,Lateral Movement
0,1,8,5,14939.033523429292,2,0.0,1.08021505754574,0,0.0,0.0,0.0,Normal
0,1,2,8,11094.099638219124,2,0.0,1.3767651614880991,0,0.0,0.0,0.0,Normal
1,1,23,29,106361031.23194972,2,0.0,25.901079578222763,1,0.0,0.0,1.0,Data Exfiltration
0,1,6,4,6897.126441646788,2,0.0,6.086313735012494,0,0.0,0.0,0.0,Normal
0,1,6,8,2933.2512231822466,2,0.0,7.623949306588328,0,0.0,0.0,0.0,Normal
1,1,3,1,5229.8002319776415,2,0.0,3.019827002459798,0,0.0,0.0,0.0,Normal
0,2,12,8,15177.684244139826,1,1.0,22.008348793954475,1,1.0,1.0,1.0,Privilege Escalation
0,1,9,8,5047.808726026883,2,0.0,3.445918279064178,0,0.0,0.0,0.0,Normal
0,1,9,6,10692.422864370672,2,0.0,5.1889507354029085,0,0.0,0.0,0.0,Normal
0,1,4,5,1946.3248849695383,2,0.0,4.074420348397307,0,0.0,0.0,0.0,Normal
1,2,34,32,160985.4980307747,7,0.0,48.2489226409542,1,0.0,1.0,1.0,Lateral Movement
0,1,12,5,729.9429019396076,1,0.0,5.075079730258081,0,0.0,0.0,0.0,Normal
2,2,60,25,422694.0363545892,4,1.0,56.03450620113299,1,0.0,1.0,1.0,Lateral Movement
2,1,14,6,3512.3631985061256,1,0.0,1.5007669541896413,0,0.0,0.0,0.0,Normal
0,1,3,9,2040.6672751844285,2,0.0,9.612785707392796,0,0.0,0.0,0.0,Normal
1,1,6,13,14312.392445630969,2,1.0,26.279759398457895,1,1.0,1.0,1.0,Privilege Escalation
33,1,30,31,1872.4670139357352,1,1.0,85.81026109517627,1,0.0,0.0,0.0,Brute Force
0,2,2,3,2064.606121502373,1,0.0,2.4202078932309923,0,0.0,0.0,0.0,Normal
0,1,13,6,9438.238596621626,1,0.0,3.5664065986751625,0,0.0,0.0,0.0,Normal
1,2,8,6,16601.405967926577,1,1.0,14.30513130309536,1,1.0,0.0,1.0,Privilege Escalation
1,2,66,44,13660.880916373324,6,1.0,50.68200136338997,1,1.0,0.0,0.0,Lateral Movement
0,2,2,8,1928.719443094303,2,0.0,6.314020194357785,0,0.0,0.0,0.0,Normal
19,1,46,59,3771.1935638465247,1,1.0,67.02984900123697,0,0.0,0.0,0.0,Brute Force
0,1,3,4,2803.4994689797168,2,0.0,2.9464260184171724,0,0.0,0.0,0.0,Normal
0,1,4,5,3799.0617499047653,3,0.0,5.435883074217694,0,0.0,0.0,0.0,Normal
0,1,10,2,4302.410346742978,1,0.0,1.18514318218926,0,0.0,0.0,0.0,Normal
0,1,2,8,6516.870117003742,3,0.0,9.368209776769504,0,0.0,0.0,0.0,Normal
0,1,11,6,2452.7190134607827,2,0.0,9.62121295801133,0,0.0,0.0,0.0,Normal
0,1,7,3,1257.4130498938682,1,0.0,5.918201659006281,0,0.0,0.0,0.0,Normal
0,4,21,18,371459.4033525388,10,1.0,15.592794842273811,0,1.0,0.0,0.0,Lateral Movement
0,1,7,3,1865.2953264270452,2,0.0,7.518167081320713,0,0.0,0.0,0.0,Normal
0,1,41,12,123866750.19886443,2,0.0,30.9536118767096,1,0.0,1.0,1.0,Data Exfiltration
19,2,89,55,3832.0849700935055,1,1.0,106.20400100992671,1,0.0,0.0,0.0,Brute Force
1,1,20,13,10314.751969742074,2,1.0,11.809146261520446,1,1.0,1.0,0.0,Privilege Escalation
0,1,6,3,2287.4736463540025,3,0.0,2.8801668882063423,0,0.0,0.0,0.0,Normal
0,1,9,5,3567.3640541419636,1,0.0,8.568324051308663,0,0.0,0.0,0.0,Normal
0,1,6,9,3623.163190615352,2,0.0,1.6958321819438908,0,0.0,0.0,0.0,Normal
0,1,13,9,3568.163332241066,3,0.0,2.596711755261126,0,0.0,0.0,0.0,Normal
0,1,13,6,2873.48205046273,2,0.0,4.568278858510489,0,1.0,0.0,0.0,Normal
2,2,41,30,237737.7867982613,8,0.0,55.410175063749776,0,1.0,1.0,0.0,Lateral Movement
0,2,3,3,7644.39492979053,3,0.0,1.115717807052775,0,0.0,0.0,0.0,Normal
2,1,50,35,54357052.89426394,1,0.0,39.81076100134115,0,1.0,1.0,1.0,Data Exfiltration
0,2,1,8,10344.39668058863,3,0.0,3.1196550501238196,0,0.0,0.0,0.0,Normal
0,1,14,5,259.20525701273465,3,0.0,2.2769664338117295,0,0.0,0.0,0.0,Normal
0,2,7,3,1917.070827328412,1,0.0,3.2257161894495057,0,0.0,0.0,0.0,Normal
1,1,14,3,3813.612906159437,2,0.0,2.145263318055602,0,0.0,0.0,0.0,Normal
0,1,9,5,9211.217067444364,3,0.0,3.282508501227519,0,0.0,0.0,0.0,Normal
35,2,67,31,3154.9276161510984,1,1.0,58.471435898672894,0,0.0,1.0,0.0,Brute Force
47,1,94,24,1358.1283911979876,2,0.0,87.10333463271107,0,0.0,0.0,0.0,Brute Force
0,1,7,4,29082.188597526816,3,0.0,3.6337391354995807,0,0.0,0.0,0.0,Normal
0,1,1,7,9658.165994014094,3,0.0,4.172666149049096,0,0.0,0.0,0.0,Normal
0,1,14,4,66.7867722089101,1,0.0,5.39068152129681,0,0.0,0.0,0.0,Normal
0,1,6,6,579.2990119926453,2,0.0,4.03164997241839,0,0.0,0.0,0.0,Normal
0,1,5,9,1441.3672480946555,2,0.0,9.160148247834632,0,0.0,0.0,0.0,Normal
0,1,10,1,4020.4325473981016,1,0.0,1.4165189154032274,0,0.0,0.0,0.0,Normal
0,1,12,1,478.99775715084405,2,0.0,4.227610663209239,0,0.0,0.0,0.0,Normal
2,1,5,6,19039.54175158462,2,0.0,8.824873853807246,0,1.0,0.0,0.0,Privilege Escalation
0,1,13,7,336.76305926418667,1,0.0,6.280773577715083,0,0.0,0.0,0.0,Normal
0,1,31,15,42379243.745256975,3,1.0,38.64018511919113,1,0.0,1.0,1.0,Data Exfiltration
1,1,9,1,462.9760736433711,1,0.0,8.73379521309495,0,0.0,0.0,0.0,Normal
0,1,7,9,3421.4891627402894,2,0.0,7.02792012150641,0,0.0,0.0,0.0,Normal
32,1,86,54,1677.1715212413542,1,1.0,37.23360041017195,1,0.0,0.0,0.0,Brute Force
0,1,22,28,72160945.10723744,4,0.0,20.393642333054704,1,0.0,1.0,1.0,Data Exfiltration
0,1,14,6,8456.203570045473,1,0.0,9.088664905773804,0,0.0,0.0,0.0,Normal
1,2,31,32,114208044.57117303,4,1.0,12.265543603626874,0,1.0,1.0,1.0,Data Exfiltration
0,1,15,7,10411.799001832402,2,0.0,13.93221008147609,1,1.0,0.0,1.0,Privilege Escalation
0,1,13,7,1499.0378511425035,2,0.0,6.250508833326149,0,0.0,0.0,0.0,Normal
0,1,8,5,896.5170233575676,3,0.0,9.94078098624311,0,0.0,0.0,1.0,Normal
38,3,80,29,2092.407932772574,1,0.0,39.75778608738901,1,0.0,0.0,0.0,Brute Force
0,1,12,7,2565.2733904754286,3,0.0,7.063430174479136,0,0.0,0.0,0.0,Normal
0,1,6,5,6376.7688298035955,2,0.0,8.462188266835582,0,0.0,0.0,0.0,Normal
0,1,8,7,1658.9784166775603,1,0.0,6.623261719599345,0,0.0,0.0,0.0,Normal
0,1,40,19,22442479.54807651,1,0.0,25.069096591599145,1,0.0,1.0,1.0,Data Exfiltration
0,1,14,4,8091.0669438514,3,0.0,2.232971457570707,0,0.0,0.0,0.0,Normal
1,1,5,6,3239.3184054897297,3,0.0,3.850737837851907,0,0.0,0.0,0.0,Normal
0,1,9,4,1803.038840181695,2,0.0,3.378338900646901,0,0.0,0.0,0.0,Normal
1,2,18,12,8323.669798618559,2,0.0,22.407555016281766,1,1.0,1.0,1.0,Privilege Escalation
0,2,26,30,350594.9424393069,6,0.0,35.966123723291474,1,1.0,0.0,0.0,Lateral Movement
1,1,1,2,1159.048059723986,3,0.0,6.488838264307201,0,0.0,0.0,0.0,Normal
1,1,23,10,11307.745081737487,1,0.0,21.02480492345548,1,1.0,0.0,0.0,Privilege Escalation
31,2,92,19,3101.3303847267953,1,1.0,115.11244963942728,1,0.0,1.0,0.0,Brute Force
0,1,4,4,10877.340391511565,3,0.0,6.253662027468,0,0.0,0.0,0.0,Normal
1,1,14,1,2337.063419521373,1,0.0,7.8570621296911565,0,0.0,0.0,0.0,Normal
25,1,91,13,2011.1030981372417,1,0.0,109.24124100309336,1,0.0,0.0,0.0,Brute Force
0,1,3,4,2053.5374593608667,1,0.0,7.051656642360181,0,0.0,0.0,0.0,Normal
0,1,9,9,10216.354616149058,1,0.0,7.218596081523452,0,0.0,0.0,0.0,Normal
11,3,43,21,817.1105560187531,1,0.0,35.31240397383807,1,0.0,0.0,0.0,Brute Force
2,3,48,28,94660.31335001807,11,0.0,57.48235584485687,1,0.0,1.0,0.0,Lateral Movement
13,1,95,52,1943.4131485780729,1,1.0,106.24938659677362,1,0.0,0.0,0.0,Brute Force
34,1,79,51,935.1780070381284,1,0.0,71.92547750273214,1,0.0,0.0,0.0,Brute Force
0,1,4,5,276.8348208086393,1,0.0,6.314588279295662,0,0.0,0.0,0.0,Normal
31,2,88,28,959.593526624926,1,1.0,94.93415648121179,1,0.0,1.0,0.0,Brute Force
46,2,59,27,1310.0872931330077,1,1.0,92.54810627447972,1,0.0,0.0,0.0,Brute Force
28,1,53,37,3633.603392749775,2,0.0,116.31361948025223,1,0.0,0.0,0.0,Brute Force
1,2,6,8,16379.809393377654,2,0.0,18.672878226692045,1,1.0,0.0,0.0,Privilege Escalation
1,1,58,34,59950378.41767526,3,1.0,46.59307101142748,0,0.0,1.0,1.0,Data Exfiltration
0,1,11,3,90.17595792160428,1,0.0,3.9134459244049045,0,0.0,0.0,0.0,Normal
2,3,44,17,374690.7195718378,6,1.0,56.13484158487289,1,0.0,1.0,0.0,Lateral Movement
0,1,14,9,2689.7073314159993,3,0.0,9.012812418533276,0,0.0,0.0,0.0,Normal
0,2,1,9,1222.7503828083463,3,0.0,5.4908853739731995,0,0.0,0.0,0.0,Normal
0,1,27,39,129672509.72257327,4,0.0,41.21190341530012,1,1.0,1.0,1.0,Data Exfiltration
0,1,4,6,5501.347464265595,3,0.0,5.977657966304939,0,0.0,0.0,0.0,Normal
0,1,12,8,1166.6639059118293,3,0.0,1.198352833008708,0,0.0,0.0,0.0,Normal
31,2,40,30,2642.38293292218,1,1.0,105.85212451761717,0,0.0,0.0,0.0,Brute Force
2,1,21,11,12204.248218865103,2,1.0,23.456814366662808,1,1.0,1.0,0.0,Privilege Escalation
1,1,4,5,5458.205884077677,2,0.0,9.094214760844277,1,0.0,0.0,0.0,Normal
0,1,20,13,7265.592326245707,1,1.0,13.872553131745006,1,1.0,1.0,1.0,Privilege Escalation
2,1,13,6,1422.5989319304592,1,0.0,5.512340384722021,1,1.0,1.0,0.0,Privilege Escalation
46,3,47,36,3156.9244084110846,2,0.0,47.59122038660334,1,0.0,1.0,0.0,Brute Force
48,3,79,54,1484.675092822452,1,1.0,58.425578741766415,1,0.0,0.0,0.0,Brute Force
0,1,3,8,19010.109548644326,1,0.0,2.2551891729866336,0,1.0,0.0,0.0,Normal
0,1,13,9,12192.08194797712,3,0.0,5.616646734333153,0,0.0,0.0,0.0,Normal
36,2,69,26,1016.7414974839562,1,0.0,42.461813646270826,0,0.0,0.0,0.0,Brute Force
1,1,4,9,15439.40336670175,2,0.0,6.854994809310156,0,0.0,0.0,0.0,Normal
0,1,1,7,1335.796227435976,3,0.0,9.40812796964925,0,0.0,0.0,0.0,Normal
0,2,24,5,7636.708406287435,2,1.0,23.882807331622654,0,1.0,0.0,0.0,Privilege Escalation
2,1,46,17,50519074.78281827,4,1.0,33.671459346019816,1,1.0,1.0,1.0,Data Exfiltration
1,1,48,39,119164213.21205504,3,0.0,16.809890569040668,0,1.0,1.0,1.0,Data Exfiltration
0,1,10,2,8021.378859531924,1,0.0,9.761564652162125,0,0.0,0.0,0.0,Normal
20,3,24,14,3142.287076820616,1,1.0,88.02846437043792,1,0.0,0.0,0.0,Brute Force
0,1,12,3,5572.062520791976,1,0.0,5.620806402836273,0,0.0,0.0,0.0,Normal
0,1,5,6,71.51985971337074,1,0.0,5.700510876600514,0,0.0,0.0,0.0,Normal
49,1,64,58,1319.6450355425088,1,1.0,33.99569032526699,0,0.0,0.0,0.0,Brute Force
1,1,51,22,7506422.290622858,4,0.0,45.928368645846845,1,1.0,0.0,1.0,Data Exfiltration
0,2,10,1,6932.698438937028,1,0.0,4.480932113935138,0,0.0,0.0,0.0,Normal
0,1,14,9,1390.649202010339,1,0.0,9.428291080368826,0,0.0,0.0,0.0,Normal
0,1,8,3,10733.59638116805,1,0.0,8.926784542510465,0,0.0,0.0,0.0,Normal
0,1,49,20,7912297.4517539125,2,0.0,47.15381438800947,1,0.0,1.0,1.0,Data Exfiltration
0,1,9,3,1369.5196949600968,1,0.0,4.08923735408869,0,0.0,0.0,0.0,Normal
1,1,11,7,1343.6084066678338,2,0.0,2.175277218051792,0,0.0,0.0,0.0,Normal
0,1,8,2,2063.5328583358537,1,0.0,5.534374332956913,0,0.0,0.0,0.0,Normal
0,1,3,3,277.40372888313505,2,0.0,7.664181858502572,0,0.0,0.0,0.0,Normal
0,1,2,5,7112.971496312004,3,0.0,1.9531570255730006,0,0.0,0.0,0.0,Normal
1,2,59,33,136811543.8139524,1,1.0,44.893955991106715,1,0.0,1.0,1.0,Data Exfiltration
1,2,1,9,6300.406878641088,1,0.0,9.909510490681509,0,0.0,0.0,0.0,Normal
1,1,13,7,3657.447843445311,3,0.0,7.455664698160851,0,0.0,0.0,0.0,Normal
0,1,9,3,3655.6856400073552,2,0.0,1.9003895598701008,0,0.0,0.0,0.0,Normal
0,1,3,1,23798.424735975976,2,0.0,9.67798179854228,0,0.0,0.0,0.0,Normal
45,1,86,38,3824.6324300651845,1,0.0,59.58386394487063,0,0.0,0.0,0.0,Brute Force
0,1,16,13,39360240.03061584,2,0.0,35.61369725905972,1,0.0,0.0,1.0,Data Exfiltration
46,2,72,51,3182.5933609919452,1,1.0,115.15852962433549,1,0.0,1.0,0.0,Brute Force
0,2,10,3,1642.8898319609634,3,0.0,9.004479010741466,0,0.0,0.0,0.0,Normal
0,2,13,6,12327.42773932181,2,0.0,8.347226582944812,0,0.0,0.0,0.0,Normal
0,1,7,8,13000.956734260035,1,0.0,2.5972564717673423,0,0.0,0.0,0.0,Normal
1,1,5,8,11545.861242139763,2,0.0,1.446514629957386,0,0.0,0.0,0.0,Normal
24,1,49,20,2404.91007633319,2,0.0,32.70094389967271,1,0.0,0.0,0.0,Brute Force
1,1,23,8,6761.337331844267,2,0.0,25.921325828026465,0,1.0,0.0,1.0,Privilege Escalation
0,1,8,8,2730.911758025879,1,0.0,4.263934296570595,0,0.0,0.0,1.0,Normal
0,1,10,9,10883.57869117023,3,0.0,3.38256546399063,0,0.0,0.0,0.0,Normal
0,2,14,8,696.1404350646436,2,0.0,9.10532710565435,0,0.0,0.0,0.0,Normal
12,3,86,40,2069.9918424076686,1,0.0,77.44062815115639,1,0.0,0.0,0.0,Brute Force
2,3,54,22,455909.51908721676,6,1.0,24.21833487739047,1,1.0,1.0,0.0,Lateral Movement
0,1,12,9,1397.9617019051109,1,1.0,23.117623670549293,1,1.0,0.0,0.0,Privilege Escalation
0,1,10,9,797.3988423486221,2,0.0,1.3311435186749665,0,0.0,0.0,0.0,Normal
0,1,8,7,5051.28382803983,2,0.0,9.901408726820367,0,0.0,0.0,0.0,Normal
1,1,10,4,552.6347878655184,3,0.0,6.063413431587085,0,0.0,0.0,0.0,Normal
2,1,8,10,12728.560435805175,2,1.0,16.22643410860966,1,1.0,0.0,1.0,Privilege Escalation
0,1,14,5,4068.3178409547,3,0.0,3.530377127025368,0,0.0,0.0,0.0,Normal
0,1,12,3,7198.452434266792,2,0.0,9.444117900300693,0,0.0,0.0,0.0,Normal
0,1,9,9,690.5904775440675,3,0.0,9.851684689227715,0,0.0,0.0,0.0,Normal
0,2,13,9,305.8582081814432,1,0.0,8.539035665096657,0,0.0,0.0,0.0,Normal
3,1,55,21,81541830.0109469,4,1.0,29.317756218851954,1,0.0,1.0,1.0,Data Exfiltration
0,1,4,4,3866.3298387087507,1,0.0,7.705653531323396,0,0.0,0.0,0.0,Normal
0,1,1,7,10954.769280733439,1,0.0,7.9005147665878095,0,0.0,0.0,0.0,Normal
0,1,6,5,3574.8379220822944,2,0.0,2.4959377168321675,0,0.0,0.0,0.0,Normal
0,1,7,1,1956.102546763059,3,0.0,3.856745203447467,0,0.0,0.0,0.0,Normal
0,1,9,3,8161.808218007941,2,0.0,8.043966342064973,0,0.0,0.0,0.0,Normal
0,1,55,24,76446933.79085688,1,0.0,30.70457163031766,1,1.0,1.0,1.0,Data Exfiltration
0,1,42,33,22405544.237711642,3,0.0,43.449783514241716,1,1.0,1.0,1.0,Data Exfiltration
1,1,7,4,920.8980234870301,1,0.0,6.630774653822698,0,0.0,0.0,0.0,Normal
0,1,8,10,1583.2729173724852,2,0.0,23.128162458127417,1,1.0,1.0,0.0,Privilege Escalation
0,1,6,5,3980.9047078137914,3,0.0,4.662892799111125,0,0.0,0.0,0.0,Normal
4,1,13,10,13408.838828985381,1,1.0,20.149562922591116,0,1.0,0.0,1.0,Privilege Escalation
0,5,39,42,236059.09359878587,7,1.0,40.26971699871501,1,1.0,1.0,0.0,Lateral Movement
1,1,8,8,3264.6408984527347,2,0.0,3.411955221072484,0,0.0,0.0,0.0,Normal
2,1,6,5,12010.851402889572,2,0.0,27.29661279131068,0,1.0,1.0,0.0,Privilege Escalation
0,1,22,3,17143.82700152672,2,1.0,21.342778653344876,0,1.0,0.0,0.0,Privilege Escalation
0,1,21,12,10082.847296393917,1,1.0,12.97273147769566,1,1.0,1.0,1.0,Privilege Escalation
0,1,14,9,1813.797885488388,2,0.0,9.913613811239797,0,0.0,0.0,0.0,Normal
0,1,58,36,42091058.87608162,1,0.0,20.21889000632646,1,1.0,0.0,1.0,Data Exfiltration
0,1,2,9,6706.298527620456,1,0.0,2.2674625068800305,0,0.0,0.0,1.0,Normal
0,1,11,7,734.5223206273073,2,0.0,4.437735925749543,0,0.0,0.0,0.0,Normal
27,1,23,37,3455.1103449221323,1,1.0,99.9420647759193,1,0.0,1.0,0.0,Brute Force
0,1,1,5,6791.620409346901,1,0.0,8.279407899845154,0,0.0,0.0,0.0,Normal
0,2,7,2,8067.467995039647,1,0.0,4.266449013028044,0,0.0,0.0,0.0,Normal
0,1,7,9,5587.719188906104,2,0.0,1.789804501929965,0,0.0,0.0,0.0,Normal
2,1,23,10,16116.568324361833,1,0.0,12.54376614369606,1,1.0,1.0,0.0,Privilege Escalation
0,1,9,7,267.46754926403605,1,0.0,7.430036445454556,0,0.0,0.0,0.0,Normal
0,1,48,15,119784807.47886752,2,0.0,26.94923745820835,0,0.0,1.0,1.0,Data Exfiltration
0,1,52,36,13363030.674559608,4,0.0,47.26970392908539,1,1.0,1.0,1.0,Data Exfiltration
1,2,5,6,4000.8039857500294,2,0.0,2.038512061089314,0,0.0,0.0,0.0,Normal
0,1,6,7,1224.544148841992,1,0.0,3.3981383948184525,0,0.0,0.0,0.0,Normal
1,2,2,8,459.11792517519143,1,0.0,5.443217694724151,0,0.0,0.0,0.0,Normal
0,1,14,1,1259.9582394712852,2,0.0,6.658029340284637,0,0.0,0.0,0.0,Normal
0,1,13,7,3104.7215441333265,2,0.0,8.421541653662016,0,0.0,0.0,0.0,Normal
0,1,2,1,272.41699751500886,2,0.0,2.556383631755008,0,0.0,0.0,0.0,Normal
0,1,6,9,3672.061874277203,2,0.0,9.008173725331506,0,0.0,0.0,0.0,Normal
0,1,13,5,353.5388439272863,1,0.0,2.461323020737537,0,0.0,0.0,0.0,Normal
0,1,7,4,6483.8364625064505,2,0.0,2.3203051825029393,0,0.0,0.0,0.0,Normal
0,1,9,6,4959.297582060827,1,0.0,5.967110966456551,0,0.0,0.0,0.0,Normal
0,1,4,5,6799.219833754924,1,0.0,2.0521282805204355,0,0.0,0.0,0.0,Normal
0,1,8,1,1906.8381343082694,3,0.0,6.339139494088756,0,0.0,0.0,0.0,Normal
0,1,2,5,1962.8354047038388,1,0.0,6.85394437389928,0,0.0,0.0,0.0,Normal
0,1,13,6,1092.5664386381584,3,0.0,7.469012625262439,0,0.0,0.0,0.0,Normal
0,1,3,9,5270.429629824557,3,0.0,6.044123841024972,1,0.0,0.0,0.0,Normal
1,4,56,36,469752.8073215081,8,1.0,21.873865239836505,0,1.0,1.0,1.0,Lateral Movement
0,1,7,2,8024.078543631962,3,0.0,5.278243217100842,0,0.0,0.0,0.0,Normal
0,2,13,8,4135.330849272436,3,0.0,4.198025344196367,0,0.0,0.0,0.0,Normal
0,1,5,7,3401.0433634767874,1,0.0,6.600622382538774,1,0.0,0.0,0.0,Normal
0,1,8,6,4713.325755538958,3,0.0,4.543483658789755,0,0.0,0.0,0.0,Normal
1,1,24,32,79103923.8172325,4,1.0,12.516698098589703,1,0.0,0.0,1.0,Data Exfiltration
0,1,4,1,655.3291950474728,3,0.0,4.1373203533892475,0,0.0,0.0,0.0,Normal
0,1,1,7,8651.363685344702,2,0.0,6.138798872483793,0,0.0,0.0,0.0,Normal
2,1,6,3,2040.5362344364426,2,0.0,1.163847727928787,0,0.0,0.0,0.0,Normal
0,1,14,2,769.9642762275363,2,0.0,9.69830609618067,0,0.0,0.0,0.0,Normal
0,1,14,5,155.41812710377053,1,0.0,2.5213376472629596,0,0.0,0.0,0.0,Normal
9,2,69,14,831.0107017291072,1,1.0,87.14883808761965,1,0.0,0.0,0.0,Brute Force
31,1,64,29,3479.4533541573664,1,0.0,44.40685462440244,1,0.0,0.0,0.0,Brute Force
1,1,4,6,2961.22503348621,3,0.0,7.062700193546147,0,0.0,0.0,0.0,Normal
0,1,13,4,5100.271507987145,1,0.0,5.339910535805885,0,0.0,0.0,0.0,Normal
1,4,60,26,229181.69860424756,10,1.0,41.54404057173582,1,0.0,1.0,0.0,Lateral Movement
0,1,5,5,1555.296333400098,2,0.0,5.616367190121546,0,1.0,0.0,0.0,Normal
1,1,8,4,2183.25303023489,1,0.0,7.508272875286751,0,0.0,0.0,0.0,Normal
0,1,9,3,3177.6684614788423,2,0.0,5.99448600326023,0,0.0,0.0,0.0,Normal
0,1,14,7,827.76011930351,1,0.0,2.894345526633929,0,0.0,0.0,0.0,Normal
0,1,13,8,1261.410475947627,3,0.0,7.265378282860517,0,0.0,0.0,0.0,Normal
0,1,27,14,11680252.911926512,1,1.0,27.734141324221056,0,0.0,1.0,1.0,Data Exfiltration
29,1,24,12,1751.4735754486169,1,0.0,31.73823794658788,1,0.0,1.0,0.0,Brute Force
0,1,11,8,4222.6181473663955,1,0.0,5.4959088099134386,0,0.0,0.0,0.0,Normal
0,1,2,1,5278.624357335315,2,0.0,3.7868974694241504,0,0.0,0.0,0.0,Normal
3,2,48,33,150232.1058146305,4,0.0,40.00223505579882,1,0.0,1.0,0.0,Lateral Movement
1,1,13,7,343.5917978407639,3,0.0,3.0949505521769507,0,0.0,0.0,0.0,Normal
1,1,12,10,9668.971606770323,2,0.0,6.746435715922165,1,1.0,1.0,0.0,Privilege Escalation
1,1,30,13,144720355.4876374,3,0.0,47.50700901954393,1,1.0,1.0,1.0,Data Exfiltration
0,1,12,3,20000.039536255452,3,0.0,9.588133284891688,0,0.0,0.0,0.0,Normal
0,1,9,8,2745.0502084923532,1,0.0,7.448301702225549,0,0.0,0.0,0.0,Normal
2,1,16,16,98314802.4123411,4,0.0,14.025105090468841,1,0.0,1.0,1.0,Data Exfiltration
0,1,5,9,28204.749836665345,1,0.0,7.145448801116913,0,0.0,0.0,0.0,Normal
1,5,45,27,42289.685552612034,8,1.0,31.06756037879202,1,0.0,1.0,0.0,Lateral Movement
0,1,5,4,2889.35856630082,1,0.0,9.035475636369155,0,0.0,0.0,0.0,Normal
1,2,12,4,15941.08040351865,3,0.0,6.338725818021513,0,0.0,0.0,0.0,Normal
0,1,13,2,6006.173306676062,1,0.0,2.9050374430405292,0,0.0,0.0,0.0,Normal
0,1,3,4,248.9282260428297,2,0.0,1.9217504590998304,0,0.0,0.0,0.0,Normal
0,1,7,2,6350.766877940566,3,0.0,3.6720264645948593,0,0.0,0.0,0.0,Normal
44,2,50,52,3496.3127123657264,1,0.0,35.25531423818671,0,0.0,1.0,0.0,Brute Force
0,1,1,6,2099.3574641145588,3,0.0,9.678000502785503,0,0.0,0.0,0.0,Normal
0,1,10,1,1863.4458840347743,1,0.0,7.6697092408851635,1,0.0,0.0,0.0,Normal
1,1,26,18,52906658.83503236,3,0.0,25.31389340150817,1,0.0,0.0,1.0,Data Exfiltration
42,2,60,57,547.2404480949473,1,0.0,50.88980665917984,1,0.0,0.0,0.0,Brute Force
1,1,14,7,8637.581218605757,3,0.0,3.132400142545705,0,0.0,0.0,0.0,Normal
18,1,54,58,1879.4010166491119,1,1.0,111.66027884822427,1,0.0,0.0,0.0,Brute Force
0,1,10,4,9770.5487885108,1,0.0,5.490829046743854,0,0.0,0.0,0.0,Normal
0,1,6,2,7252.529566040409,2,0.0,2.0119637053268713,0,0.0,0.0,0.0,Normal
0,1,12,2,2719.668869673239,3,0.0,6.465988818285661,0,0.0,0.0,0.0,Normal
0,2,24,11,2114.5558004093073,1,1.0,22.252243480042573,0,1.0,0.0,0.0,Privilege Escalation
1,1,7,5,17356.416098752834,1,0.0,8.719830620264002,0,0.0,0.0,0.0,Normal
0,1,2,9,3529.8424940684,3,0.0,5.4451539451842,0,0.0,0.0,0.0,Normal
2,1,11,13,17911.91634061765,2,1.0,20.403615753359105,0,1.0,0.0,0.0,Privilege Escalation
1,1,13,1,6551.190243234068,1,0.0,8.575351887006526,0,0.0,0.0,0.0,Normal
0,1,11,6,2549.144426217351,2,0.0,7.287143366176595,1,0.0,0.0,0.0,Normal
1,1,14,3,4570.449338019653,1,0.0,4.553712689753898,0,0.0,0.0,0.0,Normal
1,2,22,13,1928.069565845159,1,0.0,12.328970800463694,1,1.0,1.0,0.0,Privilege Escalation
0,1,12,3,442.11930048149725,3,0.0,2.125097380808593,0,0.0,0.0,0.0,Normal
0,1,4,5,6023.442949618916,1,0.0,4.013705931185908,0,0.0,0.0,0.0,Normal
0,1,3,1,6189.877800013349,1,0.0,6.367237823974311,0,0.0,0.0,0.0,Normal
2,2,63,30,403370.36096877704,10,0.0,17.6746918911204,1,0.0,1.0,0.0,Lateral Movement
1,1,7,6,16931.525451333746,2,0.0,12.601030018435374,1,1.0,1.0,0.0,Privilege Escalation
2,1,15,10,2373.039500226466,2,0.0,6.032061669812928,0,1.0,1.0,1.0,Privilege Escalation
0,5,53,41,227436.32089339552,6,1.0,36.252930384368675,0,1.0,1.0,0.0,Lateral Movement
0,2,6,5,16477.968210597814,3,0.0,6.892082925150051,1,0.0,0.0,0.0,Normal
1,3,53,22,488994.6255076473,9,0.0,17.461305274882882,1,1.0,1.0,1.0,Lateral Movement
1,2,10,7,3452.0896062964575,1,0.0,6.150190563716062,0,0.0,0.0,0.0,Normal
0,1,5,1,1794.7920842980654,2,0.0,1.3987871398776726,0,0.0,0.0,0.0,Normal
0,1,11,9,851.8505734232841,2,0.0,5.6888608825756055,0,0.0,0.0,0.0,Normal
2,5,36,40,272018.4290544278,4,0.0,57.173279050701446,0,1.0,0.0,1.0,Lateral Movement
12,1,86,16,3953.9065200716113,1,1.0,36.31943305746536,1,0.0,0.0,0.0,Brute Force
11,1,65,54,3492.041586741466,1,1.0,59.64510826355419,0,0.0,0.0,0.0,Brute Force
9,1,48,48,1743.3156122328903,1,1.0,41.187751491491674,1,0.0,1.0,0.0,Brute Force
0,1,14,3,1759.2960897303988,1,0.0,8.853509573898268,0,0.0,0.0,0.0,Normal
2,1,58,12,17353555.402394194,1,1.0,14.768502724220443,1,1.0,0.0,1.0,Data Exfiltration
0,1,10,3,4583.210007978538,1,0.0,9.15215650961171,0,0.0,0.0,0.0,Normal
0,1,13,2,731.7021986032312,3,0.0,6.101372110470681,0,0.0,0.0,0.0,Normal
0,1,24,11,15149.68835553737,1,1.0,9.203631911935302,1,1.0,1.0,0.0,Privilege Escalation
0,3,54,33,221179.69099546495,7,1.0,18.742665828987946,1,1.0,1.0,0.0,Lateral Movement
0,1,1,8,5652.082770101418,1,0.0,5.867310542341918,1,0.0,0.0,0.0,Normal
33,2,96,42,3361.061008138555,1,1.0,93.55506086005721,1,0.0,1.0,0.0,Brute Force
0,1,8,6,1192.7389085333748,2,0.0,25.715259694800363,0,1.0,0.0,0.0,Privilege Escalation
28,1,49,36,936.7929719515481,1,1.0,95.66833875790971,1,0.0,0.0,0.0,Brute Force
1,2,7,7,4918.293346090567,2,0.0,8.212989418553029,0,0.0,0.0,0.0,Normal
3,2,16,8,13581.296872602112,2,1.0,21.223690627947583,0,1.0,0.0,0.0,Privilege Escalation
2,1,10,9,129.55906644317673,2,0.0,9.96471216016144,0,0.0,0.0,0.0,Normal
0,1,30,22,16923183.652762085,2,0.0,23.491203572155182,1,0.0,0.0,1.0,Data Exfiltration
0,1,9,5,698.1978457060725,3,0.0,6.750600971809234,0,0.0,0.0,0.0,Normal
6,4,35,34,274222.2366254924,5,0.0,20.20270011075171,1,0.0,0.0,0.0,Lateral Movement
0,1,11,3,5175.914668674067,1,0.0,2.077547625999044,0,0.0,0.0,0.0,Normal
0,1,9,4,14344.113577675353,3,0.0,4.099342513640809,0,0.0,0.0,0.0,Normal
0,1,2,4,760.8983114451387,2,0.0,1.5549958657666372,0,0.0,0.0,0.0,Normal
1,1,12,5,2333.0097530492008,1,0.0,1.8755323151217596,0,0.0,0.0,0.0,Normal
0,1,11,8,23216.546286046316,3,0.0,5.12910878761322,0,0.0,0.0,0.0,Normal
1,1,9,2,9332.540806278761,2,0.0,4.232562290908804,0,0.0,0.0,0.0,Normal
0,1,24,10,19431.894763723587,2,1.0,28.074831850304427,0,1.0,1.0,0.0,Privilege Escalation
0,2,12,2,5631.129113143789,3,0.0,9.86952062473152,1,0.0,0.0,0.0,Normal
1,1,11,7,3591.640195450329,1,0.0,1.552128021663814,0,0.0,0.0,0.0,Normal
0,1,22,4,10636.703156454856,2,0.0,8.15045516084508,0,1.0,1.0,0.0,Privilege Escalation
1,1,1,1,2880.651203376653,2,0.0,9.421046767735533,0,0.0,0.0,0.0,Normal
0,1,5,5,5854.120588195352,1,0.0,4.909049664834626,1,0.0,0.0,0.0,Normal
21,3,44,39,3137.455046586941,1,1.0,39.25536734724194,1,0.0,1.0,0.0,Brute Force
0,1,8,6,2486.6111396570227,3,0.0,6.081143127464002,0,0.0,0.0,1.0,Normal
0,2,12,7,368.23851088464363,3,0.0,7.265577705721908,0,0.0,0.0,0.0,Normal
25,1,41,30,3435.8615027239316,1,1.0,30.834014651096705,0,0.0,0.0,0.0,Brute Force
0,2,10,2,6394.353672230904,1,0.0,2.8150429138074604,0,0.0,0.0,0.0,Normal
5,2,84,50,3285.525099620322,1,1.0,116.88446787229417,1,0.0,1.0,0.0,Brute Force
1,1,8,6,3863.0559717931305,2,0.0,9.727839741329662,0,0.0,0.0,0.0,Normal
0,1,2,5,2310.885920178859,3,0.0,3.835644640419088,0,0.0,0.0,0.0,Normal
0,1,7,3,5367.09866183505,2,0.0,7.017295767024517,0,0.0,0.0,0.0,Normal
2,1,9,7,4871.702464074931,1,0.0,3.597096512980238,0,0.0,0.0,0.0,Normal
0,1,2,8,4483.951000420877,1,0.0,3.862688899853169,0,0.0,0.0,0.0,Normal
0,1,4,4,1858.9628692586061,1,0.0,6.65775540967211,0,0.0,0.0,0.0,Normal
0,1,12,13,16512.00445092938,2,1.0,13.663681410896118,0,1.0,0.0,0.0,Privilege Escalation
0,1,7,6,3985.482922014491,3,0.0,8.170152814657238,0,0.0,0.0,0.0,Normal
0,1,3,9,14766.899638406652,1,0.0,5.1952703316203275,0,0.0,0.0,0.0,Normal
0,1,1,3,2570.8934588604475,2,0.0,3.180882082336525,0,0.0,0.0,0.0,Normal
1,1,9,6,6788.159986370609,2,0.0,9.82856617617357,0,0.0,0.0,0.0,Normal
42,1,28,43,2626.6473411163215,1,1.0,66.40348306779978,1,0.0,0.0,0.0,Brute Force
0,1,5,5,9300.585403625784,1,1.0,5.724244902434426,1,1.0,0.0,1.0,Privilege Escalation
0,1,12,7,15435.879535565093,1,0.0,2.2120733619279678,0,0.0,0.0,0.0,Normal
25,2,48,59,3800.37923489766,1,1.0,61.54376555082689,1,0.0,0.0,0.0,Brute Force
1,2,66,19,165791.72660650988,4,0.0,34.83225606275375,1,0.0,1.0,0.0,Lateral Movement
0,1,3,8,6187.734906242004,2,0.0,1.347275807273606,0,0.0,0.0,0.0,Normal
0,1,20,3,11068.33640019733,1,1.0,12.495563624936526,0,1.0,1.0,1.0,Privilege Escalation
0,1,11,1,10777.17485649826,1,0.0,9.52119350016183,0,0.0,0.0,0.0,Normal
0,2,9,5,19775.531582299132,1,0.0,1.3130648277286063,0,0.0,0.0,0.0,Normal
0,1,13,3,40.32146527755696,1,0.0,8.880963615185621,0,0.0,0.0,0.0,Normal
0,1,39,27,118675349.28279059,3,0.0,47.31100830601478,1,1.0,0.0,1.0,Data Exfiltration
48,1,56,54,3042.8321516973074,1,0.0,42.791433322428894,1,0.0,0.0,0.0,Brute Force
0,1,9,9,1913.3336250664388,2,0.0,4.04295907086259,1,0.0,0.0,0.0,Normal
0,1,10,2,104.29746959861642,2,0.0,9.563761408386306,0,0.0,0.0,0.0,Normal
0,1,9,3,2993.195661212073,2,0.0,3.857200692692998,0,0.0,0.0,0.0,Normal
40,1,77,30,1163.2569136423372,1,1.0,70.72498657379828,1,0.0,0.0,0.0,Brute Force
1,5,54,25,228122.9886852864,11,1.0,52.39939872838044,1,0.0,0.0,0.0,Lateral Movement
0,1,7,3,7420.82983723736,3,0.0,4.70287518748417,0,0.0,0.0,0.0,Normal
0,1,10,3,5222.266303159323,1,0.0,6.060534077128532,0,0.0,0.0,0.0,Normal
33,1,44,35,521.1494390032342,1,1.0,52.05855065744029,1,0.0,1.0,0.0,Brute Force
0,1,19,10,2136.639223333645,1,1.0,13.06445372248178,0,1.0,0.0,0.0,Privilege Escalation
0,1,11,6,1436.280069341561,2,0.0,6.245844148256961,0,0.0,0.0,0.0,Normal
2,2,23,14,17367.98403257663,2,0.0,9.229788069815601,1,1.0,0.0,0.0,Privilege Escalation
0,1,14,6,1549.6193205482602,1,0.0,7.344216354197297,0,0.0,0.0,0.0,Normal
1,1,7,1,1608.2936359829657,2,0.0,2.365145635300093,0,0.0,0.0,0.0,Normal
0,1,5,7,23216.660680153014,3,0.0,7.855086569016237,0,0.0,0.0,0.0,Normal
0,2,1,5,523.975231508659,2,0.0,6.402613984556168,1,0.0,0.0,0.0,Normal
10,1,23,38,2397.553376331721,1,1.0,118.76922377812163,1,0.0,0.0,0.0,Brute Force
1,1,13,1,5591.433832416966,3,0.0,8.291383617490283,0,0.0,0.0,0.0,Normal
0,1,11,1,308.71018391769667,2,0.0,5.410382681526196,0,0.0,0.0,0.0,Normal
3,4,58,41,382335.5374889206,8,1.0,26.709761034183437,1,0.0,1.0,0.0,Lateral Movement
1,1,3,3,7274.093020010905,1,0.0,9.014522386131212,0,0.0,0.0,0.0,Normal
0,1,6,1,6902.848261964204,1,0.0,8.167920799155937,0,0.0,0.0,0.0,Normal
0,1,1,2,12838.12168084978,1,0.0,1.147392158306305,0,0.0,0.0,0.0,Normal
1,1,14,5,14435.020741428616,3,0.0,2.296183222465296,0,0.0,0.0,0.0,Normal
0,1,3,7,6933.320404361862,1,0.0,5.802720681133383,0,0.0,0.0,0.0,Normal
1,2,10,4,1978.1263609355776,2,0.0,3.0299859694326186,0,1.0,0.0,0.0,Normal
32,3,41,22,2767.580607293059,2,1.0,33.27337503725094,0,0.0,0.0,0.0,Brute Force
1,1,14,4,18559.607136793325,1,0.0,8.208872816362621,0,0.0,0.0,0.0,Normal
1,1,9,6,3757.6129708202434,3,0.0,4.058584436348261,0,0.0,0.0,0.0,Normal
14,1,46,38,1555.3214136102288,1,1.0,49.14087865453887,0,0.0,1.0,0.0,Brute Force
0,1,2,8,16451.234497385198,3,0.0,7.609645760544875,0,0.0,0.0,0.0,Normal
2,5,37,26,124740.1961691927,8,1.0,39.921183832164964,0,1.0,0.0,1.0,Lateral Movement
0,1,1,3,9240.307306205057,3,0.0,6.654309344290039,0,0.0,0.0,0.0,Normal
23,1,27,21,2574.547927339512,1,1.0,68.15487764458419,0,0.0,0.0,0.0,Brute Force
0,1,1,9,1665.568760862133,3,0.0,8.946335070053763,1,0.0,0.0,0.0,Normal
0,1,12,1,6149.918014850029,1,0.0,3.8978477855571154,0,0.0,0.0,0.0,Normal
17,1,88,10,994.7503509623639,1,1.0,31.203861546789888,1,0.0,0.0,0.0,Brute Force
0,1,10,1,5962.643761445089,2,0.0,7.349039809357032,0,0.0,0.0,0.0,Normal
1,1,59,33,84665382.32131302,2,1.0,29.589177171254534,1,0.0,1.0,1.0,Data Exfiltration
1,1,14,8,2293.5614869992855,2,0.0,3.5082536887254303,0,0.0,0.0,0.0,Normal
0,1,10,5,2407.263518508007,2,0.0,3.301590940961945,0,0.0,0.0,0.0,Normal
0,1,12,4,4476.433497170471,1,0.0,2.116026951617283,0,0.0,0.0,0.0,Normal
0,1,2,4,9224.918988226069,1,0.0,3.9214009655168542,0,0.0,0.0,0.0,Normal
1,2,34,49,41340.53902305805,11,1.0,24.46016480891429,1,1.0,1.0,0.0,Lateral Movement
0,1,3,2,14703.303840065242,3,0.0,6.7796147075528355,0,0.0,0.0,0.0,Normal
1,2,29,20,44126075.065119565,3,0.0,11.487380469330407,1,0.0,0.0,1.0,Data Exfiltration
14,1,95,37,2415.890016718628,1,1.0,88.16245516743423,0,0.0,0.0,0.0,Brute Force
0,1,20,33,31365380.261493094,3,0.0,21.270090516436177,1,0.0,1.0,1.0,Data Exfiltration
1,1,11,5,195.3024575135165,3,0.0,3.310696786911021,0,0.0,0.0,0.0,Normal
0,1,37,38,107967293.04864982,1,0.0,47.57273460196891,1,0.0,1.0,1.0,Data Exfiltration
0,1,6,5,1182.6115092945836,1,0.0,3.2416914895443263,0,0.0,0.0,0.0,Normal
0,1,10,9,16066.33066405762,1,0.0,5.035745871721497,0,0.0,0.0,0.0,Normal
1,1,13,9,1758.5045331496758,1,0.0,7.748553552808818,0,0.0,0.0,0.0,Normal
0,1,7,9,3097.945118554738,2,0.0,3.199955013745239,0,0.0,0.0,0.0,Normal
0,1,12,2,23160.466783198044,2,0.0,9.024225021622986,0,0.0,0.0,0.0,Normal
0,3,66,26,150056.3173722735,8,1.0,39.63901958291943,1,0.0,1.0,0.0,Lateral Movement
1,4,26,46,208842.23573454152,5,1.0,43.8077330079129,1,0.0,0.0,0.0,Lateral Movement
4,2,61,35,217502.85718816394,8,1.0,59.844821291346285,1,1.0,1.0,0.0,Lateral Movement
0,1,4,7,951.0734157131268,2,0.0,5.115648514561152,0,0.0,0.0,0.0,Normal
2,1,8,9,8139.613260098021,1,1.0,18.741101099956772,1,1.0,1.0,0.0,Privilege Escalation
1,1,6,2,802.8856266840056,3,0.0,4.612307371454431,0,0.0,0.0,0.0,Normal
3,5,39,23,157526.37375244743,6,0.0,26.836661559928576,0,0.0,0.0,1.0,Lateral Movement
0,1,10,1,3102.7895281811507,1,0.0,8.199533334631441,0,0.0,0.0,0.0,Normal
44,1,32,17,1717.5006239903153,2,1.0,61.310454679311945,0,0.0,0.0,0.0,Brute Force
0,1,12,6,5829.755705554689,1,0.0,1.6730493036317557,0,0.0,0.0,0.0,Normal
0,1,11,2,13883.225933811065,3,0.0,1.4297674697055687,0,0.0,0.0,0.0,Normal
0,1,11,4,8057.471689483398,1,0.0,8.744409485169836,0,0.0,0.0,0.0,Normal
1,1,6,4,9354.124533344106,3,0.0,6.044098120594446,0,0.0,0.0,0.0,Normal
1,1,6,8,4964.648473476135,3,0.0,1.4357737522952347,0,0.0,0.0,0.0,Normal
0,2,68,24,417946.27615787496,5,1.0,30.23004991481036,1,1.0,1.0,0.0,Lateral Movement
19,1,93,34,1910.613170898921,2,1.0,59.18322006281659,0,0.0,0.0,0.0,Brute Force
2,2,16,11,16008.875302697095,2,1.0,15.970734486676626,0,1.0,1.0,1.0,Privilege Escalation
1,1,7,3,12833.328479332295,1,0.0,2.3671544589004565,0,0.0,0.0,0.0,Normal
0,2,12,3,1761.6014529089503,2,0.0,4.4501647083870015,0,0.0,0.0,0.0,Normal
0,1,12,2,6819.4724659479525,2,0.0,6.066381083546044,0,0.0,0.0,0.0,Normal
0,1,11,1,1349.038655171089,1,0.0,9.328085296931018,0,0.0,0.0,0.0,Normal
0,3,68,25,204781.1886179466,10,1.0,52.867545903206654,0,1.0,1.0,0.0,Lateral Movement
1,1,10,11,5608.394104591794,1,0.0,19.97914688307467,1,1.0,1.0,0.0,Privilege Escalation
1,3,34,49,439877.55169736524,6,0.0,58.01643113367854,0,0.0,1.0,0.0,Lateral Movement
0,1,9,2,1865.0324961077122,2,0.0,5.803987543615339,0,0.0,0.0,0.0,Normal
0,1,7,6,2491.619525205985,3,0.0,3.9234053362527077,0,0.0,0.0,0.0,Normal
0,2,6,7,994.617910350259,1,0.0,9.614117761170041,0,0.0,0.0,0.0,Normal
37,2,21,34,3062.2173397426936,1,1.0,63.8904298406176,1,0.0,1.0,0.0,Brute Force
1,4,59,36,384548.423083765,11,1.0,20.36960653707951,1,1.0,1.0,0.0,Lateral Movement
0,1,2,6,6628.511359962258,1,0.0,6.9806208968404135,0,0.0,0.0,1.0,Normal
0,1,8,9,15986.909041916275,1,0.0,4.486974556197113,0,0.0,0.0,1.0,Normal
0,1,4,8,381.9785912780283,1,0.0,6.094428156317658,0,0.0,0.0,0.0,Normal
1,5,63,22,469766.2808405286,8,1.0,34.22022381141808,1,0.0,1.0,0.0,Lateral Movement
0,1,14,2,591.8766850927099,2,0.0,4.278015403538535,0,0.0,0.0,0.0,Normal
39,1,57,56,2718.619864623408,1,1.0,40.53846730259983,1,0.0,1.0,0.0,Brute Force
0,1,8,6,6800.778167935888,1,0.0,4.253276128059448,0,0.0,0.0,0.0,Normal
3,1,10,8,5795.678081117019,2,0.0,25.27536094212402,1,1.0,0.0,0.0,Privilege Escalation
0,1,14,6,3412.203649573501,1,0.0,8.513791797999838,0,0.0,0.0,0.0,Normal
1,2,9,2,1516.5159550544088,3,0.0,3.1025763863023994,0,0.0,0.0,0.0,Normal
0,1,6,7,4124.046057532611,2,0.0,3.7318681719756905,0,0.0,0.0,0.0,Normal
2,1,17,6,6209.3076822499615,2,0.0,17.402421305896354,1,1.0,0.0,0.0,Privilege Escalation
0,1,5,7,1226.0645113374624,3,0.0,6.093953544422726,1,0.0,0.0,0.0,Normal
0,1,6,8,92.18450783069963,3,0.0,3.589788165060921,0,0.0,0.0,0.0,Normal
0,1,10,9,52.088998351703374,2,0.0,4.549067137848907,0,0.0,0.0,0.0,Normal
1,1,6,4,3363.8353080443812,3,0.0,2.847523209577306,0,0.0,0.0,0.0,Normal
0,1,11,3,10510.677507508168,3,0.0,3.3217824636503375,0,0.0,0.0,0.0,Normal
0,2,18,10,17104.525461394107,1,1.0,19.381310214618225,1,1.0,1.0,1.0,Privilege Escalation
1,1,9,8,8348.955294976038,1,0.0,4.998801389200619,0,0.0,0.0,0.0,Normal
0,1,8,7,6476.460598521892,3,0.0,7.118236638632187,0,0.0,0.0,0.0,Normal
0,1,12,2,1570.2029377626122,3,0.0,9.428349232153675,0,0.0,0.0,0.0,Normal
1,1,9,4,8799.395213957112,2,0.0,8.95383998950944,0,0.0,0.0,0.0,Normal
0,1,11,7,3482.0606126664,1,0.0,5.41115975202937,0,0.0,0.0,0.0,Normal
0,1,4,1,1921.5153520334413,1,0.0,6.163502935308184,0,0.0,0.0,0.0,Normal
0,1,1,4,838.6325882140961,1,0.0,2.986303596900105,0,0.0,0.0,0.0,Normal
0,1,7,4,93.61185311237178,2,0.0,1.9665858132201925,0,0.0,0.0,0.0,Normal
1,1,4,9,11622.93484317664,2,0.0,9.943930381099264,0,0.0,0.0,0.0,Normal
0,1,11,1,942.8463845784352,1,0.0,6.547329380211242,0,0.0,0.0,0.0,Normal
0,1,2,6,6516.256256894886,2,0.0,4.963232776835756,0,0.0,0.0,0.0,Normal
0,1,11,4,1682.016116940465,3,0.0,4.710858202748124,0,0.0,0.0,0.0,Normal
1,1,14,8,11387.123392162739,2,1.0,7.822956795839965,1,1.0,1.0,1.0,Privilege Escalation
0,1,12,4,122.69444952129248,1,0.0,2.538147609498462,0,0.0,0.0,0.0,Normal
0,1,12,5,4478.251904347992,2,0.0,6.0341427266345145,0,0.0,0.0,0.0,Normal
0,1,13,1,2655.0905459183327,3,0.0,6.176206489632916,0,0.0,0.0,0.0,Normal
0,1,9,5,85.27208305211637,1,0.0,7.120552561731605,0,0.0,0.0,0.0,Normal
0,1,4,4,2640.445064109816,3,0.0,8.44231518070175,0,0.0,0.0,0.0,Normal
0,1,11,9,4628.255992538193,3,0.0,3.7209405994560414,0,0.0,0.0,0.0,Normal
1,1,24,3,17058.547254585865,2,0.0,11.352115806822646,1,1.0,0.0,0.0,Privilege Escalation
2,5,20,39,357273.5053218243,8,0.0,27.35001456296819,1,0.0,1.0,1.0,Lateral Movement
1,1,3,4,4235.735671541583,3,0.0,5.882979193989502,1,0.0,0.0,0.0,Normal
0,1,12,1,9712.435624684647,2,0.0,4.509052877916998,0,0.0,0.0,0.0,Normal
0,2,8,13,8963.004797068843,1,1.0,13.992799803667701,0,1.0,0.0,1.0,Privilege Escalation
1,2,67,28,291390.2433361607,9,0.0,36.64297320232978,1,1.0,1.0,0.0,Lateral Movement
0,1,4,5,2514.734543969423,2,0.0,7.889781983928391,0,0.0,0.0,0.0,Normal
1,2,18,20,57396046.51591885,3,0.0,13.399620699209155,1,0.0,1.0,1.0,Data Exfiltration
43,1,35,34,3820.732710747152,2,1.0,60.267159610866116,1,0.0,0.0,0.0,Brute Force
1,1,2,8,17409.18639674844,1,0.0,6.487582178709287,0,0.0,0.0,0.0,Normal
0,1,5,7,5142.072738759767,3,0.0,3.477320779998848,0,0.0,0.0,0.0,Normal
0,1,13,5,157.771490176578,1,0.0,1.2814423997254067,0,0.0,0.0,0.0,Normal
18,3,68,57,1562.113446216204,1,0.0,58.115755548047545,1,0.0,0.0,0.0,Brute Force
0,1,4,3,1211.763387408327,1,0.0,8.413609717346976,0,0.0,0.0,0.0,Normal
0,1,13,9,683.6452885972897,3,0.0,4.4332215759444935,1,0.0,0.0,0.0,Normal
0,1,10,5,1707.400747647947,1,0.0,8.613096813653726,0,0.0,0.0,0.0,Normal
0,1,1,3,2411.100324140177,1,0.0,3.0827135995943378,0,0.0,0.0,0.0,Normal
0,1,1,8,5787.151683357574,1,0.0,4.192478253089213,0,0.0,0.0,0.0,Normal
1,1,3,2,6303.661896428128,3,0.0,4.372339329704706,1,0.0,0.0,0.0,Normal
1,1,4,2,414.8228889314063,3,0.0,4.830594061769338,0,1.0,0.0,0.0,Normal
0,1,5,9,3537.689993669158,3,0.0,2.2549449443497656,0,0.0,0.0,0.0,Normal
0,1,5,1,26038.498517938217,1,0.0,1.7806894536101732,0,0.0,0.0,0.0,Normal
0,1,9,8,8108.861989039403,2,0.0,5.382308334871993,0,0.0,0.0,0.0,Normal
0,1,11,2,13771.53998546922,2,0.0,7.094439621300887,0,0.0,0.0,0.0,Normal
0,1,12,3,10673.609596654025,2,0.0,6.985285855319183,0,0.0,0.0,0.0,Normal
0,1,11,3,2645.0265738619414,1,0.0,4.184836691034127,0,0.0,0.0,0.0,Normal
0,1,3,8,1168.2476635978232,3,0.0,9.7685880041134,0,0.0,0.0,0.0,Normal
0,1,2,1,5859.249325889331,1,0.0,7.9165009662650005,0,0.0,0.0,0.0,Normal
1,1,2,7,2825.09677885097,3,0.0,1.1412544180820183,0,0.0,0.0,0.0,Normal
0,1,13,4,12108.837655720292,3,0.0,3.00152291960829,0,1.0,0.0,1.0,Normal
0,1,10,7,3017.96535142113,1,0.0,5.720896590985327,0,0.0,0.0,0.0,Normal
0,1,11,1,13593.26789313978,2,0.0,2.2698801678603275,0,0.0,0.0,0.0,Normal
1,1,36,30,83799571.71633323,4,1.0,47.06864738527078,1,0.0,1.0,1.0,Data Exfiltration
0,2,10,8,1389.1683240484247,2,0.0,1.4991912753854442,0,0.0,0.0,0.0,Normal
0,1,13,12,9789.044413125988,1,0.0,12.162990378210813,0,1.0,1.0,0.0,Privilege Escalation
0,1,12,12,11349.40835448685,2,0.0,27.78083631480853,1,1.0,1.0,0.0,Privilege Escalation
1,1,12,3,1352.1217983645095,1,1.0,23.119865571468313,0,1.0,1.0,0.0,Privilege Escalation
0,2,8,2,2763.1123259074902,3,0.0,1.638221258620609,0,0.0,0.0,0.0,Normal
40,3,66,40,2356.8791396636516,1,1.0,58.08657164658802,1,0.0,0.0,0.0,Brute Force
0,1,14,6,847.5337074712348,2,0.0,6.875362212885463,1,0.0,0.0,0.0,Normal
0,1,3,9,372.94565173601836,2,0.0,1.850195061444098,1,0.0,0.0,0.0,Normal
0,1,16,29,39035563.1147372,3,0.0,33.8690785813739,0,1.0,1.0,1.0,Data Exfiltration
1,4,37,25,443780.0748525258,7,0.0,33.88607128074733,1,1.0,1.0,1.0,Lateral Movement
29,1,23,10,2575.8757518928696,1,1.0,90.54193256331232,0,0.0,0.0,0.0,Brute Force
0,1,40,10,138873207.0181152,4,0.0,17.015084999398486,1,0.0,1.0,1.0,Data Exfiltration
1,3,62,22,211472.3093882727,6,1.0,28.8233916727822,1,1.0,0.0,0.0,Lateral Movement
0,1,11,2,3101.856302378447,2,0.0,5.553256059646252,1,0.0,0.0,0.0,Normal
0,1,35,19,111344514.29677182,4,1.0,21.00973239870784,1,0.0,0.0,1.0,Data Exfiltration
0,1,14,5,245.9633146141213,2,0.0,9.657322820344456,0,0.0,0.0,0.0,Normal
0,1,5,2,1116.1348840798883,1,0.0,3.270624303351887,0,0.0,0.0,0.0,Normal
0,1,9,7,6569.19542665756,1,0.0,4.64422302523753,0,0.0,0.0,0.0,Normal
0,1,7,4,2648.8122271381117,1,0.0,5.69200677145061,1,0.0,0.0,0.0,Normal
14,3,20,42,3074.1954204005024,1,0.0,92.00217159289338,0,0.0,0.0,0.0,Brute Force
0,1,10,9,15848.292284709258,2,0.0,2.173285217592019,0,0.0,0.0,0.0,Normal
0,1,29,17,24922171.776318453,4,0.0,17.0037557139839,1,1.0,1.0,1.0,Data Exfiltration
0,1,12,1,133.0384222530631,2,0.0,4.758063575032144,0,0.0,0.0,0.0,Normal
37,1,77,18,1543.9229257656443,1,1.0,37.17928179751745,0,0.0,0.0,0.0,Brute Force
18,2,90,53,2219.4213962842414,1,0.0,118.1745750347208,1,0.0,0.0,0.0,Brute Force
0,1,1,8,5850.043226127651,1,0.0,7.764223737545541,0,0.0,0.0,1.0,Normal
20,1,39,24,741.516937201407,1,0.0,88.19291554759434,0,0.0,0.0,0.0,Brute Force
0,1,13,4,7408.393898420288,2,0.0,5.261984501925143,0,0.0,0.0,0.0,Normal
0,1,10,1,628.1251224979599,1,0.0,2.193124630106212,0,0.0,0.0,0.0,Normal
0,1,13,3,1109.5820978359013,3,0.0,9.341347185355586,0,0.0,0.0,0.0,Normal
15,1,88,39,1131.6684363182317,1,1.0,73.08122287801572,0,0.0,0.0,0.0,Brute Force
0,1,13,3,1558.8146514971536,2,0.0,5.216590449278421,0,0.0,0.0,0.0,Normal
1,1,5,8,14870.343246874427,1,1.0,17.728241759860573,1,1.0,1.0,1.0,Privilege Escalation
0,1,4,4,5208.012293130607,3,0.0,3.7243951221184406,0,0.0,0.0,0.0,Normal
0,1,10,2,1633.8875102493682,1,0.0,6.866784529004687,1,0.0,0.0,0.0,Normal
0,1,52,20,129672037.11902782,3,0.0,40.87300223721864,0,1.0,1.0,1.0,Data Exfiltration
0,2,6,2,1622.0456210550135,3,0.0,1.4537530506715233,0,0.0,0.0,0.0,Normal
1,1,1,8,11153.292895722852,3,0.0,3.9224820540082828,0,0.0,0.0,0.0,Normal
0,1,4,5,1873.3823471486219,2,0.0,4.989761140327664,0,0.0,0.0,0.0,Normal
8,3,25,16,3830.6952902240873,2,1.0,75.82767178242537,1,0.0,0.0,0.0,Brute Force
0,1,14,9,1970.455206886449,1,0.0,6.386155824232596,0,0.0,0.0,0.0,Normal
1,1,4,1,516.3627842558354,3,0.0,6.474838294208931,0,0.0,0.0,0.0,Normal
0,1,14,9,3875.9019518169125,2,0.0,9.079015114905102,0,0.0,0.0,0.0,Normal
1,1,21,3,9860.308298658316,1,0.0,25.33483249834864,1,1.0,0.0,0.0,Privilege Escalation
0,1,8,5,500.49664946487593,3,0.0,4.606249884335039,0,0.0,0.0,0.0,Normal
0,1,10,10,4410.8724103165505,2,1.0,13.563244727263516,1,1.0,0.0,0.0,Privilege Escalation
35,1,66,53,1481.9145815070165,1,0.0,102.83856380630016,0,0.0,0.0,0.0,Brute Force
0,1,1,6,4382.396504403138,3,0.0,3.5310064097936564,0,0.0,0.0,0.0,Normal
0,1,9,9,10078.166521598208,1,0.0,6.469098053398515,0,0.0,0.0,0.0,Normal
0,2,6,7,12124.629707991227,3,0.0,8.098968127378868,0,0.0,0.0,0.0,Normal
3,4,69,17,293100.93811949756,9,1.0,59.394200895766865,1,0.0,0.0,0.0,Lateral Movement
1,1,19,26,32493329.126143236,2,1.0,33.922233911304794,1,0.0,1.0,1.0,Data Exfiltration
1,1,22,11,5207.934011639319,2,0.0,17.382293283767808,1,1.0,1.0,0.0,Privilege Escalation
16,1,25,51,2635.2391848667867,2,0.0,43.45529840222055,1,0.0,1.0,0.0,Brute Force
0,1,20,27,43826209.38824497,2,0.0,23.135193563215868,1,0.0,1.0,1.0,Data Exfiltration
0,1,12,2,353.97757380722607,1,0.0,7.918812788782375,0,0.0,0.0,0.0,Normal
1,1,13,7,7876.922666740807,2,0.0,8.157928186073692,0,0.0,0.0,0.0,Normal
0,1,44,32,116371022.69054484,4,0.0,28.17484999160751,1,0.0,1.0,1.0,Data Exfiltration
0,1,5,2,5738.669434895665,1,0.0,3.028032203088952,0,0.0,0.0,0.0,Normal
0,1,6,4,4850.634919423485,3,0.0,9.13879334788546,1,0.0,0.0,0.0,Normal
0,1,2,3,2380.8929947518227,1,0.0,6.86597030937193,0,0.0,0.0,0.0,Normal
1,1,14,5,3242.3993891651007,3,0.0,3.4960078544459883,0,0.0,0.0,0.0,Normal
1,1,13,9,2460.4773465509393,2,0.0,3.473842852829378,0,0.0,0.0,0.0,Normal
0,1,7,8,1484.60850693371,2,0.0,8.905058380390406,1,0.0,0.0,0.0,Normal
31,1,24,23,1691.72230284987,1,1.0,114.72431249793263,1,0.0,0.0,0.0,Brute Force
32,1,99,53,2383.6950241263903,1,1.0,107.78472843066376,1,0.0,1.0,0.0,Brute Force
28,1,71,27,1970.4078268580538,1,0.0,64.53335096073387,1,0.0,1.0,0.0,Brute Force
0,1,3,3,11912.577734212204,1,0.0,9.528458458644147,0,0.0,0.0,1.0,Normal
0,1,11,1,418.62816633254806,2,0.0,7.528157847103799,0,0.0,0.0,0.0,Normal
0,1,5,6,2056.560164864924,2,0.0,5.058498899586044,0,0.0,0.0,0.0,Normal
0,1,8,5,4330.124087560764,1,0.0,7.941278011415942,0,0.0,0.0,0.0,Normal
0,2,14,5,11974.819570441427,3,0.0,6.341652029024776,0,0.0,0.0,0.0,Normal
0,2,1,2,4397.284381515583,1,0.0,1.1543333861652512,0,0.0,0.0,0.0,Normal
0,2,1,4,9801.684941497471,3,0.0,7.26797988133802,0,0.0,0.0,0.0,Normal
0,1,11,9,5696.836249843854,3,0.0,2.9874242429003446,0,0.0,0.0,0.0,Normal
0,1,10,7,3301.575006369629,3,0.0,9.960090948998937,0,0.0,0.0,0.0,Normal
42,2,43,28,1546.8105103534633,1,0.0,77.10724444063015,0,0.0,0.0,0.0,Brute Force
0,2,32,36,80935344.97281525,1,0.0,13.410319016879555,1,1.0,1.0,1.0,Data Exfiltration
0,1,10,8,1113.522250891272,1,0.0,7.685902681465157,0,0.0,0.0,0.0,Normal
0,1,16,23,148843856.96776167,2,0.0,14.866932064710241,1,1.0,1.0,1.0,Data Exfiltration
0,1,11,8,2896.019617661005,3,0.0,1.1346219513409195,0,0.0,0.0,0.0,Normal
0,1,6,7,9113.549589874547,1,0.0,2.2896850871289267,0,0.0,0.0,0.0,Normal
0,1,14,9,7964.298836849396,2,0.0,4.879958386109836,0,0.0,0.0,0.0,Normal
39,1,63,37,3926.380182581788,1,0.0,118.32138453784405,0,0.0,0.0,0.0,Brute Force
0,1,12,4,1966.8516636869738,3,0.0,3.255798296043817,0,0.0,0.0,0.0,Normal
1,1,12,1,1117.9110591108563,2,0.0,9.04940288885799,0,0.0,0.0,0.0,Normal
0,1,6,9,7754.451835309313,3,0.0,4.742158954326123,1,0.0,0.0,1.0,Normal
25,3,63,49,873.4023447930294,2,1.0,115.85781426724884,1,0.0,0.0,0.0,Brute Force
0,1,14,6,2557.0922828661837,3,0.0,5.952721540923633,0,0.0,0.0,0.0,Normal
0,1,1,7,99.64686454919526,1,0.0,7.6820974092536805,0,0.0,0.0,0.0,Normal
0,1,8,4,5736.277599523662,3,0.0,2.194138419047645,0,0.0,0.0,0.0,Normal
0,1,9,5,4784.678385950394,1,0.0,1.1180500819613597,0,0.0,0.0,0.0,Normal
1,1,10,2,1255.1119297690766,3,0.0,4.8054102660092886,0,0.0,0.0,0.0,Normal
1,1,7,8,715.611950634833,1,0.0,2.6313246246689346,1,0.0,0.0,0.0,Normal
1,1,10,12,9618.311397053516,2,1.0,7.907033039029655,1,1.0,1.0,0.0,Privilege Escalation
0,1,12,4,2270.678924804233,2,0.0,8.413568921207528,0,0.0,0.0,0.0,Normal
18,3,91,44,1369.923452817286,1,1.0,77.59590367968835,1,0.0,0.0,0.0,Brute Force
0,1,3,1,4758.240535388276,1,0.0,6.362952739021089,0,0.0,0.0,0.0,Normal
0,1,4,5,21979.0569400198,2,0.0,8.934006349612009,0,0.0,0.0,0.0,Normal
0,1,8,7,997.2479116364281,2,0.0,2.3108688195792086,1,0.0,0.0,0.0,Normal
0,1,2,6,8148.784497843232,1,0.0,1.3724577612974915,0,0.0,0.0,0.0,Normal
12,2,88,40,1647.7853066259581,1,1.0,35.386247075419966,0,0.0,0.0,0.0,Brute Force
0,1,50,28,116104331.71316719,2,0.0,35.05146138017088,0,0.0,1.0,1.0,Data Exfiltration
0,1,3,8,4317.170605697339,2,0.0,3.732882811638409,0,0.0,0.0,0.0,Normal
0,1,14,7,6729.66254364205,2,0.0,4.894043805259248,0,0.0,0.0,0.0,Normal
22,2,47,36,1009.8224315228655,1,1.0,101.67197041138637,1,0.0,0.0,0.0,Brute Force
28,1,82,18,2338.942248339022,1,0.0,115.91055708134142,1,0.0,0.0,0.0,Brute Force
0,1,5,7,1784.985366567418,3,0.0,5.9273958983452415,0,0.0,0.0,0.0,Normal
0,1,4,9,1305.2700027523629,1,0.0,2.109283373242531,0,0.0,0.0,0.0,Normal
1,2,53,19,68757665.72273056,4,1.0,24.67081131603799,1,0.0,0.0,1.0,Data Exfiltration
1,2,4,6,2847.45461455652,3,0.0,6.044784449459468,0,0.0,0.0,0.0,Normal
0,1,11,5,14271.412239407744,1,0.0,7.531808697144763,0,0.0,0.0,0.0,Normal
1,1,21,7,1913.1940354821331,2,1.0,17.98445086786092,0,1.0,0.0,0.0,Privilege Escalation
0,1,23,5,19914.611559061632,2,1.0,22.50404089488728,1,1.0,1.0,0.0,Privilege Escalation
0,1,14,7,9494.52102282869,2,0.0,3.5733480368858945,0,0.0,0.0,0.0,Normal
0,2,39,35,22185301.44660968,3,0.0,33.12443442170702,1,1.0,1.0,1.0,Data Exfiltration
1,1,6,4,3202.593213056856,1,0.0,2.5650295755827037,0,0.0,0.0,0.0,Normal
0,1,13,1,8948.27067595248,3,0.0,1.242865322816431,1,0.0,0.0,0.0,Normal
0,1,5,7,1663.031570952544,3,0.0,8.6192314829654,1,0.0,0.0,0.0,Normal
0,1,2,8,1778.711013133645,2,0.0,9.067508992774236,0,0.0,0.0,0.0,Normal
0,1,12,5,256.58366760889743,3,0.0,7.010153135259128,0,0.0,0.0,0.0,Normal
0,1,11,3,1410.7426384832886,3,0.0,3.6673084615673988,0,0.0,0.0,0.0,Normal
47,1,33,44,2820.8571226580916,1,0.0,63.7436146223396,1,0.0,1.0,0.0,Brute Force
0,1,3,2,3188.942009906589,2,0.0,2.3429003316685173,0,0.0,0.0,0.0,Normal
0,1,7,9,1981.9097352880021,1,0.0,6.931307197749914,0,0.0,0.0,0.0,Normal
1,1,10,1,6417.1557582980795,1,0.0,6.978330794261239,0,0.0,0.0,0.0,Normal
1,1,5,1,10019.474579803406,1,0.0,5.125591962505901,0,0.0,0.0,0.0,Normal
2,2,44,18,450865.74805988214,8,1.0,18.780663870715962,0,0.0,0.0,0.0,Lateral Movement
19,2,84,49,2242.7849722924666,1,0.0,73.16297262476988,0,0.0,0.0,0.0,Brute Force
0,1,2,2,14093.10474302284,3,0.0,3.8243690229444542,0,0.0,0.0,1.0,Normal
0,1,10,2,4116.881182656766,2,0.0,8.401979121840341,0,0.0,0.0,0.0,Normal
1,1,47,21,120085025.2656474,1,0.0,34.097029952616815,1,0.0,1.0,1.0,Data Exfiltration
0,1,4,8,332.8635622596186,3,0.0,2.9171177562931843,0,0.0,0.0,0.0,Normal
0,1,1,2,4125.977259709789,1,0.0,8.173755599041932,0,0.0,0.0,0.0,Normal
0,1,7,2,5108.678315914415,2,0.0,2.3210264947221315,1,0.0,0.0,0.0,Normal
0,1,6,5,490.56704559308054,2,0.0,1.708848397417329,0,0.0,0.0,0.0,Normal
0,1,8,5,2804.6434577865602,3,0.0,1.593467992533582,0,0.0,0.0,0.0,Normal
0,2,11,8,7542.042342524072,3,0.0,4.602926649950096,0,0.0,0.0,0.0,Normal
1,1,4,1,12495.885316789885,1,0.0,1.2061194531842108,0,0.0,0.0,0.0,Normal
0,1,5,9,2979.9188140740102,1,0.0,6.9883993823635695,0,0.0,0.0,0.0,Normal
47,2,41,29,1861.1424072404886,1,0.0,102.95839178004726,0,0.0,0.0,0.0,Brute Force
1,2,32,45,57610.51535139439,6,0.0,54.27139605484049,1,1.0,1.0,1.0,Lateral Movement
0,1,6,1,6585.677087142035,1,0.0,7.519438463649704,0,0.0,0.0,0.0,Normal
0,1,13,2,5391.41433448893,1,0.0,1.9361552661559192,0,0.0,0.0,0.0,Normal
27,3,54,46,1105.639181485366,2,1.0,95.97424673024253,1,0.0,0.0,0.0,Brute Force
0,1,12,9,1123.5386484629346,1,0.0,1.7315247098862443,0,0.0,0.0,1.0,Normal
0,1,2,1,8180.143856209908,3,0.0,9.88827167384717,0,0.0,0.0,0.0,Normal
0,1,6,8,6903.238607264721,2,0.0,2.7538217399566065,0,0.0,0.0,0.0,Normal
0,1,11,6,1070.936360674074,3,0.0,3.216133910855885,0,0.0,0.0,0.0,Normal
0,1,1,9,2691.506563817031,3,0.0,6.687617188510259,0,0.0,0.0,0.0,Normal
0,1,7,4,1273.6554537598063,2,0.0,4.565097685464875,0,0.0,0.0,0.0,Normal
22,3,63,48,3600.0452288293477,1,0.0,67.29661701034789,1,0.0,0.0,0.0,Brute Force
0,1,13,6,7875.431411246728,1,0.0,8.498995942343505,0,0.0,0.0,0.0,Normal
0,1,9,3,3140.4841149185436,3,0.0,3.3198929817600082,0,0.0,0.0,0.0,Normal
0,1,14,9,7051.2534739659195,3,0.0,5.9177928179254495,0,0.0,0.0,0.0,Normal
0,1,13,7,6440.574794883574,3,0.0,7.635239098810629,0,0.0,0.0,0.0,Normal
1,1,4,6,6786.799519315725,1,0.0,8.570746502892174,0,0.0,0.0,0.0,Normal
0,2,9,9,7715.496639031426,2,0.0,8.139787958942389,0,0.0,0.0,0.0,Normal
27,2,40,15,3091.808798451091,1,1.0,31.764321124165384,0,0.0,0.0,0.0,Brute Force
1,1,3,1,1740.152992145724,2,0.0,9.655708390341356,0,0.0,0.0,0.0,Normal
38,1,71,40,2504.1798811647027,1,1.0,51.196495672658,1,0.0,0.0,0.0,Brute Force
0,1,10,7,4010.96404278357,3,0.0,6.141312114673401,0,0.0,0.0,0.0,Normal
0,1,11,1,1182.278774733633,1,0.0,9.95585538351863,0,0.0,0.0,0.0,Normal
1,3,58,43,421494.40142060735,11,1.0,52.54291598667957,1,0.0,1.0,0.0,Lateral Movement
45,1,32,23,1966.0440190452719,1,1.0,42.305774332404766,1,0.0,1.0,0.0,Brute Force
1,2,67,32,113865.11526479846,11,1.0,18.031029739810116,0,0.0,1.0,0.0,Lateral Movement
0,1,12,2,2023.1064165112348,2,0.0,2.471211442956494,0,0.0,0.0,0.0,Normal
1,1,6,3,1955.0686055271997,3,0.0,6.07400470885714,0,0.0,0.0,1.0,Normal
0,1,4,2,615.6266349453311,1,0.0,9.68735682248782,0,0.0,0.0,1.0,Normal
0,1,2,4,568.9877699581696,1,0.0,5.78812130797027,0,0.0,0.0,0.0,Normal
21,2,82,59,1482.0463929272178,2,1.0,80.28545418531834,0,0.0,0.0,0.0,Brute Force
0,1,9,8,9301.422910330088,1,1.0,6.2791393402865285,0,1.0,1.0,0.0,Privilege Escalation
11,1,37,12,2927.773300363792,2,0.0,97.30714970270645,0,0.0,0.0,0.0,Brute Force
0,4,50,31,28764.352396994047,10,0.0,58.30822653239521,0,0.0,0.0,0.0,Lateral Movement
0,1,19,32,67032629.00135722,3,0.0,45.93706615956211,1,0.0,1.0,1.0,Data Exfiltration
0,1,13,1,6364.63607977532,1,0.0,8.05350121690503,0,0.0,0.0,0.0,Normal
1,1,9,8,9003.072839356551,2,0.0,3.438527273490484,0,0.0,0.0,0.0,Normal
0,1,14,9,4044.964433786955,3,0.0,7.766503399536861,0,0.0,0.0,0.0,Normal
25,1,30,34,890.9714278154001,2,0.0,65.27725161149253,1,0.0,1.0,0.0,Brute Force
0,1,13,9,9070.704291208624,2,0.0,2.4964693154389748,0,0.0,0.0,0.0,Normal
1,1,14,5,410.48867404557933,1,0.0,1.9542447095984097,0,0.0,0.0,0.0,Normal
0,1,47,10,66429444.94565509,2,0.0,36.054668302240515,1,0.0,1.0,1.0,Data Exfiltration
0,1,5,5,6804.87619284623,3,0.0,4.951089920796484,0,0.0,0.0,0.0,Normal
0,1,10,4,9933.858846308369,1,0.0,5.687498858028151,0,0.0,0.0,0.0,Normal
0,1,11,1,18224.842449263135,2,0.0,6.765593941519198,0,0.0,0.0,0.0,Normal
0,1,13,4,897.4158478592782,3,0.0,2.4189453554800604,0,0.0,0.0,0.0,Normal
0,1,9,9,14770.08957403504,1,0.0,1.1772038077817597,0,0.0,0.0,0.0,Normal
0,1,1,8,4672.648403070083,2,0.0,9.209799104465812,0,0.0,0.0,0.0,Normal
0,1,9,5,1821.758917687235,1,0.0,5.129572056425048,0,0.0,0.0,0.0,Normal
0,2,12,9,10111.301328292808,3,0.0,9.130130653294524,0,0.0,0.0,0.0,Normal
0,1,11,7,3549.9122581326487,1,0.0,5.435425683095373,0,0.0,0.0,0.0,Normal
0,1,12,7,624.8234747767646,3,0.0,8.379253174408195,0,0.0,0.0,0.0,Normal
1,1,3,1,9705.117105507108,3,0.0,9.823468137799928,0,0.0,0.0,0.0,Normal
0,1,45,28,67390898.69803753,2,0.0,35.70676770102886,1,1.0,0.0,1.0,Data Exfiltration
0,1,53,18,22502613.801537603,3,0.0,21.274384311141077,1,1.0,1.0,1.0,Data Exfiltration
0,3,51,19,18993.00542626719,11,0.0,22.60829769741246,0,1.0,1.0,1.0,Lateral Movement
0,1,13,7,12292.960593774209,3,0.0,2.10957759393445,0,0.0,0.0,0.0,Normal
0,2,9,4,6124.501081182255,2,0.0,2.503662907167984,0,0.0,0.0,0.0,Normal
0,1,10,7,4728.295784240297,2,0.0,7.093308898528457,0,0.0,0.0,0.0,Normal
0,1,21,10,9455.865975253568,2,1.0,13.294258469446422,1,1.0,0.0,1.0,Privilege Escalation
1,1,48,15,9798504.103006592,1,0.0,12.232353782929625,1,1.0,1.0,1.0,Data Exfiltration
0,1,5,4,281.7262064920134,2,0.0,3.5897186129625833,0,0.0,0.0,0.0,Normal
1,1,7,9,2265.069908043043,1,0.0,9.483937687954777,0,0.0,0.0,0.0,Normal
0,1,12,5,7012.936640971713,2,1.0,25.83413880791529,1,1.0,0.0,0.0,Privilege Escalation
0,1,9,2,28799.999139770734,1,0.0,1.5929842538370953,0,0.0,0.0,0.0,Normal
0,1,12,4,12520.946939257996,2,0.0,5.558464865836912,0,0.0,0.0,0.0,Normal
2,2,10,8,10167.811517234655,2,1.0,9.71667707544468,1,1.0,1.0,0.0,Privilege Escalation
17,2,25,14,1815.1473247741922,1,1.0,83.00836592302763,1,0.0,1.0,0.0,Brute Force
45,3,49,58,2857.249512864642,1,0.0,103.69374481832737,0,0.0,0.0,0.0,Brute Force
0,1,6,2,9853.900346849608,2,0.0,4.886675791642332,0,0.0,0.0,0.0,Normal
32,3,27,36,977.0117714665447,1,1.0,46.921543819822006,1,0.0,1.0,0.0,Brute Force
0,1,7,8,7095.606619192645,2,0.0,7.9429579218492465,0,0.0,0.0,0.0,Normal
0,1,11,3,3401.87341911597,3,0.0,9.500362975841046,0,0.0,0.0,0.0,Normal
31,1,96,40,1711.091994093615,1,0.0,45.86095543358252,1,0.0,0.0,0.0,Brute Force
0,1,10,7,3717.8419510779063,1,0.0,4.18058518066889,0,0.0,0.0,0.0,Normal
0,1,7,6,1575.258638549131,3,0.0,1.8286304113801228,0,0.0,0.0,0.0,Normal
0,1,13,6,1067.0351102286268,3,0.0,1.9593770484641504,0,0.0,0.0,0.0,Normal
0,2,58,27,134241570.29417193,3,0.0,25.573009048896935,1,0.0,1.0,1.0,Data Exfiltration
0,2,13,2,7844.267752753734,1,0.0,1.2492089808289784,0,0.0,0.0,0.0,Normal
0,1,5,4,8685.79932453685,3,0.0,9.111910367464946,0,0.0,0.0,0.0,Normal
0,1,6,5,2190.501739787608,1,1.0,6.95387309137792,1,1.0,0.0,0.0,Privilege Escalation
1,1,3,8,4512.054812983719,1,0.0,3.226382375794662,0,0.0,0.0,0.0,Normal
0,1,10,2,12560.53202042602,2,0.0,1.94607216867157,0,0.0,0.0,0.0,Normal
2,5,55,15,486058.6165892096,4,1.0,47.25685702548358,1,0.0,1.0,0.0,Lateral Movement
0,1,10,6,2050.458073394699,3,0.0,4.129885188231651,0,0.0,0.0,0.0,Normal
0,1,13,13,9129.036087091748,2,0.0,9.933572020690583,1,1.0,1.0,1.0,Privilege Escalation
28,2,54,44,574.5494327442532,1,0.0,109.95549757923203,0,0.0,1.0,0.0,Brute Force
0,1,9,1,1091.9033526625046,2,0.0,1.986974466700977,0,0.0,0.0,0.0,Normal
0,1,1,8,1715.8256352029314,2,0.0,8.028963829253552,0,0.0,0.0,0.0,Normal
0,1,1,1,4194.808058082216,1,0.0,5.99944314154961,0,0.0,0.0,0.0,Normal
0,1,27,11,109905358.00613824,3,0.0,49.027736093360325,0,1.0,1.0,1.0,Data Exfiltration
0,2,20,11,16252.065567867397,1,0.0,10.600731224796228,1,1.0,1.0,1.0,Privilege Escalation
1,1,6,5,847.4289060377957,3,0.0,8.109833943814078,0,0.0,0.0,0.0,Normal
0,1,1,5,177.51574957623654,1,0.0,4.329370041311103,0,0.0,0.0,0.0,Normal
1,1,14,3,312.3717632004764,1,0.0,2.952398621641775,0,0.0,0.0,0.0,Normal
1,1,2,8,5805.940939151975,1,0.0,9.01496033892519,0,0.0,0.0,0.0,Normal
0,1,9,2,10142.31948552611,3,0.0,1.6554945609098985,0,0.0,0.0,0.0,Normal
1,2,10,7,13077.592652407604,1,0.0,7.345419278604632,0,1.0,1.0,0.0,Privilege Escalation
0,2,36,43,146254.42523701818,6,0.0,15.554554188751148,1,1.0,1.0,1.0,Lateral Movement
0,1,22,18,149760140.16987494,3,0.0,14.509421738958622,1,0.0,1.0,1.0,Data Exfiltration
0,1,58,20,102745655.06395938,2,0.0,10.812509124868264,1,0.0,0.0,1.0,Data Exfiltration
14,1,75,46,2931.9299012060956,1,0.0,38.64470372254235,0,0.0,0.0,0.0,Brute Force
1,1,8,3,5412.219274448936,2,0.0,5.104604304738316,0,0.0,0.0,0.0,Normal
0,1,11,2,3703.113255530702,1,0.0,4.4400763721575425,0,0.0,0.0,0.0,Normal
0,1,1,6,3068.029574528082,2,0.0,6.851405986646446,0,0.0,0.0,0.0,Normal
0,1,5,7,23332.55856050645,2,0.0,1.3090904591789654,0,0.0,0.0,0.0,Normal
0,1,5,5,6249.339623503827,1,0.0,1.410424514434776,0,0.0,0.0,0.0,Normal
0,1,5,2,1502.5010319647463,1,0.0,3.2355694786054428,0,0.0,0.0,0.0,Normal
12,1,90,39,2598.7904876626776,1,0.0,58.67024323692751,1,0.0,0.0,0.0,Brute Force
0,1,10,4,1182.0251542878702,2,0.0,5.138146119473751,1,0.0,0.0,0.0,Normal
0,1,2,9,410.94328596252336,3,0.0,8.51458836009376,0,0.0,0.0,0.0,Normal
0,1,12,6,2961.862429897212,1,0.0,9.27659532376908,0,0.0,0.0,0.0,Normal
33,1,47,28,2150.097193082792,2,1.0,92.992689735458,1,0.0,0.0,0.0,Brute Force
0,2,3,4,15918.187105334955,3,0.0,6.5521101613576365,0,0.0,0.0,0.0,Normal
1,1,37,31,28473965.228141427,3,0.0,36.28127062023768,1,1.0,1.0,1.0,Data Exfiltration
1,1,10,10,5127.526345998465,1,1.0,9.658000254823818,1,1.0,0.0,1.0,Privilege Escalation
0,1,5,5,669.8358874046459,2,0.0,5.980084973327513,0,0.0,0.0,0.0,Normal
1,1,4,1,16281.260876154654,3,0.0,6.26042388027004,0,1.0,0.0,0.0,Normal
1,1,17,3,6607.724106868876,1,1.0,11.980494993128739,1,1.0,1.0,0.0,Privilege Escalation
1,1,6,4,2921.5489133052693,3,0.0,4.6034261187735845,0,1.0,0.0,0.0,Normal
10,2,36,48,547.4051337354073,1,1.0,93.80141472385495,1,0.0,1.0,0.0,Brute Force
0,1,14,6,2821.5345431088385,1,0.0,1.575621071372256,0,0.0,0.0,0.0,Normal
1,1,4,2,30054.70836665883,2,0.0,2.1887090411258536,0,0.0,0.0,0.0,Normal
0,1,12,8,2184.9308754598255,2,0.0,9.792347628104157,0,0.0,0.0,0.0,Normal
0,1,2,4,832.021518491854,2,0.0,4.412115196346996,0,0.0,0.0,0.0,Normal
0,1,3,4,6846.95643284734,2,0.0,9.284157806006805,0,0.0,0.0,0.0,Normal
20,1,97,43,1536.8835744843434,1,1.0,89.50216322265148,0,0.0,0.0,0.0,Brute Force
0,1,8,9,19216.776401164858,3,0.0,1.7452384724309118,0,0.0,0.0,0.0,Normal
27,2,38,41,1113.0815745277532,1,1.0,105.30894992294587,0,0.0,0.0,0.0,Brute Force
1,2,17,9,7385.675728512902,2,1.0,20.089655232151806,0,1.0,0.0,1.0,Privilege Escalation
7,1,74,43,1273.4360316661327,1,1.0,55.43866366552849,1,0.0,1.0,0.0,Brute Force
2,1,14,8,564.2416194602225,2,0.0,4.262169342069337,0,0.0,0.0,0.0,Normal
1,2,4,5,713.5733626561333,2,0.0,9.321827307032407,1,0.0,0.0,0.0,Normal
1,1,7,2,877.9982870893448,3,0.0,5.958957550107288,0,0.0,0.0,0.0,Normal
0,2,3,2,5208.8130497986995,3,0.0,4.82873944845265,1,0.0,0.0,0.0,Normal
0,1,13,3,1360.9322700371065,2,0.0,4.019175560643827,0,0.0,0.0,0.0,Normal
28,1,39,26,3631.3300222556186,1,0.0,34.66884953972925,1,0.0,0.0,0.0,Brute Force
0,1,13,8,682.6691126925908,1,0.0,7.860220885150433,0,0.0,0.0,1.0,Normal
0,1,6,9,24221.244750555903,3,0.0,7.149732873436193,0,0.0,0.0,0.0,Normal
42,1,60,32,1653.0215841839104,2,0.0,97.69997295879385,1,0.0,0.0,0.0,Brute Force
12,1,73,30,3452.4750224945815,2,0.0,56.753269221331905,1,0.0,0.0,0.0,Brute Force
0,1,3,5,13255.449307099676,1,0.0,5.725790609247814,0,0.0,0.0,0.0,Normal
0,1,14,4,3287.6781702639546,3,0.0,9.307007554508951,0,0.0,0.0,0.0,Normal
48,1,65,33,838.1751433798265,1,1.0,87.84725560134382,0,0.0,0.0,0.0,Brute Force
0,1,11,6,174.4671739243261,3,0.0,4.797150005973885,0,0.0,0.0,0.0,Normal
0,2,56,13,99805925.76646425,4,0.0,30.240769421464226,1,1.0,1.0,1.0,Data Exfiltration
0,1,4,9,1509.283402711737,3,0.0,3.099393117253389,0,0.0,0.0,0.0,Normal
1,5,66,36,33936.435079662915,8,0.0,51.24135733812926,1,0.0,0.0,0.0,Lateral Movement
0,1,5,9,17420.26574266333,2,0.0,1.6892770947545341,0,0.0,0.0,0.0,Normal
0,1,2,7,1937.4448405107437,3,0.0,4.260218068484645,0,0.0,0.0,0.0,Normal
0,1,14,8,1685.6660018370956,2,0.0,4.484178039450561,0,0.0,0.0,0.0,Normal
0,1,8,4,3664.0473385294613,1,0.0,1.6027638951121668,0,0.0,0.0,0.0,Normal
2,1,56,29,25550318.10612767,3,1.0,31.528422906967833,1,1.0,0.0,1.0,Data Exfiltration
1,1,6,3,5363.026145658042,3,0.0,2.8640212619462817,0,0.0,0.0,0.0,Normal
0,1,4,4,5.438055197276404,1,0.0,5.340488135379209,0,0.0,0.0,1.0,Normal
0,1,6,3,907.5761738454942,2,0.0,7.681428003310686,0,0.0,0.0,0.0,Normal
0,1,44,28,10299590.491215773,2,1.0,12.472079087528867,1,0.0,1.0,1.0,Data Exfiltration
2,2,45,25,98233852.71132158,1,0.0,18.539818776514263,0,1.0,1.0,1.0,Data Exfiltration
17,3,26,12,1998.7056446543052,2,0.0,109.64016492877239,0,0.0,0.0,0.0,Brute Force
0,1,7,6,12233.02438003747,3,0.0,7.673861232528699,0,0.0,0.0,0.0,Normal
0,1,13,2,6571.803230621087,2,0.0,5.084343223519334,0,0.0,0.0,0.0,Normal
0,1,6,1,8253.322540342197,2,0.0,4.529259326045349,0,0.0,0.0,0.0,Normal
0,1,7,3,3354.054205513681,1,0.0,4.648080913959582,0,0.0,0.0,0.0,Normal
0,1,12,3,10161.407254345992,3,0.0,2.3704361710506774,0,0.0,0.0,0.0,Normal
31,1,60,32,1806.0198793353604,1,0.0,77.49348788408645,0,0.0,1.0,0.0,Brute Force
1,1,45,35,108827378.97695073,2,0.0,40.301151001084115,1,1.0,0.0,1.0,Data Exfiltration
0,1,1,6,2395.791312024411,3,0.0,9.609506687474727,0,0.0,0.0,0.0,Normal
0,1,10,4,1481.5560998461624,2,0.0,9.384658330720956,0,0.0,0.0,0.0,Normal
0,1,2,2,10539.91332310079,3,0.0,6.71590483736074,0,0.0,0.0,0.0,Normal
0,1,7,7,8424.951979807078,1,0.0,1.882210965246387,0,0.0,0.0,0.0,Normal
0,1,3,8,2678.13763883189,1,0.0,1.3410492659559645,0,0.0,0.0,0.0,Normal
0,1,2,7,1391.9727705979844,2,0.0,6.155979410619158,0,0.0,0.0,0.0,Normal
0,1,12,5,3176.6084537442616,2,0.0,5.788725136146073,0,0.0,0.0,0.0,Normal
0,2,11,2,1273.2542938952352,3,0.0,1.6870207794980754,0,0.0,0.0,0.0,Normal
0,1,2,7,12311.064636804103,2,0.0,5.961171863103559,0,0.0,0.0,0.0,Normal
2,2,37,33,111622.59417603604,8,1.0,21.10808884124706,1,0.0,1.0,0.0,Lateral Movement
0,1,1,2,850.2277563564886,1,0.0,9.390049283660169,0,1.0,0.0,0.0,Normal
0,1,9,9,6224.920849351453,2,0.0,8.472561457262318,0,0.0,0.0,0.0,Normal
1,1,8,3,96.42013615495812,1,0.0,8.613899896485083,0,0.0,0.0,0.0,Normal
41,2,72,53,1128.0703200821154,1,0.0,40.44962278693957,1,0.0,0.0,0.0,Brute Force
0,1,6,6,2242.7849842519736,1,0.0,6.690903813498248,0,0.0,0.0,0.0,Normal
1,1,1,5,3276.761575007712,2,0.0,6.882728004190449,0,0.0,0.0,0.0,Normal
0,1,7,9,247.37940262521914,1,0.0,9.498419838016483,0,0.0,0.0,0.0,Normal
0,1,14,1,2849.546442945381,3,0.0,4.494680001536851,0,0.0,0.0,0.0,Normal
1,2,26,38,237007.21125832864,11,0.0,47.903360230225935,1,1.0,1.0,1.0,Lateral Movement
0,1,5,8,2910.228765463231,3,0.0,7.308360726844888,0,0.0,0.0,0.0,Normal
0,1,4,3,3924.1033485865923,3,0.0,3.746525518407976,0,0.0,0.0,0.0,Normal
0,1,32,14,42339524.9943997,1,0.0,44.708100670029395,1,0.0,1.0,1.0,Data Exfiltration
0,1,32,18,92325434.7849585,2,0.0,24.53973684219028,1,1.0,1.0,1.0,Data Exfiltration
0,1,13,4,14055.530358346374,2,1.0,27.205071287546154,0,1.0,0.0,0.0,Privilege Escalation
0,1,5,2,5172.038478401687,3,0.0,7.467414965579278,0,0.0,0.0,0.0,Normal
0,1,14,5,4045.0260876411094,1,0.0,7.118897385007793,0,0.0,0.0,0.0,Normal
0,1,6,11,3429.7668239101795,1,0.0,5.842245929435095,0,1.0,0.0,0.0,Privilege Escalation
1,1,2,8,6488.919252290853,3,0.0,7.825676770821546,0,0.0,0.0,0.0,Normal
1,3,26,36,69785.36154096742,8,1.0,46.98943658080793,0,0.0,1.0,1.0,Lateral Movement
0,1,8,1,277.55980853767727,1,0.0,6.334305740541094,0,0.0,0.0,0.0,Normal
1,1,1,1,885.0915085572727,3,0.0,7.170191756338574,0,0.0,0.0,0.0,Normal
2,3,46,19,290532.05807371245,8,1.0,37.18880916242162,1,0.0,1.0,1.0,Lateral Movement
1,1,14,6,1029.1837914577993,2,0.0,5.26657795214961,0,0.0,0.0,0.0,Normal
45,1,66,51,1689.092688830903,1,1.0,77.10948379740121,0,0.0,1.0,0.0,Brute Force
1,1,12,8,3664.882456354599,2,0.0,25.875085346373545,1,1.0,1.0,0.0,Privilege Escalation
0,1,47,17,68559281.49938971,2,0.0,27.79225374446034,1,0.0,1.0,1.0,Data Exfiltration
0,1,15,12,6805.576049059259,2,0.0,7.163980596082715,0,1.0,1.0,1.0,Privilege Escalation
0,1,9,2,2394.916691297573,1,0.0,9.445746480616558,0,0.0,0.0,0.0,Normal
0,1,12,3,5384.868318935722,3,0.0,7.549801455957261,0,0.0,0.0,0.0,Normal
1,1,3,3,16350.044327172594,1,0.0,1.1538416810831982,0,0.0,0.0,0.0,Normal
0,1,6,1,8647.763460014785,2,0.0,2.1371041182538004,0,0.0,0.0,0.0,Normal
0,1,9,9,3014.4133575893657,3,0.0,3.591153139577347,0,0.0,0.0,0.0,Normal
1,2,3,2,157.9416046169618,3,0.0,7.6533863565326286,0,0.0,0.0,0.0,Normal
0,1,13,8,3587.523338143509,3,0.0,8.064992569812253,0,0.0,0.0,0.0,Normal
0,1,12,13,5827.980300784604,2,0.0,26.605369777430294,1,1.0,1.0,1.0,Privilege Escalation
0,1,13,2,7838.802595632816,2,0.0,5.274355177255463,0,0.0,0.0,0.0,Normal
0,1,1,8,16906.164213469307,3,0.0,2.3996112767113313,0,0.0,0.0,0.0,Normal
1,1,4,7,2932.3750495709046,3,0.0,4.590624043494402,0,0.0,0.0,0.0,Normal
0,1,1,7,1626.6818308054524,2,0.0,6.429643129437981,0,0.0,0.0,0.0,Normal
0,1,21,20,86058619.89307761,4,1.0,17.478652242548517,1,0.0,0.0,1.0,Data Exfiltration
0,1,3,3,1653.4648450189025,3,0.0,2.83661983430867,0,0.0,0.0,0.0,Normal
0,1,12,3,3846.1352166983943,1,0.0,4.604007038066964,0,0.0,0.0,0.0,Normal
0,1,2,7,7379.563608364529,3,0.0,2.231909799735312,0,0.0,0.0,1.0,Normal
48,1,64,35,935.9864171411543,1,0.0,44.10996117819309,0,0.0,1.0,0.0,Brute Force
0,2,50,26,195368.7547885102,11,1.0,25.720327201991626,0,0.0,0.0,0.0,Lateral Movement
29,3,51,47,1338.5566647291166,1,0.0,63.56558285767218,1,0.0,0.0,0.0,Brute Force
0,2,7,2,2466.4583518181157,1,0.0,8.620806402955356,1,0.0,0.0,0.0,Normal
0,1,8,7,16692.459008002475,2,0.0,7.315624094145212,0,0.0,0.0,0.0,Normal
1,3,48,31,47810.713665465766,9,0.0,58.16057352287639,1,1.0,1.0,1.0,Lateral Movement
0,2,1,5,1771.820320123063,2,0.0,4.84596843376607,0,0.0,0.0,0.0,Normal
0,1,1,8,1938.2568469199316,3,0.0,3.0228290014481973,0,0.0,0.0,0.0,Normal
0,1,2,4,4440.043350154649,1,0.0,4.148857816301385,0,0.0,0.0,1.0,Normal
21,1,56,51,1518.4633026834708,2,1.0,92.59781236606491,1,0.0,0.0,0.0,Brute Force
1,1,12,1,6745.357820398414,3,0.0,9.606444407269185,0,0.0,0.0,0.0,Normal
1,1,11,6,5102.177961950471,3,0.0,5.057161626754891,0,0.0,0.0,0.0,Normal
0,2,15,12,5590.593373932409,1,0.0,14.137706780799585,1,1.0,0.0,0.0,Privilege Escalation
1,1,18,3,4747.299453480748,1,0.0,9.561663616367909,1,1.0,0.0,0.0,Privilege Escalation
33,2,43,47,3802.627376382793,1,1.0,103.01365647002349,0,0.0,0.0,0.0,Brute Force
0,1,3,5,6249.419680859209,3,0.0,1.4065098084772996,0,0.0,0.0,0.0,Normal
44,1,78,16,1165.0832740742871,1,1.0,93.70127346385593,1,0.0,0.0,0.0,Brute Force
0,1,4,1,5.660578610533002,1,0.0,4.798212093727185,0,0.0,0.0,0.0,Normal
0,1,11,5,895.81713345996,2,0.0,5.698994923513396,0,1.0,0.0,0.0,Normal
1,3,47,31,332852.149183851,8,0.0,25.330001896807484,1,0.0,1.0,0.0,Lateral Movement
1,1,55,30,90880261.05864908,1,0.0,25.78665562255225,1,0.0,1.0,1.0,Data Exfiltration
0,1,11,9,1904.4516580870766,3,0.0,7.146475251627972,0,0.0,0.0,0.0,Normal
1,1,36,13,106737671.16399916,2,1.0,12.087261810389531,1,0.0,1.0,1.0,Data Exfiltration
1,1,9,6,3893.225853735208,3,0.0,3.5881457400273553,0,0.0,0.0,0.0,Normal
13,3,98,30,2181.957740052646,1,1.0,54.87541896795875,0,0.0,0.0,0.0,Brute Force
1,1,7,3,1453.0989206344696,3,0.0,2.1325482146230224,0,0.0,0.0,0.0,Normal
1,1,5,6,3441.5459541823107,3,0.0,9.627164588164224,0,0.0,0.0,0.0,Normal
1,1,13,9,80.10523746698108,2,0.0,8.841285152381747,0,0.0,0.0,0.0,Normal
0,1,1,5,1192.4306360773903,2,0.0,3.1699940291669666,0,0.0,0.0,1.0,Normal
23,1,74,16,541.6024309658428,1,0.0,84.13982846791662,1,0.0,0.0,0.0,Brute Force
0,1,11,6,498.38743281560875,2,0.0,7.20346944215453,0,0.0,0.0,0.0,Normal
1,2,12,3,5494.135576294978,1,1.0,11.370189912664456,0,1.0,0.0,0.0,Privilege Escalation
0,1,14,5,3370.234147688468,3,0.0,2.3280187597960795,0,0.0,0.0,0.0,Normal
16,1,22,33,833.263276742929,1,1.0,92.29676595421054,0,0.0,0.0,0.0,Brute Force
44,1,22,43,3128.020732872028,1,0.0,98.12071893979937,1,0.0,0.0,0.0,Brute Force
0,1,22,9,19090.77770899363,1,1.0,14.27298859826755,1,1.0,1.0,0.0,Privilege Escalation
0,1,15,13,14248.472340407332,2,1.0,17.338703268428834,1,1.0,0.0,0.0,Privilege Escalation
1,1,50,36,60733055.16326632,1,0.0,20.439986212703623,1,0.0,0.0,1.0,Data Exfiltration
1,1,23,7,7579.596678539531,1,1.0,24.224990294923956,0,1.0,0.0,0.0,Privilege Escalation
0,1,8,5,778.2170068477138,1,0.0,1.3458978768922283,0,0.0,0.0,0.0,Normal
0,1,4,1,608.0490974504623,3,0.0,6.174735646570496,0,0.0,0.0,0.0,Normal
1,5,35,33,365686.3990295533,8,1.0,54.10133752518202,1,1.0,1.0,0.0,Lateral Movement
1,1,6,9,2515.9824200882117,1,0.0,1.9722278742233816,0,0.0,0.0,0.0,Normal
43,2,32,32,732.8998528786212,1,0.0,38.15926442932539,1,0.0,0.0,0.0,Brute Force
0,1,6,6,7550.088755066403,3,0.0,6.9204039388542595,0,0.0,0.0,0.0,Normal
1,5,61,22,348420.07661243604,5,0.0,37.39626103163222,0,1.0,1.0,0.0,Lateral Movement
0,1,9,4,2590.717500903157,3,0.0,4.860955995761481,0,1.0,0.0,1.0,Normal
0,1,14,9,1605.7633711186788,2,0.0,6.048345214398353,0,0.0,0.0,0.0,Normal
1,1,2,6,15683.122879725297,1,0.0,2.053401232390926,0,0.0,0.0,0.0,Normal
0,1,14,8,25092.91801338709,2,0.0,1.0310152939918273,1,0.0,0.0,0.0,Normal
1,2,13,6,4209.987766958626,1,0.0,8.391476595575526,0,0.0,0.0,0.0,Normal
2,1,11,5,3246.473149963584,1,0.0,14.744416626137639,1,1.0,0.0,0.0,Privilege Escalation
0,2,9,3,2423.474385385269,2,0.0,2.0489352709019863,0,0.0,0.0,0.0,Normal
0,1,11,12,16144.238602432692,1,1.0,26.238790574883318,0,1.0,0.0,0.0,Privilege Escalation
1,3,52,27,30391.115052036992,5,0.0,22.103584192436475,1,0.0,0.0,1.0,Lateral Movement
1,1,8,1,13162.818557782794,1,0.0,7.288793099942876,0,0.0,0.0,0.0,Normal
0,1,1,9,3128.5979261064913,1,0.0,9.208610606130632,1,0.0,0.0,0.0,Normal
3,1,16,12,13742.197813580948,1,0.0,25.925142552438444,1,1.0,0.0,1.0,Privilege Escalation
0,1,2,9,3172.5856777300646,2,0.0,2.0146355937702665,0,0.0,0.0,0.0,Normal
0,1,1,7,3272.0752518555246,1,0.0,5.895762210788314,0,0.0,0.0,0.0,Normal
0,1,3,6,1215.2965273671036,3,0.0,2.987182161787608,0,0.0,0.0,0.0,Normal
1,1,6,6,3398.623294349658,1,0.0,8.244892504539303,0,0.0,0.0,0.0,Normal
1,2,1,1,1058.2636825307343,2,0.0,1.1074446995876426,0,0.0,0.0,0.0,Normal
0,1,12,4,6866.425492635419,3,0.0,6.341374048570032,0,0.0,0.0,0.0,Normal
0,1,50,38,96125662.05140984,4,0.0,29.007084375195383,1,0.0,1.0,1.0,Data Exfiltration
2,4,54,21,165500.47042171983,5,0.0,42.21810272893496,0,0.0,1.0,1.0,Lateral Movement
0,1,12,8,6019.694600369379,1,0.0,6.029490857993357,0,0.0,0.0,0.0,Normal
0,1,1,9,2177.2324789274026,2,0.0,2.473386872581453,1,0.0,0.0,0.0,Normal
0,1,2,9,2952.477400041488,3,0.0,1.9767501150209958,0,0.0,0.0,0.0,Normal
0,1,42,37,16321512.630239122,3,0.0,43.93951912419173,1,0.0,0.0,1.0,Data Exfiltration
7,1,37,34,2384.878690685983,1,1.0,31.0804620031836,0,0.0,0.0,0.0,Brute Force
1,1,24,6,17985.282284412628,1,1.0,25.78725844177516,1,1.0,1.0,0.0,Privilege Escalation
0,1,9,4,990.3836696585072,3,0.0,1.954339804257323,0,0.0,0.0,0.0,Normal
1,1,19,21,43494864.82508678,2,0.0,30.52325642918102,1,0.0,0.0,1.0,Data Exfiltration
1,1,11,7,9602.989450648554,3,0.0,5.519630273852147,0,0.0,0.0,0.0,Normal
0,2,9,9,5130.490731521975,3,0.0,1.1009880097971627,0,0.0,0.0,0.0,Normal
1,2,11,1,6108.709112705627,2,0.0,2.383085336514057,0,0.0,0.0,0.0,Normal
30,2,44,30,3411.92177062093,2,0.0,90.98383897095981,1,0.0,0.0,0.0,Brute Force
0,1,9,8,4426.073175049594,1,0.0,9.361638233575395,0,0.0,0.0,0.0,Normal
27,1,75,13,1923.0489348803321,1,0.0,57.160467456586474,0,0.0,0.0,0.0,Brute Force
1,1,10,1,87.38911470003292,3,0.0,5.111518872816017,0,1.0,0.0,0.0,Normal
0,1,1,7,2701.9120697187227,3,0.0,1.7510690416401409,0,0.0,0.0,0.0,Normal
0,1,1,7,2387.2030154261106,1,0.0,6.905305383034224,0,0.0,0.0,0.0,Normal
46,1,36,21,1303.3650946025618,1,1.0,100.99395489831046,1,0.0,0.0,0.0,Brute Force
33,1,84,29,1898.8656165465463,1,0.0,42.49047126960569,0,0.0,0.0,0.0,Brute Force
0,1,14,6,6908.075899993608,1,0.0,5.595127746537579,0,0.0,0.0,0.0,Normal
0,1,1,4,4577.942531339866,3,0.0,8.482517569603711,0,0.0,0.0,0.0,Normal
3,1,10,3,1762.2720088136655,2,0.0,20.9681089164051,1,1.0,1.0,0.0,Privilege Escalation
0,1,10,9,2210.9805626938464,1,0.0,5.976969244200294,0,0.0,0.0,0.0,Normal
0,1,11,2,22103.970779256844,2,0.0,4.530233631942001,0,0.0,0.0,0.0,Normal
0,1,13,4,254.49121869654346,2,0.0,4.326448970757419,0,0.0,0.0,0.0,Normal
0,1,22,5,1210.3134333037406,2,0.0,10.219324208276063,0,1.0,1.0,0.0,Privilege Escalation
0,1,8,2,107.10012866272925,3,0.0,6.550569418378651,0,0.0,0.0,0.0,Normal
1,1,2,2,2493.654580537847,3,0.0,2.8128061794052233,1,0.0,0.0,0.0,Normal
0,2,2,7,8907.015305397257,2,0.0,1.656093454382325,0,0.0,0.0,0.0,Normal
31,2,74,35,3026.3342856000095,1,1.0,106.74510400512808,1,0.0,0.0,0.0,Brute Force
0,1,7,5,1968.2135617005863,2,0.0,6.30413718854936,0,0.0,0.0,0.0,Normal
41,3,94,59,1539.2106608708355,1,0.0,51.350900685922234,1,0.0,1.0,0.0,Brute Force
32,1,78,40,3479.3818832198826,2,1.0,37.864205626754185,0,0.0,0.0,0.0,Brute Force
1,4,41,36,51313.169209011256,8,0.0,31.573343433024203,0,0.0,1.0,0.0,Lateral Movement
0,1,11,5,3544.86010874064,2,0.0,6.880900773230202,0,0.0,0.0,0.0,Normal
21,3,32,12,1739.8830622578366,1,1.0,77.08376093825424,1,0.0,1.0,0.0,Brute Force
0,1,34,14,54869753.78356112,2,0.0,24.571609899006713,1,1.0,1.0,1.0,Data Exfiltration
0,2,13,9,5927.347382853293,2,0.0,9.265721581873045,0,0.0,0.0,0.0,Normal
0,1,8,8,21.76765330705211,3,0.0,2.7291639448167992,0,0.0,0.0,0.0,Normal
0,1,8,8,631.6298823214303,3,0.0,1.702168291006629,0,0.0,0.0,0.0,Normal
1,2,19,5,7353.527374802701,2,0.0,28.252872481959482,1,1.0,0.0,0.0,Privilege Escalation
0,1,13,6,1971.3650196364804,2,0.0,6.026247295054195,0,0.0,0.0,0.0,Normal
0,1,14,7,53.747800832410945,1,0.0,1.1601819704885434,0,0.0,0.0,0.0,Normal
1,1,10,9,366.46210315894143,1,0.0,2.7280879887123506,0,0.0,0.0,0.0,Normal
0,2,12,8,629.7741723632279,1,0.0,4.482175219159141,0,0.0,0.0,1.0,Normal
0,1,10,3,32.58100197074303,3,0.0,7.523482361718781,0,0.0,0.0,0.0,Normal
0,1,5,1,93.14842756085056,3,0.0,4.286952596205868,0,0.0,0.0,0.0,Normal
0,1,9,2,9030.080687220767,1,0.0,4.428511864064264,0,0.0,0.0,0.0,Normal
2,3,31,23,110986.95338517665,6,1.0,25.892999730803552,1,0.0,1.0,0.0,Lateral Movement
1,3,56,26,208734.6914122835,11,1.0,54.508717349074246,1,1.0,1.0,1.0,Lateral Movement
28,2,20,38,3610.7195892603163,1,1.0,34.87807279578299,0,0.0,0.0,0.0,Brute Force
0,1,32,35,36301533.8556892,4,1.0,33.1261266436123,1,0.0,1.0,1.0,Data Exfiltration
0,1,8,6,5195.859735510723,3,0.0,3.9318386853510776,0,0.0,0.0,0.0,Normal
0,1,14,6,545.1331803210629,1,0.0,8.94356447696357,0,0.0,0.0,0.0,Normal
13,2,45,15,3070.2977589575785,2,0.0,112.99404835597372,1,0.0,0.0,0.0,Brute Force
0,1,37,37,14594518.241298217,4,0.0,20.993502035214547,1,0.0,0.0,1.0,Data Exfiltration
0,1,8,1,4437.39610922791,2,0.0,6.322005213046736,0,0.0,0.0,0.0,Normal
0,1,8,1,8513.132948020939,1,0.0,5.8139020680774,0,0.0,0.0,0.0,Normal
0,1,14,9,8479.763791558891,1,0.0,3.6004406551454524,0,0.0,0.0,0.0,Normal
0,1,10,6,5.114112495427879,3,0.0,4.689198893516247,0,0.0,0.0,0.0,Normal
0,1,4,7,10808.645867170933,2,0.0,8.381974975154842,0,0.0,0.0,0.0,Normal
0,1,3,9,4923.508616485821,1,0.0,8.125460934071754,0,0.0,0.0,0.0,Normal
0,1,7,8,857.5689527498776,2,0.0,5.337174443228427,0,0.0,0.0,0.0,Normal
0,1,7,5,1213.3487178865926,3,0.0,8.931278637501038,0,0.0,0.0,0.0,Normal
12,1,40,51,2377.0632297155635,2,1.0,82.26738986762825,1,0.0,1.0,0.0,Brute Force
4,1,20,10,18290.196100146757,2,0.0,11.512148217545104,1,1.0,1.0,0.0,Privilege Escalation
0,1,3,1,8529.816958268613,2,0.0,1.0945719828962903,0,0.0,0.0,0.0,Normal
0,1,8,7,7855.153425063852,2,0.0,2.769282306197742,0,0.0,0.0,0.0,Normal
0,1,10,4,1448.7246810175159,2,0.0,5.335812182104088,0,0.0,0.0,0.0,Normal
29,1,87,45,817.0804201164831,1,1.0,94.38181916410971,0,0.0,0.0,0.0,Brute Force
3,4,43,49,98269.24880202567,10,1.0,45.022142510813,0,1.0,1.0,1.0,Lateral Movement
0,3,65,31,490534.57948940183,10,1.0,53.021763758984655,1,1.0,1.0,0.0,Lateral Movement
12,1,52,40,2293.1558934435407,1,1.0,75.37978794894624,1,0.0,0.0,0.0,Brute Force
2,1,14,13,6875.331533239845,1,1.0,26.612932888667576,1,1.0,1.0,0.0,Privilege Escalation
0,2,6,3,11647.327429535962,1,1.0,22.14298053964492,1,1.0,0.0,1.0,Privilege Escalation
1,2,32,22,52025.4072359815,5,1.0,18.61463059004534,1,0.0,0.0,0.0,Lateral Movement
0,5,50,30,31549.322434921196,7,1.0,33.10513546983967,0,0.0,0.0,0.0,Lateral Movement
0,1,14,6,3109.885055740953,3,0.0,4.246328826154288,0,0.0,0.0,0.0,Normal
0,1,2,5,2033.805073689166,2,0.0,5.027502452712891,1,0.0,0.0,0.0,Normal
0,1,3,6,12437.038609744595,1,0.0,7.455775711001575,0,0.0,0.0,0.0,Normal
0,1,11,6,4254.781904422083,1,0.0,9.421532641525728,0,0.0,0.0,0.0,Normal
0,1,9,7,92.54310836779935,3,0.0,4.148671309332974,0,0.0,0.0,0.0,Normal
0,2,58,27,222930.3781678141,7,1.0,44.92820664093172,1,1.0,1.0,1.0,Lateral Movement
0,1,19,14,10062.248517218424,2,0.0,26.98143847904317,0,1.0,0.0,0.0,Privilege Escalation
0,1,3,3,1147.4123331353032,2,0.0,1.4125031591384043,0,0.0,0.0,0.0,Normal
0,1,8,4,6820.995623925525,3,0.0,6.756799977422832,0,0.0,0.0,0.0,Normal
0,1,13,1,3293.7827925205033,3,0.0,5.345843091006192,0,0.0,0.0,0.0,Normal
0,1,12,9,1514.2314195431222,3,0.0,4.359744799154294,0,0.0,0.0,0.0,Normal
1,1,1,2,1221.6052751661798,1,0.0,4.661220507709428,0,0.0,0.0,0.0,Normal
0,1,1,2,6436.487024597637,3,0.0,4.69526768892045,0,0.0,0.0,0.0,Normal
0,1,11,5,484.8838820041177,1,0.0,5.000580658623737,0,0.0,0.0,0.0,Normal
29,1,48,56,3739.779224266408,2,1.0,79.7933268445737,0,0.0,1.0,0.0,Brute Force
0,1,13,8,3286.5438830178846,3,0.0,3.031576916167521,0,0.0,0.0,0.0,Normal
0,1,42,31,42943249.122786656,3,1.0,10.452523430932516,1,0.0,0.0,1.0,Data Exfiltration
32,1,32,33,1451.7928098455059,1,0.0,46.834064730293534,1,0.0,0.0,0.0,Brute Force
1,1,3,2,914.4030690675892,3,0.0,7.388208388622264,0,0.0,0.0,0.0,Normal
0,1,2,4,7264.773019618581,3,0.0,1.3358679721755797,1,0.0,0.0,0.0,Normal
0,1,4,5,920.1586035729539,3,0.0,1.3368877970776314,0,0.0,0.0,0.0,Normal
1,1,14,3,14146.531361063164,1,0.0,1.7697206581849723,0,0.0,0.0,0.0,Normal
1,1,14,10,17338.28826007864,1,0.0,15.466704759521136,1,1.0,1.0,1.0,Privilege Escalation
0,2,11,6,3177.1135814249897,1,0.0,3.2535938247907628,0,0.0,0.0,1.0,Normal
1,2,41,39,21963236.715696312,2,1.0,12.409619874286815,1,0.0,1.0,1.0,Data Exfiltration
0,1,13,7,13263.826378028301,2,1.0,10.461196789421766,1,1.0,1.0,0.0,Privilege Escalation
40,2,71,31,2541.5352881350473,1,1.0,108.54954529980786,1,0.0,0.0,0.0,Brute Force
0,2,53,21,28832.182945562658,5,1.0,22.241459515606955,1,1.0,1.0,0.0,Lateral Movement
0,1,12,7,3921.8622281198977,1,0.0,8.953826755046396,0,0.0,0.0,0.0,Normal
0,1,1,5,4086.664658310077,2,0.0,3.657054245999174,0,0.0,0.0,0.0,Normal
0,1,9,4,10014.718964581916,1,0.0,5.398175756135326,0,0.0,0.0,0.0,Normal
1,1,19,13,4458.4461549202915,1,0.0,16.431180542767358,1,1.0,1.0,0.0,Privilege Escalation
0,1,40,16,84993295.89748259,3,0.0,17.2243845002823,1,1.0,1.0,1.0,Data Exfiltration
18,2,22,52,701.3549957022803,1,0.0,39.18549931674808,0,0.0,0.0,0.0,Brute Force
42,1,31,59,1850.7498070260738,1,1.0,101.40775744697697,1,0.0,1.0,0.0,Brute Force
0,1,10,5,3332.0064278751333,3,0.0,6.714583416750603,1,0.0,0.0,0.0,Normal
0,1,1,5,172.80878574586686,3,0.0,9.767570577928272,1,0.0,0.0,0.0,Normal
0,1,11,3,1018.3291252055611,1,0.0,2.824193823205219,0,0.0,0.0,1.0,Normal
0,1,13,9,625.5468827232033,1,0.0,6.451076999558548,0,0.0,0.0,0.0,Normal
1,1,13,9,4415.119880138714,1,0.0,19.866638140328,1,1.0,1.0,1.0,Privilege Escalation
0,1,9,5,4583.728480702584,3,0.0,7.116768594997057,0,0.0,0.0,0.0,Normal
1,1,15,13,1969.7215075959243,2,1.0,18.427133146353665,0,1.0,0.0,0.0,Privilege Escalation
0,1,9,1,58.19838869622602,2,0.0,2.558035233359604,0,0.0,0.0,0.0,Normal
0,1,9,3,4904.405660695179,3,0.0,4.894757821998996,0,0.0,0.0,0.0,Normal
0,1,13,7,370.66268094319696,1,0.0,9.145239376988785,0,0.0,0.0,0.0,Normal
0,1,7,7,1259.9553710654832,3,0.0,1.3996221904542732,0,0.0,0.0,0.0,Normal
18,2,75,15,746.9528434289847,1,1.0,67.05995615061215,1,0.0,0.0,0.0,Brute Force
0,1,3,7,10493.102255730908,1,0.0,7.979671724714285,0,0.0,0.0,0.0,Normal
0,1,10,1,67.56908402748203,2,0.0,8.586606054116038,0,0.0,0.0,0.0,Normal
0,1,45,13,103047948.68872902,2,1.0,15.19771998358923,1,0.0,1.0,1.0,Data Exfiltration
0,1,2,3,13428.439781355404,2,0.0,6.3738821404934,0,0.0,0.0,0.0,Normal
0,2,14,4,3925.615162288374,2,0.0,3.5284369450799686,0,0.0,0.0,0.0,Normal
0,1,13,3,5628.887751863334,2,0.0,3.80169795537108,0,0.0,0.0,0.0,Normal
0,1,2,6,2301.289104721676,2,0.0,6.812513667252068,0,0.0,0.0,0.0,Normal
15,1,52,12,2713.923056164945,1,0.0,79.1456246967412,0,0.0,0.0,0.0,Brute Force
0,4,55,19,346487.8010098993,8,0.0,52.69693858773572,1,1.0,1.0,1.0,Lateral Movement
0,1,9,9,3618.901873338326,1,0.0,1.6530073788624953,0,0.0,0.0,0.0,Normal
0,1,2,3,8599.323814673424,2,0.0,1.5998661741523672,0,0.0,0.0,0.0,Normal
2,1,45,33,81613751.40297143,4,0.0,45.2554158595128,1,0.0,1.0,1.0,Data Exfiltration
0,1,1,3,16599.40303508732,3,0.0,4.688926156025508,0,0.0,0.0,0.0,Normal
0,1,9,2,5914.607036690677,1,0.0,7.065531264957328,0,0.0,0.0,0.0,Normal
0,1,4,1,13830.123412336432,1,0.0,3.6044029078473505,0,0.0,0.0,0.0,Normal
0,1,14,3,97.18318702261669,3,0.0,4.592185321600279,0,0.0,0.0,1.0,Normal
0,1,7,4,2760.37138679632,1,0.0,5.978651430319566,1,0.0,0.0,0.0,Normal
0,1,1,9,9526.008955900683,1,0.0,7.9566104111563805,0,0.0,0.0,0.0,Normal
0,1,19,33,115428779.6660073,1,0.0,44.08600334448639,0,1.0,0.0,1.0,Data Exfiltration
0,1,17,32,114240643.66602717,4,1.0,13.975605921997921,1,0.0,0.0,1.0,Data Exfiltration
1,5,68,47,13595.380074373767,10,1.0,23.985579810181854,1,1.0,1.0,0.0,Lateral Movement
0,1,8,9,1038.8798769786326,1,0.0,1.5660843184617326,0,0.0,0.0,1.0,Normal
0,1,7,3,5065.963535460407,1,0.0,7.087572878443656,0,0.0,0.0,0.0,Normal
0,1,13,1,3225.750817137783,3,0.0,6.313633530885156,0,0.0,0.0,0.0,Normal
23,1,97,15,2720.733868379447,2,0.0,55.21981382496334,0,0.0,0.0,0.0,Brute Force
16,1,48,12,2750.2942420874424,1,1.0,42.8135019406515,1,0.0,1.0,0.0,Brute Force
34,2,76,20,606.4101537752722,1,0.0,110.44263228487448,0,0.0,0.0,0.0,Brute Force
36,1,50,49,1754.8276258099609,1,1.0,50.11232931080205,1,0.0,1.0,0.0,Brute Force
1,1,13,9,3669.8263341571237,1,0.0,6.6346956195051865,0,0.0,0.0,0.0,Normal
0,1,36,23,140982406.09970582,4,0.0,42.90592707378162,1,0.0,0.0,1.0,Data Exfiltration
0,1,36,10,138441935.3067892,1,0.0,30.121829382111827,1,1.0,1.0,1.0,Data Exfiltration
0,1,12,7,5376.228887211671,3,0.0,7.870051479184388,1,0.0,0.0,0.0,Normal
0,1,2,5,11011.290245964805,3,0.0,3.7125853967546423,0,0.0,0.0,0.0,Normal
0,1,3,4,1788.2990554282458,1,0.0,9.556192613256655,0,0.0,0.0,0.0,Normal
1,1,1,7,10979.715208093956,1,0.0,9.601017959650989,1,0.0,0.0,0.0,Normal
0,1,13,1,74.90312843768618,2,0.0,4.97616841398345,0,0.0,0.0,0.0,Normal
0,1,4,5,7715.744292093484,3,0.0,5.565455599809163,0,1.0,0.0,0.0,Normal
26,1,72,16,2465.351755690549,1,1.0,32.427715787027765,0,0.0,0.0,0.0,Brute Force
0,1,1,6,8364.446601427026,2,0.0,6.8745109560010595,0,0.0,0.0,0.0,Normal
0,1,20,3,5568.356877815485,2,1.0,21.32131111421281,1,1.0,1.0,0.0,Privilege Escalation
0,2,11,2,4606.3630372618045,2,0.0,8.50002058454728,0,0.0,0.0,0.0,Normal
31,1,37,48,2933.721487779173,1,0.0,56.19944149744575,1,0.0,0.0,0.0,Brute Force
0,5,29,31,101060.32437964226,10,0.0,31.079816673993182,0,1.0,1.0,0.0,Lateral Movement
0,1,6,6,6559.1267837569785,3,0.0,2.6154516451838328,0,0.0,0.0,0.0,Normal
14,1,94,39,1284.1834421132253,1,0.0,87.43254590719376,0,0.0,1.0,0.0,Brute Force
0,1,9,8,2597.2945177016904,2,0.0,8.851687091892607,0,0.0,0.0,0.0,Normal
0,1,8,4,8286.391892938369,3,0.0,9.892779910629038,0,0.0,0.0,0.0,Normal
0,1,10,1,437.85249182327783,3,0.0,4.61544327716849,0,0.0,0.0,0.0,Normal
0,1,1,3,3805.956030199809,1,0.0,1.0324579249581536,0,0.0,0.0,0.0,Normal
0,1,11,6,6555.900048124512,1,0.0,8.102625871953835,0,0.0,0.0,0.0,Normal
2,1,28,22,149880654.92462376,4,0.0,29.74523080518816,1,1.0,0.0,1.0,Data Exfiltration
18,1,91,55,2731.134705849453,1,1.0,62.7795340273452,0,0.0,0.0,0.0,Brute Force
1,1,6,5,609.6855739050606,2,0.0,8.910540123358558,0,0.0,0.0,0.0,Normal
0,1,6,6,2804.6336091435364,2,0.0,4.162535999600613,0,0.0,0.0,0.0,Normal
0,1,12,3,1530.4215222460168,1,0.0,3.8260713274616047,0,0.0,0.0,1.0,Normal
1,1,19,11,11522.709568191285,1,1.0,13.023057874134027,0,1.0,0.0,1.0,Privilege Escalation
0,1,8,3,5191.787087758067,3,0.0,6.747793840310985,1,0.0,0.0,0.0,Normal
0,1,1,7,2218.0897744350395,1,0.0,1.556752819449644,1,0.0,0.0,0.0,Normal
2,1,2,1,214.38355860624824,1,0.0,1.9598956266672156,0,0.0,0.0,0.0,Normal
0,1,10,7,5182.848955451151,2,0.0,9.428107513195947,0,0.0,0.0,0.0,Normal
42,1,93,21,1852.8978756048023,1,0.0,78.71926071819959,1,0.0,0.0,0.0,Brute Force
0,1,3,4,6155.201409102476,2,0.0,7.277696997472675,0,0.0,0.0,0.0,Normal
0,1,1,5,1852.0006084262986,3,0.0,6.723552074084603,0,1.0,0.0,0.0,Normal
0,1,51,19,104942808.27402927,1,1.0,18.448731750417412,1,0.0,0.0,1.0,Data Exfiltration
2,1,11,5,3097.42226981399,2,0.0,2.7827175750409108,0,0.0,0.0,0.0,Normal
0,1,14,4,1995.5076203084438,1,0.0,2.69768359104389,0,0.0,0.0,0.0,Normal
0,1,1,3,1411.1377672983406,1,0.0,9.689965971806172,0,0.0,0.0,0.0,Normal
0,1,1,1,4067.7527710244317,1,0.0,4.539553029935119,0,0.0,0.0,0.0,Normal
0,1,2,6,10003.369763111332,2,0.0,6.343263809342702,0,0.0,0.0,1.0,Normal
15,1,73,48,2249.723595939202,2,1.0,53.007800690964324,0,0.0,0.0,0.0,Brute Force
0,1,4,4,7976.5683002370315,1,0.0,5.844963963338407,0,0.0,0.0,0.0,Normal
0,1,5,2,11296.82300542524,2,0.0,7.529551165825851,0,0.0,0.0,0.0,Normal
0,1,1,9,972.7905941880114,2,0.0,4.371951695613704,0,0.0,0.0,0.0,Normal
0,1,1,3,5813.712336922116,1,0.0,4.344607093219909,0,0.0,0.0,0.0,Normal
0,1,10,4,85.33072607565717,1,0.0,7.827837334682025,0,0.0,0.0,1.0,Normal
0,1,2,7,5391.14769837998,3,0.0,1.4415296837163805,0,0.0,0.0,0.0,Normal
32,1,32,10,713.5969900134697,1,1.0,105.74357041203439,0,0.0,0.0,0.0,Brute Force
1,4,27,31,292152.6998956581,8,0.0,29.28069357944241,1,0.0,0.0,0.0,Lateral Movement
6,1,74,39,597.6843153841935,1,1.0,49.39441005368725,1,0.0,0.0,0.0,Brute Force
0,1,12,2,1500.3938778023075,2,0.0,9.088535022494767,0,0.0,0.0,0.0,Normal
1,1,2,7,612.4839767748948,2,0.0,9.335566396627785,0,0.0,0.0,0.0,Normal
0,1,12,2,3097.3499081295895,1,0.0,4.513059226107587,0,0.0,0.0,1.0,Normal
0,1,6,8,677.504774427181,2,0.0,9.380770121842259,0,0.0,0.0,0.0,Normal
1,1,7,2,4039.353593202102,3,0.0,7.702201194740024,0,0.0,0.0,0.0,Normal
0,1,5,5,2138.7848230496807,1,0.0,1.521987890113257,0,0.0,0.0,0.0,Normal
23,1,28,52,2441.1749319501405,1,1.0,88.63767168285067,1,0.0,0.0,0.0,Brute Force
1,2,13,8,173.187592510393,1,0.0,6.704852014468712,0,0.0,0.0,1.0,Normal
2,3,62,47,121597.20326566372,6,1.0,25.633553805830807,1,1.0,0.0,0.0,Lateral Movement
1,1,16,3,16779.460956952247,1,0.0,29.807204824304343,0,1.0,1.0,1.0,Privilege Escalation
2,1,11,3,1182.3528775565305,1,0.0,25.398104215981064,1,1.0,1.0,1.0,Privilege Escalation
0,1,14,4,1352.000814683507,3,0.0,5.639364184485631,0,0.0,0.0,0.0,Normal
0,2,49,22,51092887.38789801,2,0.0,38.650530471728466,1,0.0,1.0,1.0,Data Exfiltration
5,1,9,9,12965.234090940203,2,1.0,14.918850444828955,1,1.0,1.0,0.0,Privilege Escalation
0,1,11,3,1690.0554736956196,1,0.0,9.879748478322751,0,0.0,0.0,0.0,Normal
0,1,2,5,13029.16039848406,1,0.0,4.615385800720061,0,0.0,0.0,0.0,Normal
0,1,10,6,7403.790011481741,3,0.0,5.5520497010804455,1,0.0,0.0,0.0,Normal
0,1,10,7,3465.508557592575,1,0.0,1.697659388136872,0,0.0,0.0,0.0,Normal
19,2,58,21,1750.5831429281757,1,1.0,63.35412628628844,1,0.0,0.0,0.0,Brute Force
0,1,5,7,3485.9027623955403,2,0.0,9.359508688784132,0,0.0,0.0,0.0,Normal
30,1,90,56,2617.520019242398,2,1.0,80.2469790634174,0,0.0,0.0,0.0,Brute Force
1,1,22,5,17672.269014788446,2,0.0,19.926724625740214,1,1.0,0.0,0.0,Privilege Escalation
0,1,6,8,2955.5408913958536,2,0.0,1.49543166694793,0,0.0,0.0,0.0,Normal
9,2,77,22,1919.8866517574559,1,1.0,104.8475663395179,0,0.0,0.0,0.0,Brute Force
0,4,56,16,478219.4719906402,9,0.0,55.99818548923647,1,1.0,0.0,0.0,Lateral Movement
0,1,1,5,5512.695856278188,1,0.0,5.183753744166164,0,0.0,0.0,0.0,Normal
2,1,1,3,76.65000757419864,1,0.0,8.423216122907505,0,0.0,0.0,0.0,Normal
3,2,33,43,264440.91238708975,5,0.0,21.756120594738746,1,1.0,1.0,1.0,Lateral Movement
0,1,14,5,301.7377006755892,1,0.0,3.2812241024409707,0,0.0,0.0,0.0,Normal
0,1,2,7,4310.9433553688705,3,0.0,3.618779551739789,0,0.0,0.0,0.0,Normal
0,1,7,8,1736.1419458649607,3,0.0,2.005550446204562,0,0.0,0.0,0.0,Normal
1,1,6,4,387.9790939083845,3,0.0,1.669561171877664,0,0.0,0.0,0.0,Normal
1,1,5,7,7062.317201084557,1,1.0,14.667541538920634,0,1.0,1.0,0.0,Privilege Escalation
1,1,14,13,1606.2876382520071,1,1.0,19.707722120770672,1,1.0,1.0,0.0,Privilege Escalation
1,2,65,26,298412.4169596701,11,1.0,36.38893110230153,1,0.0,1.0,0.0,Lateral Movement
1,1,7,3,2057.8648502568203,3,0.0,3.5695940386560308,0,0.0,0.0,0.0,Normal
43,2,25,33,3088.638105902688,1,1.0,36.61984258423421,0,0.0,1.0,0.0,Brute Force
0,1,12,4,7940.992498230753,1,0.0,4.756063016440001,1,0.0,0.0,0.0,Normal
0,5,62,44,282971.658737304,8,1.0,47.8379602756451,0,1.0,1.0,1.0,Lateral Movement
0,2,2,8,5384.923235700137,3,0.0,5.011764587375083,0,0.0,0.0,0.0,Normal
0,1,9,9,8332.847403176202,1,0.0,8.472091282607536,0,0.0,0.0,0.0,Normal
0,1,7,2,4879.313643220463,2,0.0,1.1992595773048427,0,0.0,0.0,0.0,Normal
0,1,13,3,12783.23430904851,3,0.0,2.5128770298994887,0,0.0,0.0,0.0,Normal
1,1,22,27,97450832.01463494,3,0.0,17.27265913196911,1,0.0,0.0,1.0,Data Exfiltration
0,1,5,6,8316.029676124454,2,0.0,7.0504616548154955,0,0.0,0.0,0.0,Normal
0,1,7,1,2798.0193002984815,2,0.0,6.910580856011158,0,0.0,0.0,0.0,Normal
0,1,14,6,10176.275426804941,1,0.0,1.3585518175425373,1,0.0,0.0,0.0,Normal
0,1,11,6,255.36266319508846,1,0.0,5.4944249108871235,0,0.0,0.0,0.0,Normal
0,1,52,17,136054782.00033498,4,0.0,15.552858945427968,1,0.0,1.0,1.0,Data Exfiltration
0,1,25,19,121158522.60447243,2,0.0,12.15171774910936,1,0.0,1.0,1.0,Data Exfiltration
1,2,1,4,8072.459391103553,3,0.0,7.188241990669187,1,1.0,0.0,0.0,Normal
2,4,54,29,373594.3407118935,11,0.0,30.93265179130397,1,0.0,1.0,0.0,Lateral Movement
0,5,34,42,243207.55347869653,8,1.0,41.209064899355404,1,1.0,0.0,1.0,Lateral Movement
1,1,13,6,10503.892688370424,1,0.0,8.865313114473196,0,0.0,0.0,0.0,Normal
0,5,34,27,412136.2191408692,10,0.0,30.08034774059273,1,0.0,1.0,0.0,Lateral Movement
0,1,10,5,120.31965056027121,3,0.0,5.60400576867381,0,0.0,0.0,0.0,Normal
0,1,6,9,5560.197635197628,2,0.0,1.088949589979153,0,0.0,0.0,0.0,Normal
1,1,7,9,3641.6626186956087,2,0.0,9.017718530569415,0,0.0,0.0,0.0,Normal
0,1,6,3,93.66351561614383,1,0.0,4.675697090633733,0,0.0,0.0,0.0,Normal
1,1,18,4,9699.813141460127,1,0.0,24.98167610064309,1,1.0,1.0,0.0,Privilege Escalation
0,1,9,5,10270.731739718078,1,0.0,9.058633521024301,0,0.0,0.0,0.0,Normal
0,1,10,4,1951.5647298488493,1,0.0,21.207008126144252,1,1.0,0.0,0.0,Privilege Escalation
1,4,55,32,20633.56060626299,10,1.0,45.598666338569984,0,1.0,1.0,0.0,Lateral Movement
0,1,12,8,4667.945037852995,1,0.0,6.699551622757192,0,0.0,0.0,0.0,Normal
0,1,6,6,11376.957330385929,3,0.0,6.292492892621341,0,0.0,0.0,0.0,Normal
0,1,27,37,116123974.36691882,3,0.0,36.76428531229636,1,1.0,0.0,1.0,Data Exfiltration
17,1,75,39,2164.9500743942235,1,0.0,82.7309073675936,1,0.0,1.0,0.0,Brute Force
0,1,55,38,115164965.22625461,4,0.0,37.139597737680475,1,0.0,1.0,1.0,Data Exfiltration
0,1,6,6,2328.3026254348283,1,0.0,9.30204723865273,0,0.0,0.0,0.0,Normal
1,1,12,1,7576.536024225007,2,0.0,9.376372105195005,0,0.0,0.0,1.0,Normal
22,2,67,52,1279.1451933074609,1,1.0,70.55823278260331,1,0.0,1.0,0.0,Brute Force
1,1,14,7,15904.331682986702,3,0.0,4.59262688490002,0,0.0,0.0,0.0,Normal
1,1,14,5,1675.0872203539286,2,0.0,8.923326636332064,0,0.0,0.0,0.0,Normal
1,1,8,4,1170.0172038958854,2,0.0,11.074479855326452,1,1.0,1.0,0.0,Privilege Escalation
0,2,2,4,563.3775839595445,2,0.0,2.406854992593141,0,0.0,0.0,0.0,Normal
0,2,13,5,2989.444210666692,2,0.0,2.255504243165143,0,0.0,0.0,0.0,Normal
1,1,11,3,19446.36866865838,1,0.0,28.68188838381396,1,1.0,0.0,0.0,Privilege Escalation
0,1,1,7,5301.318279068158,1,0.0,3.7196695899947514,0,0.0,0.0,0.0,Normal
0,1,11,4,1095.6962312268338,2,0.0,4.227810385613723,0,0.0,0.0,0.0,Normal
2,4,39,49,366728.6362994464,7,0.0,52.41762236592134,1,1.0,1.0,0.0,Lateral Movement
2,2,34,38,96938611.70290115,1,0.0,10.345542252504224,1,0.0,0.0,1.0,Data Exfiltration
1,1,5,8,3097.6859063385514,1,0.0,2.3677001815794467,0,0.0,0.0,0.0,Normal
0,1,14,2,654.590872733507,2,0.0,2.7116032197159328,0,0.0,0.0,0.0,Normal
1,1,1,5,2139.0932682452426,2,0.0,1.6524873460454907,0,0.0,0.0,0.0,Normal
15,1,92,38,1938.1930259649873,1,0.0,84.12304591317027,1,0.0,0.0,0.0,Brute Force
0,1,8,5,4148.310997288378,3,0.0,1.5911275209185556,0,0.0,0.0,0.0,Normal
1,1,28,10,8203524.952036411,4,1.0,16.502297593826093,1,1.0,1.0,1.0,Data Exfiltration
0,1,3,7,60.67930192265668,1,0.0,7.486032909242189,0,0.0,0.0,0.0,Normal
0,1,8,7,347.8092956792076,3,0.0,7.028083028596769,0,0.0,0.0,0.0,Normal
2,4,37,19,400103.7445637707,8,0.0,34.44931521947262,0,0.0,0.0,0.0,Lateral Movement
21,2,36,43,3939.1621382000153,1,0.0,75.8576501967745,1,0.0,0.0,0.0,Brute Force
1,5,60,39,206532.13219673693,4,1.0,59.4261545954452,1,1.0,1.0,0.0,Lateral Movement
0,1,10,6,448.26185716114503,3,0.0,2.3856159317665795,0,0.0,0.0,0.0,Normal
0,1,17,33,76511258.2623216,4,0.0,16.912954139878327,1,1.0,1.0,1.0,Data Exfiltration
0,1,4,3,10.932415592833124,1,0.0,9.422883724654897,1,0.0,0.0,1.0,Normal
1,2,1,6,732.3711783072495,3,0.0,3.080177772453983,0,0.0,0.0,0.0,Normal
0,1,2,1,757.0066504645537,3,0.0,9.048544468153104,0,0.0,0.0,0.0,Normal
1,1,38,25,131083235.37695853,1,0.0,34.383464857109416,0,1.0,0.0,1.0,Data Exfiltration
0,1,14,4,2915.6205422234334,3,0.0,3.0893399212892465,0,0.0,0.0,0.0,Normal
0,4,42,38,57101.4112836462,8,1.0,38.40679612486315,0,1.0,0.0,0.0,Lateral Movement
0,1,7,9,1692.1345051609821,2,0.0,7.909732823917905,0,0.0,0.0,0.0,Normal
2,3,53,20,438700.18371282093,11,1.0,35.992424289421194,0,0.0,1.0,1.0,Lateral Movement
45,1,66,42,1268.358569354668,1,0.0,103.75200763449796,1,0.0,1.0,0.0,Brute Force
1,1,10,4,243.93076563277765,1,0.0,1.8035296865123445,0,0.0,0.0,0.0,Normal
0,1,12,7,3259.9679680500653,2,0.0,2.4324826427978854,0,0.0,0.0,0.0,Normal
0,2,7,4,2552.732141641697,1,0.0,4.586432448457781,0,0.0,0.0,0.0,Normal
0,2,4,1,8249.524968538382,3,0.0,4.692682961481766,1,0.0,0.0,0.0,Normal
0,1,17,8,18740.98853468348,1,0.0,22.028443812360745,1,1.0,0.0,1.0,Privilege Escalation
46,1,78,38,3088.447312847565,2,1.0,53.81395087347452,1,0.0,0.0,0.0,Brute Force
2,5,31,19,325205.18235656444,5,1.0,52.32299673862641,1,0.0,1.0,0.0,Lateral Movement
1,1,12,3,36808.89390794712,1,0.0,2.4333552490698493,0,0.0,0.0,1.0,Normal
0,1,7,8,3885.843260754263,3,0.0,8.833229481601222,0,0.0,0.0,0.0,Normal
28,1,54,53,2027.3764080044468,1,1.0,54.87427389956417,1,0.0,0.0,0.0,Brute Force
0,1,10,4,11549.348312004364,3,0.0,8.956771269188154,0,0.0,0.0,0.0,Normal
0,1,11,2,13734.315760236728,1,0.0,4.731851600156835,0,0.0,0.0,0.0,Normal
0,1,4,9,3256.0328909286436,2,0.0,4.553798708298629,0,0.0,0.0,0.0,Normal
1,2,42,36,233070.59242761615,8,1.0,34.541901898067294,0,1.0,0.0,0.0,Lateral Movement
0,1,3,3,13471.143015913096,3,0.0,5.805210686850461,0,0.0,0.0,0.0,Normal
1,1,9,7,1269.1009043387335,2,0.0,6.82462431569837,0,1.0,1.0,1.0,Privilege Escalation
0,1,11,5,13387.249271764222,2,1.0,23.830010108169905,1,1.0,1.0,1.0,Privilege Escalation
0,2,9,8,4503.941987095581,3,0.0,5.689918128650457,0,0.0,0.0,0.0,Normal
1,1,13,1,12472.132413189081,1,0.0,4.570758332196416,0,0.0,0.0,0.0,Normal
0,1,13,7,4434.936488875546,3,0.0,2.9182339387580956,0,0.0,0.0,0.0,Normal
1,1,8,5,3647.4514367272272,1,0.0,7.021099222565848,0,0.0,0.0,0.0,Normal
0,2,8,6,7164.596322999314,2,0.0,3.0612257136262206,0,0.0,0.0,0.0,Normal
0,1,2,3,1698.236614914407,1,0.0,9.93716811291081,1,0.0,0.0,0.0,Normal
1,1,8,2,3867.2696288621614,2,0.0,7.205888652918382,0,0.0,0.0,0.0,Normal
1,2,1,3,17698.04558075225,3,0.0,6.937455903759336,0,1.0,0.0,0.0,Normal
3,1,5,8,12986.499392605176,2,0.0,12.474269729639087,1,1.0,0.0,1.0,Privilege Escalation
1,1,3,9,279.4993283447393,1,0.0,6.5354270371236485,0,0.0,0.0,0.0,Normal
0,1,14,8,4374.547884136042,3,0.0,6.779204157647042,0,0.0,0.0,0.0,Normal
0,1,14,3,8087.493482507985,1,0.0,9.549323415226493,1,0.0,0.0,0.0,Normal
0,1,12,1,493.083006552448,3,0.0,7.096378120567111,0,0.0,0.0,0.0,Normal
1,1,14,3,17048.879208380855,1,0.0,9.765551868919848,0,0.0,0.0,0.0,Normal
10,1,37,31,2684.4835539733563,1,1.0,63.98858557552746,0,0.0,0.0,0.0,Brute Force
0,1,5,5,3106.5512346167475,3,0.0,2.8255671467261223,0,0.0,0.0,0.0,Normal
0,1,23,11,13021.079523475126,1,1.0,11.688321209615331,1,1.0,0.0,0.0,Privilege Escalation
2,5,48,42,444374.88178309717,5,0.0,50.827550873175596,1,1.0,0.0,0.0,Lateral Movement
0,1,6,1,9672.76556367672,3,0.0,2.2136172626685147,1,0.0,0.0,0.0,Normal
45,3,53,23,3337.83463768865,1,1.0,32.73364908944134,1,0.0,0.0,0.0,Brute Force
1,4,50,18,144761.18726178966,7,1.0,21.222905715888153,1,0.0,1.0,0.0,Lateral Movement
1,1,22,5,8823.201432515782,1,1.0,15.874902796280223,1,1.0,0.0,1.0,Privilege Escalation
0,1,10,2,14011.943064926234,2,0.0,5.8506590742077895,0,0.0,0.0,0.0,Normal
0,1,6,4,2615.6010490812832,3,0.0,3.2453522787770375,0,0.0,0.0,0.0,Normal
0,2,13,3,4057.857595474703,3,0.0,2.4160393522004293,0,0.0,0.0,0.0,Normal
37,1,51,25,1897.7958902297548,1,1.0,46.435027131853104,1,0.0,0.0,0.0,Brute Force
0,1,6,2,6075.258190695741,3,0.0,9.847136406252334,0,0.0,0.0,0.0,Normal
1,1,10,7,5393.5524167733665,3,0.0,7.85337117697088,0,0.0,0.0,0.0,Normal
0,1,21,24,30348966.390051134,3,0.0,39.72654688377918,1,0.0,1.0,1.0,Data Exfiltration
0,3,22,29,172699.63462452652,7,1.0,50.59922388828135,0,1.0,0.0,0.0,Lateral Movement
0,1,3,5,3168.0114440911666,3,0.0,3.9763250955937988,0,0.0,0.0,0.0,Normal
0,1,10,3,1982.3770997735357,2,0.0,4.117462453334706,0,0.0,0.0,0.0,Normal
0,1,23,26,142036451.67903462,2,0.0,34.790312028976885,1,1.0,1.0,1.0,Data Exfiltration
0,1,7,9,3566.9471956248794,2,0.0,8.86234773962461,0,0.0,0.0,0.0,Normal
0,1,10,5,112.02887275245146,3,0.0,8.98095257688184,0,0.0,0.0,0.0,Normal
0,1,8,3,5787.085218746234,1,0.0,4.207370646639209,0,0.0,0.0,0.0,Normal
0,2,5,10,1417.8870119222097,1,0.0,6.806651721604349,1,1.0,0.0,0.0,Privilege Escalation
0,1,5,1,961.5322841907921,1,0.0,7.648732261320605,0,0.0,0.0,0.0,Normal
0,1,1,1,7021.710735301739,2,0.0,5.974016825736795,0,0.0,0.0,0.0,Normal
1,1,2,7,6233.3927407229,3,0.0,1.2934159484630279,0,0.0,0.0,1.0,Normal
0,1,3,9,12658.249490274473,2,0.0,9.177342291247383,0,0.0,0.0,0.0,Normal
0,1,4,6,7617.087149287182,1,0.0,1.0303564919549997,1,0.0,0.0,0.0,Normal
0,2,13,1,3089.4636492881896,1,0.0,9.188238960551715,0,0.0,0.0,0.0,Normal
1,4,37,25,341410.7069451185,11,0.0,15.964131697568735,1,0.0,0.0,1.0,Lateral Movement
0,1,7,1,12378.186797716295,1,0.0,6.925829897774037,1,0.0,0.0,0.0,Normal
0,2,13,2,378.5609707570601,3,0.0,8.589724076835918,0,0.0,0.0,0.0,Normal
0,2,43,23,120027.91712542236,9,0.0,16.903583748265767,0,1.0,1.0,1.0,Lateral Movement
0,1,7,7,2528.625454672401,2,0.0,4.126105386460155,0,0.0,0.0,0.0,Normal
19,2,47,10,698.7325873970741,1,1.0,55.86740553725581,1,0.0,1.0,0.0,Brute Force
0,1,11,9,1780.465962981572,3,0.0,3.321737556929187,0,0.0,0.0,0.0,Normal
0,1,7,7,1568.146087011262,2,0.0,7.363304992304529,0,0.0,0.0,0.0,Normal
0,1,10,6,4743.063158531958,1,0.0,6.917260016724633,0,0.0,0.0,0.0,Normal
30,1,81,39,1239.4850347456247,2,1.0,69.35290506147828,1,0.0,0.0,0.0,Brute Force
0,1,5,7,8346.716406928601,2,1.0,12.085989817151436,0,1.0,1.0,1.0,Privilege Escalation
0,1,12,6,1113.752056570459,3,0.0,5.861050384265381,0,0.0,0.0,0.0,Normal
0,1,3,2,7325.615817826565,3,0.0,1.4491352881980841,0,0.0,0.0,0.0,Normal
1,1,3,8,3007.660673762222,2,0.0,1.8427449470271102,0,0.0,0.0,0.0,Normal
0,1,10,6,3279.43790528779,1,0.0,8.28727243354529,0,0.0,0.0,0.0,Normal
0,2,12,7,563.1098428286774,3,0.0,8.77686331690549,0,0.0,0.0,0.0,Normal
0,5,39,22,181069.78122612776,9,1.0,32.24136394297957,1,1.0,1.0,0.0,Lateral Movement
28,2,61,28,2933.8248690209443,2,1.0,96.60067614955005,1,0.0,0.0,0.0,Brute Force
44,1,34,19,2292.7998387793646,2,0.0,62.590096288278595,1,0.0,0.0,0.0,Brute Force
0,1,8,6,11074.0962089457,1,0.0,3.0647079211114567,0,0.0,0.0,0.0,Normal
0,1,6,4,4539.646498827563,2,0.0,4.625791652350936,0,0.0,0.0,0.0,Normal
0,1,41,34,10029504.104921756,1,0.0,47.06922100473601,0,1.0,1.0,1.0,Data Exfiltration
0,1,9,5,5607.840591581168,3,0.0,6.747154639350692,0,0.0,0.0,0.0,Normal
1,1,13,3,18010.4882699737,2,1.0,15.615746144397198,1,1.0,0.0,1.0,Privilege Escalation
0,1,9,6,2768.573275867013,3,0.0,5.948247334354253,0,0.0,0.0,0.0,Normal
1,1,8,4,255.45540355700146,1,0.0,5.886895633717649,0,0.0,0.0,0.0,Normal
1,1,16,3,3988.217755984593,2,1.0,10.737914043272763,0,1.0,0.0,0.0,Privilege Escalation
0,1,8,1,2651.4336081087063,2,0.0,9.206167588825446,0,0.0,0.0,0.0,Normal
0,1,5,3,885.3124849699943,1,0.0,6.50124435550354,0,0.0,0.0,0.0,Normal
13,2,71,16,551.3773227370734,2,1.0,111.21712487211454,1,0.0,1.0,0.0,Brute Force
0,1,32,24,66958849.40622026,2,1.0,48.5049784094804,1,1.0,0.0,1.0,Data Exfiltration
0,1,3,7,10999.497250944321,1,0.0,2.569494396246557,0,0.0,0.0,0.0,Normal
23,2,61,36,538.3158084097912,1,1.0,45.073477737861666,0,0.0,1.0,0.0,Brute Force
0,1,10,3,2089.007780812044,3,0.0,8.249263612118423,0,0.0,0.0,0.0,Normal
0,2,59,32,106234946.45657468,2,0.0,34.701064520885865,1,1.0,1.0,1.0,Data Exfiltration
32,1,35,39,2998.555658459633,1,1.0,77.92321861745296,0,0.0,0.0,0.0,Brute Force
0,1,11,5,30.509448179406952,1,0.0,2.588511002662501,0,0.0,0.0,0.0,Normal
0,1,1,6,4877.190890866291,1,0.0,8.338865446104116,0,0.0,0.0,0.0,Normal
0,1,10,7,8060.084290249299,1,0.0,8.940141656122435,0,0.0,0.0,0.0,Normal
1,1,11,4,2924.6056496363935,1,0.0,7.683685721318291,0,0.0,0.0,0.0,Normal
0,1,3,4,3599.905785160276,3,0.0,9.194244635541557,0,0.0,0.0,0.0,Normal
2,1,10,8,6063.9817127216165,1,0.0,8.47770699957385,0,1.0,1.0,1.0,Privilege Escalation
0,1,5,8,415.03796473532486,1,0.0,4.978546393548007,0,0.0,0.0,0.0,Normal
2,1,27,27,84385309.61636947,2,0.0,19.93379308120543,1,0.0,1.0,1.0,Data Exfiltration
0,1,6,1,1411.765483966172,3,0.0,5.795423751813492,0,0.0,0.0,0.0,Normal
0,1,9,9,12931.972837914082,1,0.0,3.404660654536169,0,0.0,0.0,0.0,Normal
0,2,2,4,4536.474311614394,1,0.0,1.266342432039422,0,0.0,0.0,0.0,Normal
0,1,11,9,242.79348893782065,1,0.0,7.457262483397703,0,0.0,0.0,1.0,Normal
1,1,14,1,4527.751039587392,3,0.0,4.993618263027441,0,0.0,0.0,0.0,Normal
0,2,62,35,392298.7842921244,7,1.0,53.19662615061181,1,1.0,1.0,0.0,Lateral Movement
0,1,13,7,3946.7421975043226,2,0.0,9.853226725754588,0,0.0,0.0,0.0,Normal
4,5,38,22,118549.04755344648,5,1.0,33.1713546424428,0,1.0,0.0,0.0,Lateral Movement
1,1,2,3,6506.718510380537,2,0.0,4.654395181892117,0,0.0,0.0,0.0,Normal
0,1,4,2,292.92263626966275,3,0.0,9.926182630411896,1,0.0,0.0,0.0,Normal
1,1,30,25,142611337.78540713,1,1.0,15.554515806379886,0,0.0,0.0,1.0,Data Exfiltration
0,1,1,3,6435.371378352339,2,0.0,8.169318427578798,0,0.0,0.0,0.0,Normal
2,3,53,24,478237.69516731077,11,1.0,33.193869716775254,0,1.0,1.0,1.0,Lateral Movement
0,1,1,3,768.9985404123865,1,0.0,6.700873061006395,0,0.0,0.0,0.0,Normal
0,1,12,8,972.5184980246389,1,0.0,9.67758635018036,0,0.0,0.0,0.0,Normal
0,1,11,2,440.28974102092695,3,0.0,4.295771477140137,0,0.0,0.0,0.0,Normal
0,1,11,5,4417.10108943331,1,0.0,2.1979138473875266,0,0.0,0.0,0.0,Normal
0,1,13,6,6805.642056041831,1,0.0,9.445034823593131,0,0.0,0.0,0.0,Normal
1,1,4,7,5143.54485356789,3,0.0,3.528795104915621,0,0.0,0.0,0.0,Normal
0,1,5,7,1564.8453496119969,1,0.0,4.4853563104587,0,0.0,0.0,0.0,Normal
0,1,8,2,7875.379512722553,1,0.0,2.290151386483493,0,0.0,0.0,0.0,Normal
1,2,44,28,98007.53594922584,8,1.0,52.605051302270525,1,1.0,0.0,0.0,Lateral Movement
28,1,75,49,2636.3551317043907,2,1.0,64.86102584721974,0,0.0,0.0,0.0,Brute Force
1,1,45,11,82556898.34708302,4,0.0,32.114394967261845,1,0.0,1.0,1.0,Data Exfiltration
0,1,9,7,8990.231861960383,2,0.0,1.31250581284287,0,0.0,0.0,0.0,Normal
1,1,18,7,8664.941554303601,2,1.0,19.683593782652785,0,1.0,1.0,1.0,Privilege Escalation
0,1,54,18,96736397.01515108,3,0.0,20.511362846542333,1,0.0,1.0,1.0,Data Exfiltration
0,1,54,13,9164109.063665548,3,0.0,47.123531832565,1,0.0,0.0,1.0,Data Exfiltration
0,1,44,39,26666580.23116745,2,0.0,17.37278542554843,1,0.0,0.0,1.0,Data Exfiltration
0,1,11,1,709.7223093859903,1,0.0,4.482574336789838,0,0.0,0.0,0.0,Normal
5,5,22,25,107755.58016243382,8,0.0,58.416953090552745,0,0.0,0.0,1.0,Lateral Movement
0,1,10,8,122.14372783102175,2,0.0,8.84848088241544,0,0.0,0.0,0.0,Normal
0,1,1,5,7925.8601412323205,2,0.0,8.069422898928417,0,0.0,0.0,0.0,Normal
1,1,2,7,11034.725071572957,1,0.0,2.655194186111184,0,0.0,0.0,0.0,Normal
1,1,10,5,196.90997997700305,2,0.0,1.5610733911850265,0,0.0,0.0,0.0,Normal
0,2,9,13,5395.595808127252,2,1.0,11.873882129963185,1,1.0,1.0,1.0,Privilege Escalation
1,3,55,17,284109.91895751253,8,1.0,55.31668430347601,1,0.0,1.0,0.0,Lateral Movement
0,1,2,7,1356.5127623220042,2,0.0,8.08112890776388,0,0.0,0.0,0.0,Normal
2,4,46,36,144549.27466769874,6,1.0,57.54272282458977,0,0.0,1.0,0.0,Lateral Movement
1,1,44,13,86124609.37370482,2,0.0,23.655911001573013,1,1.0,0.0,1.0,Data Exfiltration
0,2,10,9,3116.5605200035075,1,0.0,4.771525587967858,1,0.0,0.0,0.0,Normal
1,1,2,7,909.4784386997668,2,0.0,6.883480834839827,0,0.0,0.0,0.0,Normal
0,1,14,3,2715.6653638854305,1,0.0,8.637650188488802,0,0.0,0.0,0.0,Normal
0,1,8,9,2203.2528270773378,2,0.0,6.859299682028688,0,0.0,0.0,0.0,Normal
1,4,25,37,219948.60683458892,6,1.0,27.927936871310155,1,0.0,1.0,0.0,Lateral Movement
0,4,68,49,12577.180691275771,11,1.0,30.198048010245472,1,0.0,0.0,0.0,Lateral Movement
0,1,8,3,6227.242313476026,1,0.0,1.8074023844773062,0,0.0,0.0,0.0,Normal
0,1,14,7,9522.765237129877,1,0.0,5.634764064838947,0,0.0,0.0,0.0,Normal
0,1,7,8,1463.3337061974182,2,0.0,2.727676082108373,0,0.0,0.0,0.0,Normal
0,1,1,4,447.59567062970905,3,0.0,2.926761890523947,1,0.0,0.0,0.0,Normal
0,1,10,2,13032.53658873714,2,0.0,4.807529282770523,0,0.0,0.0,0.0,Normal
0,1,36,18,5023996.992665969,3,1.0,29.835866093187427,1,0.0,1.0,1.0,Data Exfiltration
0,1,8,5,4184.462591669315,2,0.0,7.132663540345939,0,0.0,0.0,0.0,Normal
0,1,13,6,5767.588418615454,2,0.0,6.19575776370773,0,0.0,0.0,0.0,Normal
0,1,11,8,2948.0698623992175,1,0.0,1.6047738829244182,0,0.0,0.0,0.0,Normal
9,1,75,35,2815.9573242477195,1,1.0,109.60518731038434,0,0.0,0.0,0.0,Brute Force
12,1,34,38,1595.698405257364,1,1.0,103.4627440377374,0,0.0,0.0,0.0,Brute Force
1,1,14,2,3084.0541873752395,2,0.0,3.4946322820715907,0,0.0,0.0,0.0,Normal
0,1,13,3,14578.248244081418,2,0.0,4.210939423779044,0,0.0,0.0,0.0,Normal
0,1,12,7,11367.43238166118,2,0.0,7.649175608644733,0,0.0,0.0,0.0,Normal
2,1,21,10,19260.029675100734,2,1.0,26.14464081090757,1,1.0,0.0,1.0,Privilege Escalation
1,1,9,3,5546.369046294277,1,0.0,5.225992425941797,1,0.0,0.0,0.0,Normal
0,1,23,10,12951.259027884287,1,1.0,26.61102814730408,0,1.0,1.0,1.0,Privilege Escalation
0,1,10,8,6920.419787990872,2,0.0,8.534072126184967,0,0.0,0.0,0.0,Normal
1,1,48,11,16419206.42714909,4,1.0,11.703214792047962,1,0.0,0.0,1.0,Data Exfiltration
0,1,13,1,3265.2220240974034,3,0.0,1.2416675863072808,1,0.0,0.0,0.0,Normal
0,2,4,3,2397.3221863126523,2,0.0,8.697073270096618,0,0.0,0.0,0.0,Normal
0,1,8,1,2788.0385481071353,3,0.0,7.275830862670564,0,0.0,0.0,0.0,Normal
0,1,3,5,833.9256930513394,3,0.0,5.981003487529291,0,0.0,0.0,0.0,Normal
1,2,53,18,373289.7242994142,10,1.0,38.692137597619215,1,0.0,1.0,0.0,Lateral Movement
2,4,42,30,35104.37270443806,4,1.0,43.50246708509522,1,1.0,1.0,0.0,Lateral Movement
1,1,35,32,122504628.94726565,1,1.0,20.254140076853496,0,0.0,1.0,1.0,Data Exfiltration
0,1,6,3,7654.018723309658,1,0.0,8.347331702020064,0,1.0,0.0,0.0,Normal
0,1,2,9,2700.8252329753373,3,0.0,3.24870499144751,0,0.0,0.0,0.0,Normal
0,1,4,6,3789.6108530199363,3,0.0,6.638916895729274,0,0.0,0.0,0.0,Normal
8,2,57,48,1628.8530906714573,1,1.0,80.42292520651506,1,0.0,0.0,0.0,Brute Force
20,1,34,16,2385.210766363064,2,0.0,92.88659165969541,1,0.0,1.0,0.0,Brute Force
0,1,2,6,6726.231098794509,3,0.0,2.657624153361638,0,0.0,0.0,0.0,Normal
29,2,61,26,3583.2315468088345,1,1.0,92.08044760260401,0,0.0,0.0,0.0,Brute Force
29,2,35,29,1360.4094390148987,1,0.0,36.73817664804072,1,0.0,0.0,0.0,Brute Force
9,1,96,49,3750.9609155668904,2,0.0,119.01867397112304,1,0.0,0.0,0.0,Brute Force
0,1,8,8,726.4460912901137,1,0.0,2.096552002190399,0,0.0,0.0,1.0,Normal
0,2,12,5,7701.4487758585565,2,0.0,27.793808916612193,0,1.0,0.0,0.0,Privilege Escalation
1,1,6,9,4917.52596243781,1,0.0,26.713211779868946,1,1.0,1.0,0.0,Privilege Escalation
1,1,1,9,226.0891683967474,2,0.0,5.161022916971021,0,0.0,0.0,0.0,Normal
0,1,3,3,783.9166680817816,2,0.0,1.989813121888754,0,0.0,0.0,0.0,Normal
2,1,10,9,4328.794112538643,3,0.0,8.379818272741932,0,0.0,0.0,0.0,Normal
0,1,9,5,4508.506713563349,3,0.0,8.501248915120435,0,0.0,0.0,0.0,Normal
1,1,6,6,16825.61297298359,1,0.0,8.449477730119073,0,0.0,0.0,0.0,Normal
0,1,11,6,11244.84726705227,1,0.0,15.341654712912044,1,1.0,1.0,0.0,Privilege Escalation
0,1,8,8,8999.014307452593,3,0.0,5.2336685752012855,0,0.0,0.0,0.0,Normal
28,1,74,11,1788.525813663813,1,1.0,92.53704718103876,1,0.0,0.0,0.0,Brute Force
3,5,66,15,206863.64849296634,9,0.0,29.02682489972819,1,1.0,1.0,1.0,Lateral Movement
2,1,32,11,57567889.50528503,2,1.0,38.05008256401227,1,1.0,0.0,1.0,Data Exfiltration
0,1,9,8,361.09498001551424,2,0.0,2.365058264890282,0,0.0,0.0,0.0,Normal
0,1,2,4,1764.2521159820362,3,0.0,8.749495820958323,0,0.0,0.0,0.0,Normal
0,1,1,2,7652.117511981473,1,0.0,6.572434354481808,0,0.0,0.0,0.0,Normal
0,1,1,1,3795.961634124127,1,0.0,7.6974918623344815,0,0.0,0.0,0.0,Normal
1,1,3,1,1584.1455422600216,2,0.0,6.275986403745207,0,0.0,0.0,0.0,Normal
0,1,2,2,12380.393422189632,3,0.0,8.976984924226292,0,0.0,0.0,0.0,Normal
6,1,5,5,10219.39001173121,2,1.0,18.744191822207927,1,1.0,1.0,1.0,Privilege Escalation
7,1,37,56,2946.730694699397,2,1.0,99.68621613430442,1,0.0,1.0,0.0,Brute Force
1,1,5,3,855.5642529663421,2,0.0,4.036732378177907,0,0.0,0.0,0.0,Normal
0,1,48,33,83632201.92334147,2,1.0,49.91237822331794,0,0.0,1.0,1.0,Data Exfiltration
2,3,23,17,356964.85483787063,8,0.0,45.001964216139214,0,0.0,1.0,0.0,Lateral Movement
0,1,4,7,357.4118471139058,1,0.0,7.063665168192003,0,0.0,0.0,0.0,Normal
26,3,20,55,1386.997866969889,2,1.0,103.70786862149399,0,0.0,1.0,0.0,Brute Force
2,1,59,22,103076591.88591668,2,0.0,13.468660337725584,1,0.0,0.0,1.0,Data Exfiltration
1,1,3,9,10897.711764538335,2,0.0,8.993748032633434,0,0.0,0.0,0.0,Normal
1,1,8,7,5102.941349608409,2,0.0,3.215686217151277,0,0.0,0.0,0.0,Normal
3,1,6,2,9.668914224489475,3,0.0,7.566456583754775,0,0.0,0.0,0.0,Normal
1,1,9,3,723.9603749449827,3,0.0,1.2517470754782307,0,0.0,0.0,0.0,Normal
34,1,93,28,2325.400614688636,1,1.0,85.00390412036705,1,0.0,1.0,0.0,Brute Force
0,1,13,4,1732.956537732156,3,0.0,9.568695969508918,0,0.0,0.0,0.0,Normal
1,1,3,9,3777.913978584202,2,0.0,7.22961760189368,1,0.0,0.0,0.0,Normal
44,2,46,16,2572.700630029799,1,0.0,38.472578460271976,1,0.0,0.0,0.0,Brute Force
4,2,50,26,425308.44766513363,7,1.0,52.29138385020281,0,1.0,1.0,0.0,Lateral Movement
0,1,24,12,13641.291700647163,2,0.0,22.23192010991641,1,1.0,0.0,0.0,Privilege Escalation
0,1,3,4,49.54833650226206,2,0.0,3.6273697396576603,0,0.0,0.0,0.0,Normal
12,2,24,56,3541.9059534884377,2,1.0,33.77762114486134,0,0.0,0.0,0.0,Brute Force
0,1,3,5,17277.94195970656,3,0.0,6.147508261663018,0,0.0,0.0,0.0,Normal
13,1,61,14,3310.0713826144215,2,0.0,111.88658773776767,1,0.0,0.0,0.0,Brute Force
2,5,66,29,421866.96928688255,5,1.0,59.62487837452696,1,1.0,0.0,0.0,Lateral Movement
0,1,5,5,2003.222214953627,2,0.0,7.634124693077297,0,0.0,0.0,0.0,Normal
0,1,5,8,10985.915224765971,2,0.0,9.544026776724317,1,0.0,0.0,1.0,Normal
20,1,89,32,2025.8599619506745,1,0.0,44.41075925124477,1,0.0,1.0,0.0,Brute Force
0,1,1,6,8753.947152200644,1,0.0,7.461229615504644,0,0.0,0.0,0.0,Normal
8,1,60,56,2387.052031790973,1,0.0,105.87316481746412,1,0.0,0.0,0.0,Brute Force
0,1,6,2,3156.615361063526,3,0.0,1.068861210950962,0,0.0,0.0,0.0,Normal
0,1,5,7,852.217677708841,2,0.0,7.144773196059633,0,0.0,0.0,0.0,Normal
0,1,7,6,1752.0383007372698,1,0.0,5.485343009058274,0,0.0,0.0,0.0,Normal
2,1,40,37,82103631.25019778,4,1.0,33.41955038335217,1,0.0,1.0,1.0,Data Exfiltration
0,1,3,6,7840.88238584216,3,0.0,6.021930834041072,0,0.0,0.0,0.0,Normal
0,1,6,5,1039.600562448815,1,0.0,2.6773244993455414,0,0.0,0.0,0.0,Normal
1,1,19,5,7638.895387653339,2,0.0,25.317150184093787,1,1.0,1.0,1.0,Privilege Escalation
0,1,20,6,4217.908810279631,2,1.0,6.229966666121935,1,1.0,1.0,1.0,Privilege Escalation
7,1,61,59,3059.976815765015,1,1.0,81.26018982101294,0,0.0,0.0,0.0,Brute Force
0,1,11,6,193.38353302526326,2,0.0,1.2078970608182242,0,0.0,0.0,0.0,Normal
0,1,2,8,4513.789835276357,2,0.0,2.617722112044327,0,0.0,0.0,1.0,Normal
0,1,9,3,21089.34120347024,2,0.0,4.447565309210207,0,0.0,0.0,0.0,Normal
0,1,11,4,10557.064860081964,3,0.0,8.384494403478149,0,0.0,0.0,0.0,Normal
2,1,12,6,17895.602818092255,1,0.0,28.838560904431276,1,1.0,0.0,0.0,Privilege Escalation
0,1,6,5,10836.943381910412,2,0.0,7.914004042028334,0,0.0,0.0,0.0,Normal
39,1,46,46,1697.7920812454365,1,0.0,42.967664494631634,1,0.0,1.0,0.0,Brute Force
0,1,7,6,35014.550239526,1,0.0,4.541434040067488,0,0.0,0.0,0.0,Normal
0,1,26,23,35548208.35885108,3,1.0,24.842301183092417,0,0.0,0.0,1.0,Data Exfiltration
0,1,8,4,1024.480406825026,1,0.0,5.742875964937852,0,0.0,0.0,0.0,Normal
0,1,5,3,11420.984517185803,3,0.0,3.6009183874774724,0,0.0,0.0,0.0,Normal
0,1,12,9,2154.213830847579,3,0.0,1.9889377276168094,0,0.0,0.0,0.0,Normal
0,1,6,1,13477.529537234777,1,0.0,3.025824981352122,0,0.0,0.0,0.0,Normal
0,1,14,1,4333.432634632969,2,0.0,1.9001114232090122,0,0.0,0.0,0.0,Normal
0,2,13,2,2787.9118029169836,1,0.0,5.09529357209795,0,0.0,0.0,0.0,Normal
38,1,50,39,581.1794914939496,1,1.0,83.79151522803805,0,0.0,0.0,0.0,Brute Force
0,1,8,5,3968.281690264506,1,0.0,2.9484298944880294,0,0.0,0.0,0.0,Normal
0,1,5,7,14996.76518487265,1,0.0,9.75958344945264,0,0.0,0.0,0.0,Normal
2,1,13,10,8879.958189066116,1,0.0,22.369715905776612,1,1.0,1.0,0.0,Privilege Escalation
0,1,5,1,7294.235668626088,3,0.0,3.5210143207590883,0,0.0,0.0,0.0,Normal
41,1,56,28,3467.279780598058,1,0.0,73.8339869522967,0,0.0,0.0,0.0,Brute Force
0,1,7,7,117.81253914011297,1,0.0,2.2854545129508947,0,0.0,0.0,0.0,Normal
0,1,13,7,1975.002201122998,2,0.0,9.24728596068156,0,0.0,0.0,0.0,Normal
0,1,12,5,5674.277203187753,2,0.0,4.805041065090435,0,0.0,0.0,0.0,Normal
0,1,8,6,837.7417266069234,2,0.0,1.6160162943614769,1,0.0,0.0,0.0,Normal
0,1,10,9,12719.05760642433,1,0.0,9.539170413027936,0,0.0,0.0,0.0,Normal
2,1,1,3,1833.627718213392,3,0.0,7.679996519717894,0,0.0,0.0,0.0,Normal
0,1,11,5,9709.477968033487,3,0.0,8.790738285533592,0,0.0,0.0,0.0,Normal
1,1,11,14,15962.637636094916,1,0.0,11.068827412994013,0,1.0,0.0,0.0,Privilege Escalation
1,1,5,9,2292.645257537977,2,0.0,9.55880591179384,1,0.0,0.0,0.0,Normal
0,1,3,9,15252.571717277078,3,0.0,8.196355719478383,0,0.0,0.0,0.0,Normal
0,1,9,8,2749.8785824437027,2,0.0,6.8994066117970085,0,0.0,0.0,1.0,Normal
1,1,2,7,418.73917653200897,1,0.0,1.158332391945234,0,0.0,0.0,0.0,Normal
0,1,1,6,4225.177784990172,3,0.0,4.126003891579571,1,0.0,0.0,0.0,Normal
0,2,2,4,10336.504533939637,3,0.0,8.724517505703595,1,0.0,0.0,0.0,Normal
0,1,4,8,4802.402842167899,1,0.0,4.79783949495914,0,0.0,0.0,0.0,Normal
0,1,8,5,5548.674172360494,3,0.0,2.2673729632041564,0,0.0,0.0,0.0,Normal
0,1,3,8,23299.137812176767,2,0.0,5.72040268832371,0,0.0,0.0,0.0,Normal
1,3,24,36,45858.54909241108,7,0.0,25.56333378073525,0,1.0,1.0,0.0,Lateral Movement
42,1,69,56,2584.3179345745198,1,0.0,100.50919222499138,0,0.0,0.0,0.0,Brute Force
1,5,24,19,280039.3314426358,6,1.0,36.51138490986637,1,0.0,1.0,0.0,Lateral Movement
1,1,14,4,4112.997253798626,3,0.0,6.557109223579844,1,0.0,0.0,0.0,Normal
1,5,31,38,87963.70718659517,5,0.0,30.221945124454386,0,1.0,1.0,0.0,Lateral Movement
0,2,2,6,2103.5583635904068,1,0.0,9.061691006118814,0,0.0,0.0,0.0,Normal
0,2,9,8,17407.79942707121,2,0.0,4.361217147847441,0,0.0,0.0,0.0,Normal
1,4,30,22,406986.41434905765,9,1.0,18.085977683120593,0,0.0,1.0,0.0,Lateral Movement
1,1,43,10,24804738.756686367,1,0.0,36.51833465785021,1,0.0,1.0,1.0,Data Exfiltration
0,1,12,6,7197.829923111701,3,0.0,4.967929878567221,0,1.0,0.0,0.0,Normal
0,1,13,11,8168.626815083997,2,1.0,22.74430693959731,0,1.0,1.0,0.0,Privilege Escalation
0,1,6,7,664.8306441706986,3,0.0,8.597264140229274,0,0.0,0.0,0.0,Normal
0,1,4,6,3213.793134556665,3,0.0,9.107693469794151,0,0.0,0.0,0.0,Normal
0,2,6,2,2406.2003690411348,1,0.0,2.0288986462766276,0,0.0,0.0,0.0,Normal
0,1,8,4,2175.840418146171,3,0.0,3.938472527647586,0,0.0,0.0,0.0,Normal
0,1,2,6,1421.812133355402,2,0.0,6.672362752756726,0,0.0,0.0,1.0,Normal
0,1,13,1,87.92123068141578,3,0.0,1.1357922718962543,0,0.0,0.0,0.0,Normal
0,1,10,3,14077.221691714754,3,0.0,2.706828670175829,0,0.0,0.0,0.0,Normal
16,2,91,30,3857.87764355337,1,0.0,79.70479073223709,0,0.0,0.0,0.0,Brute Force
0,1,7,1,443.99124847507966,1,0.0,5.021339215773289,0,0.0,0.0,0.0,Normal
0,1,9,1,11246.323027030185,2,0.0,2.6162310565821714,0,0.0,0.0,0.0,Normal
0,1,13,8,4525.258221817529,3,0.0,9.333923805278697,0,0.0,0.0,0.0,Normal
1,3,23,45,394591.15711771674,11,0.0,59.85058826191994,1,1.0,1.0,0.0,Lateral Movement
0,5,47,31,470998.42162048176,5,1.0,47.5559412552091,1,1.0,1.0,0.0,Lateral Movement
0,1,12,8,12926.973781182971,3,0.0,3.309641235237051,0,0.0,0.0,0.0,Normal
5,3,74,13,1440.140739686613,1,1.0,66.51355985772298,1,0.0,0.0,0.0,Brute Force
1,1,53,24,25347785.201055195,1,0.0,43.289951985141045,0,0.0,1.0,1.0,Data Exfiltration
0,1,2,4,2982.4612714886534,2,0.0,9.273288218736804,0,0.0,0.0,0.0,Normal
42,2,95,57,3774.3244991254105,1,0.0,77.52964133775497,0,0.0,0.0,0.0,Brute Force
0,1,31,34,19293661.917913347,4,1.0,15.730110297761119,0,0.0,0.0,1.0,Data Exfiltration
0,1,12,3,7711.248429210551,1,0.0,9.182593134375052,0,0.0,0.0,0.0,Normal
0,1,9,9,4853.736497065559,2,0.0,3.2134349282756416,0,0.0,0.0,1.0,Normal
0,1,13,8,13861.739611296345,2,0.0,18.515933665282,0,1.0,1.0,0.0,Privilege Escalation
0,1,6,4,6284.3536879891135,2,0.0,6.867213460596568,0,0.0,0.0,0.0,Normal
0,1,5,4,7287.193591488035,3,0.0,2.782978432044168,0,0.0,0.0,0.0,Normal
0,2,7,4,1713.1013401297373,3,0.0,4.117542112450981,0,0.0,0.0,0.0,Normal
0,1,12,6,7420.114211967566,1,0.0,6.318595593464263,0,0.0,0.0,0.0,Normal
0,1,27,11,106302805.53074072,4,0.0,28.29922128595065,1,0.0,1.0,1.0,Data Exfiltration
0,1,1,9,2706.4092054643124,1,0.0,5.787753927552575,0,0.0,0.0,0.0,Normal
15,1,93,51,3255.9900876836414,1,1.0,76.23706300324154,0,0.0,0.0,0.0,Brute Force
1,1,10,2,14896.392423839337,2,0.0,7.645191424374545,0,0.0,0.0,1.0,Normal
0,1,13,1,10819.306311902286,3,0.0,8.492609516741133,0,0.0,0.0,0.0,Normal
0,1,11,4,425.0123118305377,3,0.0,4.74339373329179,0,0.0,0.0,0.0,Normal
7,1,37,19,1270.139733491174,1,1.0,57.42856211040301,1,0.0,0.0,0.0,Brute Force
21,1,76,36,2421.4392715870426,1,1.0,61.15628328687318,0,0.0,0.0,0.0,Brute Force
0,1,47,10,113071954.02980156,3,0.0,49.00562422719273,0,1.0,0.0,1.0,Data Exfiltration
48,2,25,33,3566.505224866451,1,0.0,118.03846834199251,1,0.0,0.0,0.0,Brute Force
0,2,2,6,1544.8651028556653,2,0.0,6.57244022196434,0,0.0,0.0,0.0,Normal
0,2,2,3,10160.93495507646,2,0.0,2.578701624898699,0,0.0,0.0,0.0,Normal
0,1,9,7,13211.594614006439,2,0.0,7.338622621434817,0,0.0,0.0,1.0,Normal
0,1,2,6,4186.011287915613,1,0.0,8.714778285020987,0,0.0,0.0,0.0,Normal
0,1,10,3,3869.3202600678783,1,0.0,2.254630978103542,0,0.0,0.0,0.0,Normal
0,1,12,1,173.45257888841587,2,0.0,3.8170829727720395,0,0.0,0.0,0.0,Normal
0,1,12,9,9736.028763611337,1,0.0,9.337324033892614,0,0.0,0.0,0.0,Normal
0,1,14,4,15602.134740419313,1,0.0,8.82074948557602,0,0.0,0.0,0.0,Normal
10,1,82,57,2869.352781479294,1,0.0,43.389868156252476,0,0.0,1.0,0.0,Brute Force
0,2,14,6,7831.477079147237,2,0.0,2.226495743823851,1,0.0,0.0,0.0,Normal
1,1,10,4,4555.638252982851,3,0.0,5.221926774563409,0,0.0,0.0,0.0,Normal
1,2,52,19,162373.8181337402,10,1.0,45.114882261690624,1,0.0,1.0,0.0,Lateral Movement
1,1,20,23,113089638.00286216,3,0.0,33.82466443368483,1,0.0,0.0,1.0,Data Exfiltration
1,1,13,9,2162.3838558022485,2,1.0,22.58362489862865,0,1.0,0.0,0.0,Privilege Escalation
0,1,8,2,3529.859542323448,2,0.0,4.930359271205431,1,0.0,0.0,0.0,Normal
22,1,40,29,691.065969679188,1,0.0,83.37134633450573,1,0.0,0.0,0.0,Brute Force
1,1,12,4,2621.171290852531,2,0.0,7.195792116188493,0,0.0,0.0,0.0,Normal
3,1,29,34,44795233.77337357,3,0.0,32.552911209441206,1,0.0,1.0,1.0,Data Exfiltration
0,1,4,1,2817.275880477772,1,0.0,3.09577590811757,0,0.0,0.0,0.0,Normal
0,1,7,7,6871.996930319242,3,0.0,8.233846253924318,0,0.0,0.0,0.0,Normal
2,5,20,31,48398.227599322854,6,0.0,49.072894711883116,1,0.0,1.0,0.0,Lateral Movement
5,2,28,53,2023.1898207231823,1,0.0,89.08484813209986,1,0.0,0.0,0.0,Brute Force
21,1,47,59,1631.3175197374899,2,0.0,69.61346682113627,1,0.0,0.0,0.0,Brute Force
0,1,2,2,8913.724664211986,1,0.0,2.6364429661703634,0,0.0,0.0,0.0,Normal
0,1,9,6,2238.210428987995,2,0.0,9.872235304512294,0,0.0,0.0,0.0,Normal
0,1,6,9,220.42713227166774,3,0.0,4.194694278875396,0,1.0,0.0,0.0,Normal
22,1,67,33,1612.2103125934193,2,1.0,57.701388596272324,1,0.0,1.0,0.0,Brute Force
0,1,36,12,26291169.850601003,1,1.0,33.906686108361434,1,0.0,1.0,1.0,Data Exfiltration
1,1,13,5,1915.939491289378,3,0.0,3.664570867373756,0,0.0,0.0,0.0,Normal
2,3,24,40,486910.3613501278,5,1.0,35.95232026323367,1,1.0,1.0,0.0,Lateral Movement
1,1,3,5,6139.553143621971,3,0.0,9.452762754710514,0,0.0,0.0,0.0,Normal
0,1,1,4,13448.770411956777,3,0.0,3.176375340885236,0,0.0,0.0,0.0,Normal
0,1,1,9,1129.9704329781443,2,0.0,8.132386799493815,0,0.0,0.0,0.0,Normal
2,1,25,11,45120389.805984795,1,1.0,33.181128170273695,1,0.0,0.0,1.0,Data Exfiltration
16,2,68,56,3743.322457880644,1,1.0,51.168965179087465,1,0.0,0.0,0.0,Brute Force
0,1,7,7,1637.4207005451105,3,0.0,3.9291949022197814,0,0.0,0.0,0.0,Normal
0,1,1,6,7809.062986979566,2,0.0,9.881755322771946,0,0.0,0.0,0.0,Normal
0,2,3,7,6241.658630182257,2,0.0,4.475192048444451,0,0.0,0.0,0.0,Normal
2,1,5,4,14046.060359933457,2,1.0,13.183082596096316,0,1.0,0.0,1.0,Privilege Escalation
0,1,8,5,163.4697004330323,1,0.0,5.124221577408626,0,0.0,0.0,0.0,Normal
1,1,7,4,3387.1387687616616,3,0.0,4.27293202898446,0,0.0,0.0,0.0,Normal
0,1,9,5,745.068186315005,2,0.0,3.4180754127840967,0,0.0,0.0,0.0,Normal
0,1,10,1,1459.4688158449303,2,0.0,3.4199480105140094,0,0.0,0.0,0.0,Normal
0,1,14,8,39586.64084229508,2,0.0,6.897934642443873,0,0.0,0.0,0.0,Normal
0,1,6,3,2653.3370424099926,3,0.0,8.753004411092093,0,0.0,0.0,0.0,Normal
22,2,48,40,2111.8781764294145,1,1.0,117.47889139122853,1,0.0,0.0,0.0,Brute Force
0,2,43,26,58104445.99572086,1,0.0,35.43505235097407,1,1.0,1.0,1.0,Data Exfiltration
0,1,9,5,4015.1715833911935,3,0.0,2.2998152395879887,0,0.0,0.0,0.0,Normal
1,1,14,8,952.1070460930005,2,0.0,8.882378578463735,0,0.0,0.0,0.0,Normal
0,1,3,3,7721.738413633402,1,0.0,5.432786029086938,0,0.0,0.0,0.0,Normal
1,2,20,7,8293.713022250151,2,0.0,14.989995394815685,1,1.0,1.0,1.0,Privilege Escalation
0,1,7,8,97.53721236267057,2,0.0,2.67869646790189,0,0.0,0.0,0.0,Normal
1,1,2,5,16397.129344599416,2,0.0,7.521497417288047,0,0.0,0.0,0.0,Normal
0,5,60,23,112077.28881106623,11,1.0,41.17786111942188,1,0.0,1.0,1.0,Lateral Movement
43,1,31,12,1326.8102335846074,1,1.0,76.68627922100949,0,0.0,0.0,0.0,Brute Force
0,1,19,13,9585.893232369388,1,1.0,13.801140193125603,1,1.0,0.0,1.0,Privilege Escalation
1,1,55,39,134497577.25519615,2,0.0,43.07449263666405,1,0.0,0.0,1.0,Data Exfiltration
0,1,12,8,6621.376629859021,1,0.0,3.6250637464917697,0,0.0,0.0,0.0,Normal
2,1,4,8,4977.458411448288,2,0.0,5.798262372495814,0,0.0,0.0,0.0,Normal
0,1,14,2,6261.125453925287,1,0.0,4.637729207680126,0,0.0,0.0,1.0,Normal
0,1,10,6,6142.487432305414,1,0.0,4.760130994284305,0,0.0,0.0,0.0,Normal
0,1,5,1,6916.221697889709,2,0.0,7.388468130538583,0,0.0,0.0,0.0,Normal
0,2,14,5,94.8149624853952,2,0.0,7.2590781104963975,0,0.0,0.0,0.0,Normal
0,1,13,3,324.6971787427418,1,0.0,5.752304945234444,0,0.0,0.0,0.0,Normal
4,1,17,13,11382.485426053961,2,1.0,25.86870324980347,1,1.0,1.0,0.0,Privilege Escalation
0,3,20,28,49409.82219642763,8,0.0,30.296045959532677,1,1.0,1.0,1.0,Lateral Movement
0,1,4,3,2491.561617980064,3,0.0,7.560223798942708,0,0.0,0.0,0.0,Normal
0,1,7,8,549.1438298777607,3,0.0,7.039811570463269,1,0.0,0.0,0.0,Normal
0,1,1,9,19340.842688076944,3,0.0,5.342248206910589,0,0.0,0.0,0.0,Normal
3,1,12,7,1075.5258122667105,2,0.0,2.6933351369190004,0,0.0,0.0,1.0,Normal
1,2,39,17,72075988.95044814,1,0.0,17.584766447916664,1,0.0,1.0,1.0,Data Exfiltration
2,1,18,9,4202.827063008783,2,1.0,18.170073946921143,1,1.0,1.0,0.0,Privilege Escalation
